source;source_id;source_url;perusahaan_source_id;perusahaan_nama;perusahaan_id;judul;deskripsi;lokasi;kuota;status;tgl_buka;tgl_tutup;syarat;kontak_email;scraped_at
maganghub;a235cbc6-cb42-43bc-b8dd-2a97a143a1fa;https://maganghub.kemnaker.go.id/magang-nasional/lowongan/sales-generalis-a235cbc6-cb42-43bc-b8dd-2a97a143a1fa;27f0e322-7473-4da0-984d-314c1570528d;Perusahaan Perseroan (Persero) Bank Negara Indonesia;maganghub-27f0e322-7473-4da0-984d-314c1570528d;Sales Generalis;1)        Mempelajari manajemen pipeline sesuai dengan produk dan layanan BNI. | 2)        Mempelajari aktivitas penjualan harian seperti morning briefing, sales clinic, atau event pemasaran cabang. | 3)        Mempelajari marketing management serta menyusun laporan sederhana terkait pencapaian kinerja harian.;Kab. Parigi Moutong;1;Aktif;14/07/2026;28/07/2026;Program studi: Akuntansi Keuangan, Keuangan Dan Perbankan, Ekonomi, Ilmu Komunikasi, Manajemen Keuangan Perbankan | Tingkat pendidikan: Sarjana;gcg@bni.co.id;2026-08-11T06:22:28Z
maganghub;a235cd1e-7a77-403b-a610-1ec083fc5a6c;https://maganghub.kemnaker.go.id/magang-nasional/lowongan/sales-generalis-a235cd1e-7a77-403b-a610-1ec083fc5a6c;27f0e322-7473-4da0-984d-314c1570528d;Perusahaan Perseroan (Persero) Bank Negara Indonesia;maganghub-27f0e322-7473-4da0-984d-314c1570528d;Sales Generalis;1)        Mempelajari manajemen pipeline sesuai dengan produk dan layanan BNI. | 2)        Mempelajari aktivitas penjualan harian seperti morning briefing, sales clinic, atau event pemasaran cabang. | 3)        Mempelajari marketing management serta menyusun laporan sederhana terkait pencapaian kinerja harian.;Kab. Parigi Moutong;1;Aktif;14/07/2026;28/07/2026;Program studi: Keuangan dan Perbankan, Komunikasi, Ilmu Komunikasi, Akuntansi, Ekonomi, Keuangan dan Perbankan | Tingkat pendidikan: Sarjana;gcg@bni.co.id;2026-08-11T06:22:30Z
maganghub;a235d0a7-91e5-45d8-b1c9-b839826d1c15;https://maganghub.kemnaker.go.id/magang-nasional/lowongan/sales-generalis-a235d0a7-91e5-45d8-b1c9-b839826d1c15;27f0e322-7473-4da0-984d-314c1570528d;Perusahaan Perseroan (Persero) Bank Negara Indonesia;maganghub-27f0e322-7473-4da0-984d-314c1570528d;Sales Generalis;1)        Mempelajari manajemen pipeline sesuai dengan produk dan layanan BNI. | 2)        Mempelajari aktivitas penjualan harian seperti morning briefing, sales clinic, atau event pemasaran cabang. | 3)        Mempelajari marketing management serta menyusun laporan sederhana terkait pencapaian kinerja harian.;Kab. Parigi Moutong;1;Aktif;14/07/2026;28/07/2026;Program studi: Komunikasi, Akuntansi Keuangan, Manajemen Komunikasi, Ekonomi, Manajemen Keuangan Perbankan | Tingkat pendidikan: Sarjana;gcg@bni.co.id;2026-08-11T06:22:32Z
maganghub;a235cf2f-9027-428d-9128-fa5c5528f4d7;https://maganghub.kemnaker.go.id/magang-nasional/lowongan/sales-generalis-a235cf2f-9027-428d-9128-fa5c5528f4d7;27f0e322-7473-4da0-984d-314c1570528d;Perusahaan Perseroan (Persero) Bank Negara Indonesia;maganghub-27f0e322-7473-4da0-984d-314c1570528d;Sales Generalis;1)        Mempelajari manajemen pipeline sesuai dengan produk dan layanan BNI. | 2)        Mempelajari aktivitas penjualan harian seperti morning briefing, sales clinic, atau event pemasaran cabang. | 3)        Mempelajari marketing management serta menyusun laporan sederhana terkait pencapaian kinerja harian.;Kab. Parigi Moutong;1;Aktif;14/07/2026;28/07/2026;Program studi: Komunikasi, Ilmu Ekonomi, Ekonomi, Perbankan dan Keuangan, Ekonomi, Keuangan dan Perbankan | Tingkat pendidikan: Sarjana;gcg@bni.co.id;2026-08-11T06:22:33Z
maganghub;a235cc9c-16b5-4634-9938-34dd47886f69;https://maganghub.kemnaker.go.id/magang-nasional/lowongan/sales-generalis-a235cc9c-16b5-4634-9938-34dd47886f69;27f0e322-7473-4da0-984d-314c1570528d;Perusahaan Perseroan (Persero) Bank Negara Indonesia;maganghub-27f0e322-7473-4da0-984d-314c1570528d;Sales Generalis;1)        Mempelajari manajemen pipeline sesuai dengan produk dan layanan BNI. | 2)        Mempelajari aktivitas penjualan harian seperti morning briefing, sales clinic, atau event pemasaran cabang. | 3)        Mempelajari marketing management serta menyusun laporan sederhana terkait pencapaian kinerja harian.;Kab. Parigi Moutong;1;Aktif;14/07/2026;28/07/2026;Program studi: Komunikasi, Ekonomi, Perbankan dan Keuangan, Administrasi Keuangan Dan Perbankan, Akuntansi | Tingkat pendidikan: Sarjana;gcg@bni.co.id;2026-08-11T06:22:36Z
maganghub;a236eac7-ede5-4fe9-a9e0-1f0d476a2440;https://maganghub.kemnaker.go.id/magang-nasional/lowongan/bni-digital-asisstant-bda-a236eac7-ede5-4fe9-a9e0-1f0d476a2440;4a29722b-9d28-4a22-a923-90c9508e81f4;Perusahaan Perseroan (Persero) Bank Negara Indonesia;maganghub-4a29722b-9d28-4a22-a923-90c9508e81f4;BNI Digital Asisstant (BDA);1)        Mempelajari customer & channel management al. terkait penggunaan layanan dan aplikasi digital BNI (mis: wondr & channel digital lainnya). | 2)        Mempelajari aktivitas pendampingan nasabah dalam melakukan transaksi digital sederhana serta memberikan panduan penggunaan fitur digital secara langsung. | 3)        Mempelajari kegiatan promosi atau digital campaign di cabang melalui aktivitas trial experience, sosialisasi, dan pembuatan laporan hasil kegiatan.;Kota Solok;1;Aktif;14/07/2026;28/07/2026;Program studi: Komunikasi, Administrasi, Pendidikan Komputer, Pemasaran Digital, Perbankan Dan Keuangan Digital | Tingkat pendidikan: Diploma, Sarjana;bnicabangsolok@gmail.com;2026-08-11T06:22:38Z
maganghub;a234d926-e898-4ed9-9936-928bbf727b6e;https://maganghub.kemnaker.go.id/magang-nasional/lowongan/bni-digital-assistant-bda-a234d926-e898-4ed9-9936-928bbf727b6e;c7ffad20-b754-43d4-aea7-f80ab9d6a749;Perusahaan Perseroan (Persero) Bank Negara Indonesia;maganghub-c7ffad20-b754-43d4-aea7-f80ab9d6a749;BNI Digital Assistant (BDA);1) mempelajari customer & channel management al. terkait penggunaan layanan dan aplikasi digital BNI (mis: wondr by BNI, channel digital lainnya). 2) mempelajari aktivitas pendampingan nasabah dalam melakukan transaksi digital sederhana serta memberikan panduan penggunaan fitur digital secara langsung. 3) mempelajari kegiatan promosi atau digital campaign di cabang melalui aktivitas trial experience, sosialisasi, dan pembuatan laporan hasil kegiatan.;Kab. Sintang;1;Aktif;14/07/2026;28/07/2026;Program studi: Manajemen Komunikasi, Ilmu Komunikasi, Ekonomi, Keuangan dan Perbankan | Tingkat pendidikan: Sarjana;gcg@bni.co.id;2026-08-11T06:22:40Z
maganghub;a235c8c6-9cb5-4b1f-a55e-c596b4589fa9;https://maganghub.kemnaker.go.id/magang-nasional/lowongan/bni-digital-asisstant-bda-a235c8c6-9cb5-4b1f-a55e-c596b4589fa9;27f0e322-7473-4da0-984d-314c1570528d;Perusahaan Perseroan (Persero) Bank Negara Indonesia;maganghub-27f0e322-7473-4da0-984d-314c1570528d;BNI Digital Asisstant (BDA);1)        Mempelajari customer & channel management al. terkait penggunaan layanan dan aplikasi digital BNI (mis: wondr & channel digital lainnya). | 2)        Mempelajari aktivitas pendampingan nasabah dalam melakukan transaksi digital sederhana serta memberikan panduan penggunaan fitur digital secara langsung. | 3)        Mempelajari kegiatan promosi atau digital campaign di cabang melalui aktivitas trial experience, sosialisasi, dan pembuatan laporan hasil kegiatan.;Kab. Parigi Moutong;1;Aktif;14/07/2026;28/07/2026;Program studi: Akuntansi Bisnis Digital, Keuangan Dan Perbankan, Pemasaran Digital, Jaringan Telekomunikasi Digital, Perbankan Dan Keuangan Digital | Tingkat pendidikan: Sarjana;gcg@bni.co.id;2026-08-11T06:22:42Z
maganghub;a234dbb8-3ea6-4d25-9604-8a7006c51774;https://maganghub.kemnaker.go.id/magang-nasional/lowongan/administrasi-sales-a234dbb8-3ea6-4d25-9604-8a7006c51774;c7ffad20-b754-43d4-aea7-f80ab9d6a749;Perusahaan Perseroan (Persero) Bank Negara Indonesia;maganghub-c7ffad20-b754-43d4-aea7-f80ab9d6a749;Administrasi Sales;1) mempelajari pengelolaan data, dokumen kegiatan penjualan produk, & jasa BNI. 2) mempelajari pembuatan laporan kinerja dan kegiatan promosi cabang. 3) mempelajari aktivitas tim sales dalam kegiatan administrasi, surat menyurat, dan persiapan event.;Kab. Sintang;1;Aktif;14/07/2026;28/07/2026;Program studi: Administrasi, Administrasi Publik, Administrasi Bisnis Terapan, Administrasi Bisnis, Administrasi Perkantoran | Tingkat pendidikan: Sarjana;gcg@bni.co.id;2026-08-11T06:22:43Z
maganghub;a241ae50-e687-4d24-b92e-12e02617eb2d;https://maganghub.kemnaker.go.id/magang-nasional/lowongan/inventory-a241ae50-e687-4d24-b92e-12e02617eb2d;376d24ac-c31a-4b15-9bb6-a47ceedcc12f;Changhong Electric Indonesia;maganghub-376d24ac-c31a-4b15-9bb6-a47ceedcc12f;Inventory;Job Description: | 1.Membantu penerimaan dan pengecekan aktual kedatangan barang. | 2. Membantu penginputan data masuk/keluar kedatangan impor & lokal serta mengarsipkan dokumen fisik sesuai surat jalan. | 3. Membantu stock opname aset. | 4. Mengelola permintaan barang kebutuhan produksi. | 5. Membantu penempatan dan merapihkan kedatangan barang impor.;Kota Adm. Jakarta Pusat;1;Aktif;14/07/2026;28/07/2026;Program studi: Sistem Informasi Bisnis, Manajemen, Teknik Industri, Teknik Manufaktur, Teknik Logistik | Tingkat pendidikan: Diploma, Sarjana;indonesia.changhong.electric@gmail.com;2026-08-11T06:22:46Z
maganghub;a241ac46-2cdd-446e-9614-01d69c354bd9;https://maganghub.kemnaker.go.id/magang-nasional/lowongan/quality-assurance-a241ac46-2cdd-446e-9614-01d69c354bd9;376d24ac-c31a-4b15-9bb6-a47ceedcc12f;Changhong Electric Indonesia;maganghub-376d24ac-c31a-4b15-9bb6-a47ceedcc12f;Quality Assurance;Job Description: | 1. Menyusun dan menganalisis laporan NG dari konsumen dan data dari tim Service (trend NG). | 2. Menerima permintaan pembuatan, perubahan, atau penghapusan dokumen. | 3. Melakukan pengecekan format dan kelengkapan dokumen sebelum diterbitkan. | 4. Mengendalikan dokumen eksternal (standar SNI, ISO, IEC, regulasi pemerintah, customer requirement, dll.). | 5. Membantu persiapan audit internal dan eksternal.;Kota Adm. Jakarta Pusat;1;Aktif;14/07/2026;28/07/2026;Program studi: Teknik Mesin, Teknik Industri, Teknik Manufaktur, Teknik Elektronika, Administrasi Perkantoran | Tingkat pendidikan: Diploma, Sarjana;indonesia.changhong.electric@gmail.com;2026-08-11T06:22:48Z
maganghub;a241aa56-f374-4db2-9e89-2554163f4281;https://maganghub.kemnaker.go.id/magang-nasional/lowongan/human-resource-a241aa56-f374-4db2-9e89-2554163f4281;376d24ac-c31a-4b15-9bb6-a47ceedcc12f;Changhong Electric Indonesia;maganghub-376d24ac-c31a-4b15-9bb6-a47ceedcc12f;Human Resource;Job Description: | - Membantu proses administrasi Human Resources, termasuk pengelolaan dokumen karyawan. | - Mengelola serta memperbarui database karyawan dan dokumen HR. | - Menyiapkan laporan dan rekap data HR sesuai kebutuhan. | - Mendukung aktivitas operasional HR lainnya sesuai arahan Manager;Kota Adm. Jakarta Pusat;1;Aktif;14/07/2026;28/07/2026;Program studi: Manajemen Sumber Daya Manusia, Teknik lndustri, Manajemen, Psikologi, Ilmu Hukum | Tingkat pendidikan: Diploma, Sarjana;indonesia.changhong.electric@gmail.com;2026-08-11T06:22:50Z
maganghub;a2416764-78e2-496b-a4b9-8dce333d3c5f;https://maganghub.kemnaker.go.id/magang-nasional/lowongan/petugas-administrasi-pelayanan-medis-a2416764-78e2-496b-a4b9-8dce333d3c5f;267a0851-9c40-4524-9f03-2a17d05a9ed1;Rumah Sakit Al Huda Genteng;maganghub-267a0851-9c40-4524-9f03-2a17d05a9ed1;Petugas Administrasi Pelayanan Medis;Petugas Administrasi Pelayanan Medis Rumah Sakit bertanggung jawab mengelola alur dokumen dan data pasien sebelum hingga sesudah perawatan. Tugas utamanya meliputi melayani pendaftaran, verifikasi kelengkapan berkas pasien (termasuk klaim asuransi/BPJS), mengatur jadwal dokter dan tindakan medis, serta mendokumentasikan pelaporan;Kab. Banyuwangi;1;Aktif;14/07/2026;28/07/2026;Program studi: Administrasi Rumah Sakit, Ilmu Kesehatan Masyarakat, Kesehatan Masyarakat, Administrasi Kesehatan, Manajemen Pelayanan Rumah Sakit | Tingkat pendidikan: Sarjana;rs_alhuda@yahoo.com;2026-08-11T06:22:51Z
maganghub;a24167f2-6b0e-4114-b345-ec428b025be5;https://maganghub.kemnaker.go.id/magang-nasional/lowongan/terapi-wicara-a24167f2-6b0e-4114-b345-ec428b025be5;267a0851-9c40-4524-9f03-2a17d05a9ed1;Rumah Sakit Al Huda Genteng;maganghub-267a0851-9c40-4524-9f03-2a17d05a9ed1;Terapi Wicara;mengevaluasi, mendiagnosis, dan menangani pasien segala usia yang mengalami gangguan bicara, bahasa, komunikasi, suara, dan menelan (seperti disfagia, keterlambatan bicara, atau afasia pasca-stroke). Mereka menyusun program rehabilitasi dan memantau perkembangan pasien secara berkala;Kab. Banyuwangi;1;Aktif;14/07/2026;28/07/2026;Program studi: Terapi Wicara dan Bahasa, Terapi Wicara | Tingkat pendidikan: Diploma, Sarjana, Profesi;rs_alhuda@yahoo.com;2026-08-11T06:22:53Z
maganghub;a2416c3d-c9c3-48e5-8da4-4278235a4e94;https://maganghub.kemnaker.go.id/magang-nasional/lowongan/petugas-adminstrasi-personalia-a2416c3d-c9c3-48e5-8da4-4278235a4e94;267a0851-9c40-4524-9f03-2a17d05a9ed1;Rumah Sakit Al Huda Genteng;maganghub-267a0851-9c40-4524-9f03-2a17d05a9ed1;Petugas Adminstrasi personalia;bertanggung jawab mengelola administrasi kepegawaian. Tugas utamanya meliputi rekrutmen, pengelolaan data dan absensi, pemeliharaan kontrak kerja, serta administrasi hak-hak karyawan seperti cuti. Mereka juga memastikan operasional staf berjalan lancar sesuai standar;Kab. Banyuwangi;1;Aktif;14/07/2026;28/07/2026;Program studi: Psikologi, Manajemen Administrasi, Akuntansi, Manajemen Administrasi Perkantoran, Hukum | Tingkat pendidikan: Sarjana;rs_alhuda@yahoo.com;2026-08-11T06:22:55Z
maganghub;a2415a60-d467-410e-8747-8332fd901bab;https://maganghub.kemnaker.go.id/magang-nasional/lowongan/petugas-k3-rumah-sakit-a2415a60-d467-410e-8747-8332fd901bab;267a0851-9c40-4524-9f03-2a17d05a9ed1;Rumah Sakit Al Huda Genteng;maganghub-267a0851-9c40-4524-9f03-2a17d05a9ed1;Petugas K3 Rumah Sakit;merencanakan, melaksanakan, dan mengawasi upaya perlindungan keselamatan dan kesehatan bagi seluruh tenaga medis, karyawan, pasien, hingga pengunjung. Mereka bertanggung jawab mencegah kecelakaan kerja, mengelola bahan berbahaya beracun (B3),serta memastikan kesiapsiagaan tanggap darurat di lingkungan fasilitas kesehatan;Kab. Banyuwangi;1;Aktif;14/07/2026;28/07/2026;Program studi: Kesehatan dan Keselamatan Kerja, Keselamatan Kesehatan Kerja, Keselamatan Dan Kesehatan Kerja, Ilmu Kesehatan Masyarakat, Hiperkes Dan Keselamatan Kerja | Tingkat pendidikan: Sarjana, Diploma;rs_alhuda@yahoo.com;2026-08-11T06:22:57Z
maganghub;a2416aea-370d-4ca8-9179-7025346a74d6;https://maganghub.kemnaker.go.id/magang-nasional/lowongan/adminsitrasi-penunjang-medis-a2416aea-370d-4ca8-9179-7025346a74d6;267a0851-9c40-4524-9f03-2a17d05a9ed1;Rumah Sakit Al Huda Genteng;maganghub-267a0851-9c40-4524-9f03-2a17d05a9ed1;adminsitrasi Penunjang Medis;pengelolaan dokumen, penjadwalan, dan pencatatan data. Ini mencakup pengelolaan rekam medis, input data tindakan ke sistem informasi, pengaturan jadwal pemeriksaan laboratorium/radiologi, serta pengadaan dan distribusi logistik.;Kab. Banyuwangi;1;Aktif;14/07/2026;28/07/2026;Program studi: Administrasi Rumah Sakit, Ilmu Kesehatan Masyarakat, Kesehatan Masyarakat, Administrasi Kesehatan, Manajemen Pelayanan Rumah Sakit | Tingkat pendidikan: Diploma, Sarjana, Profesi;rs_alhuda@yahoo.com;2026-08-11T06:22:59Z
maganghub;a2416606-1305-4784-bd88-565044369805;https://maganghub.kemnaker.go.id/magang-nasional/lowongan/radiografer-a2416606-1305-4784-bd88-565044369805;267a0851-9c40-4524-9f03-2a17d05a9ed1;Rumah Sakit Al Huda Genteng;maganghub-267a0851-9c40-4524-9f03-2a17d05a9ed1;Radiografer;mengoperasikan peralatan pencitraan medis (seperti X-ray, CT scan, MRI, dan USG) untuk menghasilkan gambar diagnostik yang akurat. Mereka mempersiapkan pasien, mengatur posisi tubuh, serta memastikan hasil pemeriksaan berkualitas tinggi dan aman dari paparan radiasi, guna membantu dokter spesialis;Kab. Banyuwangi;1;Aktif;14/07/2026;28/07/2026;Program studi: Radiologi, Teknik Radiologi | Tingkat pendidikan: Diploma, Sarjana, Profesi;rs_alhuda@yahoo.com;2026-08-11T06:23:01Z
maganghub;a238de03-f9db-4df0-a689-e93059380aeb;https://maganghub.kemnaker.go.id/magang-nasional/lowongan/administrasi-general-affair-pt-esgi---sambi-a238de03-f9db-4df0-a689-e93059380aeb;50c81a73-11c8-4b1b-a87b-33849d59094b;PT Eco Smart Garment Indonesia;maganghub-50c81a73-11c8-4b1b-a87b-33849d59094b;Administrasi General Affair PT ESGI - Sambi;Bertanggung jawab memastikan kelancaran operasional non-produksi pabrik melalui administrasi yang tertib dan akurat. Tugas utama mencakup pengelolaan data aset & inventaris perusahaan dengan melakukan pencatatan, update, dan stock opname berkala untuk ATK, APD, furniture, serta peralatan kantor. Selain itu mengelola seluruh proses surat menyurat dan perizinan, mulai dari surat masuk/keluar, dokumen legal perusahaan, hingga pengurusan dan monitoring masa berlaku izin ke instansi terkait seperti Disnaker, BPJS, dan Lingkungan Hidup. Menangani proses pengadaan barang non-produksi dari permintaan barang PR hingga purchase order PO, membandingkan penawaran vendor, membuat berita acara, serta koordinasi pembayaran dengan Finance. Untuk operasional harian, bertugas mengatur service kendaraan operasional, perpanjangan STNK/KIR, booking perjalanan dinas, monitoring log book driver dan BBM, serta mengelola kearsipan fisik dan digital seluruh dokumen GA. Peran ini juga menjadi support utama kebutuhan kantor seperti kebersihan, keamanan, konsumsi meeting, penerimaan tamu, dan menjadi penghubung perusahaan dengan vendor maupun instansi eksternal.;Kab. Boyolali;1;Aktif;14/07/2026;28/07/2026;Program studi: Manajemen, Ilmu Administrasi Negara, Sekretari, Manajemen Logistik, Administrasi Perkantoran | Tingkat pendidikan: Sarjana, Diploma;hrdeco1@ecosmart.co.id;2026-08-11T06:23:05Z
maganghub;a238c79f-1031-42d1-a0f1-fdc0afb40b57;https://maganghub.kemnaker.go.id/magang-nasional/lowongan/trainer-sewing---pt.-esgi-klego-a238c79f-1031-42d1-a0f1-fdc0afb40b57;50c81a73-11c8-4b1b-a87b-33849d59094b;PT Eco Smart Garment Indonesia;maganghub-50c81a73-11c8-4b1b-a87b-33849d59094b;Trainer Sewing - PT. ESGI Klego;1. Melatih hardskill sewing (menjahit Jarum 1, Obras) kepada calon tenaga kerja | 2. Memberikan softskill (Etos Kerja, Kedisiplinan & Tanggung jawab) kepada calon tenaga kerja | 3. Mengelola Line Training, Mempersiapkan sarana pelatihan | 4. Mengelola data training (absensi peserta, penilaian kemampuan & penempatan peserta);Kab. Boyolali;1;Aktif;14/07/2026;28/07/2026;Program studi: Pendidikan Tata Busana, Teknik Industri, Teknik Pembuatan Garmen | Tingkat pendidikan: Diploma, Sarjana, Profesi;hrdeco1@ecosmart.co.id;2026-08-11T06:23:07Z
maganghub;a238c9b3-cb71-49e4-959c-b34e1966fb82;https://maganghub.kemnaker.go.id/magang-nasional/lowongan/hr-payroll---pt.-esgi-klego-a238c9b3-cb71-49e4-959c-b34e1966fb82;50c81a73-11c8-4b1b-a87b-33849d59094b;PT Eco Smart Garment Indonesia;maganghub-50c81a73-11c8-4b1b-a87b-33849d59094b;HR Payroll - PT. ESGI Klego;1. Melakukan penarikan absensi harian karyawan | 2. Memverifikasi absensi harian karyawan | 3. Membuat reporting absensi harian karyawan | 4. Memverifikasi perhitungan lembur | 5. Mengelola dokumen arsip;Kab. Boyolali;1;Aktif;14/07/2026;28/07/2026;Program studi: Akuntansi Manajemen, Teknik Manajemen Industri, Administrasi, Administrasi Perkantoran | Tingkat pendidikan: Diploma, Sarjana, Profesi;hrdeco1@ecosmart.co.id;2026-08-11T06:23:09Z
maganghub;a238e0f6-ae5d-4fcd-990c-f0b885a7042e;https://maganghub.kemnaker.go.id/magang-nasional/lowongan/it-operasioanl---pt-esgi-sambi-a238e0f6-ae5d-4fcd-990c-f0b885a7042e;50c81a73-11c8-4b1b-a87b-33849d59094b;PT Eco Smart Garment Indonesia;maganghub-50c81a73-11c8-4b1b-a87b-33849d59094b;IT Operasioanl - PT ESGI Sambi;Bertanggung jawab menjaga kelancaran operasional IT harian perusahaan melalui penanganan teknis dan prosedural yang responsif. Tugas utama mencakup instalasi, konfigurasi, dan troubleshooting perangkat IT seperti PC, laptop, printer, scanner, serta peripheral pendukung lain sesuai kebutuhan user. Melakukan monitoring dan maintenance rutin terhadap server, jaringan LAN/WiFi, CCTV, access point, dan infrastruktur IT lainnya untuk memastikan semua sistem berjalan stabil. Memberikan support teknis harian kepada user terkait kendala hardware, software standar, koneksi internet, email, akses folder sharing, hingga aplikasi pendukung termasuk SAP level pengguna. Menjalankan prosedur backup data, recovery, dan penerapan keamanan infrastruktur IT sesuai SOP yang berlaku guna mencegah kehilangan data dan gangguan layanan. Berkoordinasi aktif dengan tim Admin IT dan Basis untuk eskalasi masalah kompleks dan memastikan layanan sistem tersedia 24/7. Seluruh pekerjaan wajib didokumentasikan dalam ticketing system dan dilaporkan secara rutin sebagai bentuk akuntabilitas operasional.;Kab. Boyolali;1;Aktif;14/07/2026;28/07/2026;Program studi: Teknik Informatika, Sistem Komputer, Sistem informasi, Manajemen Informatika, Teknik Komputer | Tingkat pendidikan: Diploma, Sarjana;hrdeco1@ecosmart.co.id;2026-08-11T06:23:11Z
maganghub;a238e26f-866a-4367-8655-45ee4ff59b50;https://maganghub.kemnaker.go.id/magang-nasional/lowongan/it-administrasi---pt-esgi-sambi-a238e26f-866a-4367-8655-45ee4ff59b50;50c81a73-11c8-4b1b-a87b-33849d59094b;PT Eco Smart Garment Indonesia;maganghub-50c81a73-11c8-4b1b-a87b-33849d59094b;IT Administrasi - PT ESGI Sambi;Bertanggung jawab mengelola seluruh administrasi sistem dan dokumentasi IT untuk memastikan tertib data dan kelancaran layanan. Tugas utama mencakup pengelolaan master data IT seperti data user, email perusahaan, hak akses aplikasi, dan database aset IT. Melakukan administrasi user support meliputi pembuatan, perubahan, dan penonaktifan akun user pada sistem, aplikasi, dan SAP sesuai permintaan resmi serta SOP. Menangani ticketing administrasi: pencatatan permintaan user, monitoring SLA, hingga update status penyelesaian ke user dan atasan. Bertanggung jawab atas dokumentasi IT berupa SOP, manual guide, berita acara serah terima aset, laporan bulanan IT, serta pengarsipan lisensi software dan kontrak vendor. Melakukan kontrol dan update inventaris aset IT secara berkala, termasuk pencatatan mutasi, perbaikan, dan penghapusan aset. Berkoordinasi dengan tim IT Operasional dan Basis terkait kebutuhan data, pembuatan laporan, serta kelengkapan administrasi untuk audit IT. Memastikan seluruh prosedur administrasi IT berjalan sesuai kebijakan perusahaan dan compliance.;Kab. Boyolali;1;Aktif;14/07/2026;28/07/2026;Program studi: Teknik Informatika, Komputerisasi Akuntansi, Sistem Informasi, Manajemen Informatika, Administrasi Perkantoran | Tingkat pendidikan: Diploma, Sarjana;hrdeco1@ecosmart.co.id;2026-08-11T06:23:12Z
maganghub;a238f45f-939c-40ee-9af3-6e1ff42231f1;https://maganghub.kemnaker.go.id/magang-nasional/lowongan/hr-intern-a238f45f-939c-40ee-9af3-6e1ff42231f1;019f3c09-2caf-70a4-bd64-820ff0c6407d;Pusat Inovasi Nusantara;maganghub-019f3c09-2caf-70a4-bd64-820ff0c6407d;HR Intern;Deskripsi Tugas HR Intern | - Membantu proses rekrutmen mulai dari sourcing kandidat, screening CV, hingga penjadwalan interview. | - Melakukan pencarian kandidat melalui berbagai platform seperti LinkedIn, job portal, dan database internal. | - Membantu administrasi rekrutmen, termasuk mengelola data kandidat dan memperbarui recruitment tracker. | - Mendukung pelaksanaan proses interview dengan menyiapkan jadwal, menghubungi kandidat, dan mendokumentasikan hasil interview. | - Membantu pelaksanaan program employee engagement, seperti internal event, employee gathering, dan kegiatan peningkatan budaya perusahaan. | - Mendukung persiapan dan administrasi program training atau learning & development, termasuk dokumentasi dan evaluasi kegiatan. | - Berkolaborasi dengan tim People & Culture dalam menjalankan berbagai proyek HR sesuai kebutuhan perusahaan. | - Menyusun laporan sederhana terkait aktivitas recruitment dan employee engagement secara berkala.;Kota Adm. Jakarta Barat;1;Aktif;14/07/2026;28/07/2026;Program studi: Manajemen, Teknik Industri, Psikologi, Ilmu Komunikasi, Manajemen Administrasi Perkantoran | Tingkat pendidikan: Sarjana;contact@iykra.com;2026-08-11T06:23:14Z
maganghub;a2395b18-8a9e-4a83-8617-1118530c7290;https://maganghub.kemnaker.go.id/magang-nasional/lowongan/social-media-intern-a2395b18-8a9e-4a83-8617-1118530c7290;019f3c09-2caf-70a4-bd64-820ff0c6407d;Pusat Inovasi Nusantara;maganghub-019f3c09-2caf-70a4-bd64-820ff0c6407d;Social Media Intern;Social Media Intern | - Melakukan riset tren dan mengembangkan ide serta konsep konten yang sesuai dengan target audiens dan identitas brand. | - Membuat desain grafis dan mengedit konten foto maupun video untuk kebutuhan media sosial perusahaan. | - Menyusun caption, copywriting, serta materi pendukung untuk publikasi konten. | - Membantu pengelolaan content calendar dan memastikan konten dipublikasikan sesuai jadwal. | - Berkolaborasi dengan Marketing dalam mendukung campaign digital serta berbagai kebutuhan konten perusahaan.;Kota Adm. Jakarta Barat;1;Aktif;14/07/2026;28/07/2026;Program studi: Ilmu Komunikasi, Pemasaran Digital, Komunikasi Digital dan Media, Hubungan Masyarakat Dan Komunikasi Digital, Manajemen Pemasaran/Marketing | Tingkat pendidikan: Sarjana;contact@iykra.com;2026-08-11T06:23:16Z
maganghub;a23cef76-e3b4-4dba-8532-64c275886b62;https://maganghub.kemnaker.go.id/magang-nasional/lowongan/fisioterapi-a23cef76-e3b4-4dba-8532-64c275886b62;6ef0cc53-ee9a-4631-8b29-3aa76e52e11b;Badan Hukum (Selain PT) Rumah Sakit Islam Fatimah Banyuwangi;maganghub-6ef0cc53-ee9a-4631-8b29-3aa76e52e11b;Fisioterapi;Memahami sistem pelayanan rumah sakit, Menerapkan patient safety dan PPI.,Paham zonasi poli, hand hygiene, & alur berkas pasien. Aman mengoperasikan elektroterapi sesuai kondisi klinis.Tepat menentukan dosis waktu & intensitas termoterapi.Tepat menentukan dosis waktu & intensitas termoterapi.Efektif bantu pengeluaran sputum & perbaiki pola napas.Tepat waktu menghentikan terapi & lapor jika ada indikasi medis berbahaya.;Kab. Banyuwangi;1;Aktif;14/07/2026;28/07/2026;Program studi: Fisioterapi | Tingkat pendidikan: Profesi, Sarjana, Diploma;rsifatimah@gmail.com;2026-08-11T06:23:18Z
maganghub;a23d14bd-32f7-4ab8-90ce-a0f24a45d666;https://maganghub.kemnaker.go.id/magang-nasional/lowongan/staf-it-pemeliharaan-software-a23d14bd-32f7-4ab8-90ce-a0f24a45d666;6ef0cc53-ee9a-4631-8b29-3aa76e52e11b;Badan Hukum (Selain PT) Rumah Sakit Islam Fatimah Banyuwangi;maganghub-6ef0cc53-ee9a-4631-8b29-3aa76e52e11b;Staf IT (Pemeliharaan Software);Memahami organisasi dan ruang lingkup kerja Unit IT.Memahami tata kelola keamanan informasi rumah sakit.Memahami komponen infrastruktur TI rumah sakit.Memahami struktur dasar SIMRS.Mengelola akun pengguna sesuai kewenangan.Mampu melakukan pemeliharaan master data.Memastikan kelancaran transaksi SIMRS.Memberikan layanan helpdesk sesuai SOP.Menyelesaikan gangguan software tingkat dasar.Memberikan dukungan teknis jarak jauh.Melaksanakan backup dan restore data sesuai prosedur.Memfasilitasi proses UAT.Menghasilkan inovasi sederhana di bidang IT.;Kab. Banyuwangi;1;Aktif;14/07/2026;28/07/2026;Program studi: Teknik Informatika, Informatika, Pendidikan Vokasional Informatika, Informatika Medis, PJJ Teknik Informatika | Tingkat pendidikan: Diploma, Sarjana;rsifatimah@gmail.com;2026-08-11T06:23:20Z
maganghub;a23d173f-00b8-420c-83ed-6ae1443f0062;https://maganghub.kemnaker.go.id/magang-nasional/lowongan/staf-kesekretariatan-a23d173f-00b8-420c-83ed-6ae1443f0062;6ef0cc53-ee9a-4631-8b29-3aa76e52e11b;Badan Hukum (Selain PT) Rumah Sakit Islam Fatimah Banyuwangi;maganghub-6ef0cc53-ee9a-4631-8b29-3aa76e52e11b;Staf Kesekretariatan;Memahami fungsi sekretariat.Menyusun surat dinas.Menerapkan etika Mengoperasikan aplikasi perkantoran.administrasi.Mengelola surat masuk.Mengelola surat keluar.Mengelola agenda surat.Mengelola arsip dengan baik.Menyiapkan administrasi rapat.Menyusun notulen rapat.Mengelola agenda pimpinan.Membuat laporan administrasi.Memberikan pelayanan administrasi.;Kab. Banyuwangi;1;Aktif;14/07/2026;28/07/2026;Program studi: Administrasi Rumah Sakit, Manajemen Rekod dan Arsip, Kearsipan Digital, Pengelolaan Arsip dan Rekaman Informasi, Administrasi Perkantoran | Tingkat pendidikan: Diploma, Sarjana;rsifatimah@gmail.com;2026-08-11T06:23:22Z
maganghub;a240fcf4-4ffd-4874-b38e-0b6c20b2390b;https://maganghub.kemnaker.go.id/magang-nasional/lowongan/staf-keuangan-a240fcf4-4ffd-4874-b38e-0b6c20b2390b;6ef0cc53-ee9a-4631-8b29-3aa76e52e11b;Badan Hukum (Selain PT) Rumah Sakit Islam Fatimah Banyuwangi;maganghub-6ef0cc53-ee9a-4631-8b29-3aa76e52e11b;Staf Keuangan;Menerima pembayaran dari pasien baik tunai maupun non tunai (Pasien Rawat Jalan). Menerima pembayaran dari pasien baik tunai maupun non tunai (Pasien Rawat Inap) dan pembayaran lain.Melakukan kroscek Rekening (Penata Rekening) Pasien BPJS.Melakukan konfirmasi piutang obat dan pemeriksaan Karyawan. Membuat Laporan Penerimaan uang tunai maupun non tunai;Kab. Banyuwangi;1;Aktif;14/07/2026;28/07/2026;Program studi: Manajemen | Tingkat pendidikan: Sarjana;rsifatimah@gmail.com;2026-08-11T06:23:24Z
maganghub;a240f973-0886-4a63-b4f5-563837d798bf;https://maganghub.kemnaker.go.id/magang-nasional/lowongan/staf-pemasaran-a240f973-0886-4a63-b4f5-563837d798bf;6ef0cc53-ee9a-4631-8b29-3aa76e52e11b;Badan Hukum (Selain PT) Rumah Sakit Islam Fatimah Banyuwangi;maganghub-6ef0cc53-ee9a-4631-8b29-3aa76e52e11b;Staf Pemasaran;Memahami organisasi dan fungsi pemasaran rumah sakit.Memahami konsep pemasaran rumah sakit.Memahami budaya keselamatan rumah sakit.Berkomunikasi efektif dan profesional.Memahami strategi branding rumah sakit.Menguasai informasi layanan rumah sakit.Mengelola media digital rumah sakit.Membuat materi promosi yang menarik dan informatif.Mengelola hubungan dengan pelanggan.;Kab. Banyuwangi;1;Aktif;14/07/2026;28/07/2026;Program studi: Ilmu Komunikasi, Manajemen Pemasaran | Tingkat pendidikan: Sarjana;rsifatimah@gmail.com;2026-08-11T06:23:26Z
maganghub;a23d04ca-b6cb-4a2c-a64c-f39990867436;https://maganghub.kemnaker.go.id/magang-nasional/lowongan/staf-perpajakan-a23d04ca-b6cb-4a2c-a64c-f39990867436;6ef0cc53-ee9a-4631-8b29-3aa76e52e11b;Badan Hukum (Selain PT) Rumah Sakit Islam Fatimah Banyuwangi;maganghub-6ef0cc53-ee9a-4631-8b29-3aa76e52e11b;Staf Perpajakan;Membuat Faktur Pajak PPN.Mengoreksi PPN Masukkan atas pembelian obat telah masuk semua di Coretax. Membuat Bukti Potong PPh Ps 23. Membuat Bukti Potong PPh Ps 4 ayat (2). Melakukan kroscek Bulanan atas catatan potongan pajak PPh 23 dan PPh Ps 4 ayat (2) di Akuntansi. Membuat Bukti Potong Pajak Jasa Medis Dokter Spesialis. PPH Ps 21. Melakukan Arsip Data Bulanan Perpajakan;Kab. Banyuwangi;1;Aktif;14/07/2026;28/07/2026;Program studi: Akuntansi Perpajakan, Administrasi Perpajakan | Tingkat pendidikan: Diploma, Sarjana;rsifatimah@gmail.com;2026-08-11T06:23:28Z
maganghub;a23cfaa3-ed84-43d4-a209-7289af7510da;https://maganghub.kemnaker.go.id/magang-nasional/lowongan/perawat-cssd-a23cfaa3-ed84-43d4-a209-7289af7510da;6ef0cc53-ee9a-4631-8b29-3aa76e52e11b;Badan Hukum (Selain PT) Rumah Sakit Islam Fatimah Banyuwangi;maganghub-6ef0cc53-ee9a-4631-8b29-3aa76e52e11b;Perawat CSSD;Memahami organisasi rumah sakit dan fungsi CSSD.Memahami penerapan K3RS dan PPI di CSSD.Memahami konsep dasar sterilisasi alat kesehatan.Menyiapkan instrument set sesuai standar.Mengemas alat sesuai standar sterilisasi.Mengoperasikan autoclave sesuai SOP.Melaksanakan quality control sterilisasi.Mendistribusikan alat steril dengan benar.Memahami manajemen risiko CSSD.Melaksanakan audit internal sederhana.Memenuhi standar kompetensi Staff CSSD.Menyimpan alat steril sesuai standar.;Kab. Banyuwangi;1;Aktif;14/07/2026;28/07/2026;Program studi: Keperawatan, Ilmu Keperawatan | Tingkat pendidikan: Diploma, Sarjana;rsifatimah@gmail.com;2026-08-11T06:23:30Z
maganghub;a23cf76e-4477-43bb-9846-e09653145a34;https://maganghub.kemnaker.go.id/magang-nasional/lowongan/staf-logistik-umum-a23cf76e-4477-43bb-9846-e09653145a34;6ef0cc53-ee9a-4631-8b29-3aa76e52e11b;Badan Hukum (Selain PT) Rumah Sakit Islam Fatimah Banyuwangi;maganghub-6ef0cc53-ee9a-4631-8b29-3aa76e52e11b;Staf Logistik Umum;Memahami fungsi logistik umum.Menerapkan K3RS dan keselamatan kerja.Berkomunikasi secara profesional.Melakukan penerimaan barang sesuai SOP.Menyimpan barang secara sistematis.Mengoperasikan sistem informasi logistik. Mengendalikan persediaan secara efektif.Mengendalikan persediaan secara efektif.Mengelola gudang secara efisien.;Kab. Banyuwangi;1;Aktif;14/07/2026;28/07/2026;Program studi: Teknik  Industri, Logistik, Administrasi Rumah Sakit, Administrasi Logistik, Logistik Bisnis | Tingkat pendidikan: Sarjana;rsifatimah@gmail.com;2026-08-11T06:23:31Z
maganghub;a23d0bf6-656c-4757-816c-dd77102cc6d7;https://maganghub.kemnaker.go.id/magang-nasional/lowongan/staf-binroh-a23d0bf6-656c-4757-816c-dd77102cc6d7;6ef0cc53-ee9a-4631-8b29-3aa76e52e11b;Badan Hukum (Selain PT) Rumah Sakit Islam Fatimah Banyuwangi;maganghub-6ef0cc53-ee9a-4631-8b29-3aa76e52e11b;Staf Binroh;Pelayanan Spiritual Pasien,  Pendampingan Pasien Kondisi Khusus, Pelayanan Spiritual Pra dan Pasca Tindakan, Pelayanan Spiritual kepada Keluarga Pasien, Pelayanan Bina Rohani Pegawai, Melaksanakan pendampingan spiritual kepada pasien kritis di ICU, ICCU, NICU, PICU, HCU, dan ruang isolasi sesuai kebijakan rumah sakit. | Memberikan pendampingan kepada pasien dengan penyakit kronis. | Memberikan pendampingan kepada pasien paliatif dan terminal. | Mendampingi pasien menjelang akhir hayat sesuai prosedur rumah sakit. | Melaksanakan talqin sesuai ketentuan rumah sakit dan syariat Islam. | Memberikan pendampingan kepada keluarga pasien pada kondisi kehilangan (grief support).Melakukan kunjungan spiritual kepada pasien rawat inap sesuai jadwal pelayanan. | Mengidentifikasi kebutuhan spiritual pasien melalui asesmen spiritual. | Memberikan motivasi, penguatan mental, dan dukungan spiritual kepada pasien. | Membimbing pasien dalam melaksanakan ibadah sesuai kondisi kesehatannya. | Membimbing pasien melakukan wudhu, tayamum, shalat, dzikir, doa, dan ibadah lainnya sesuai syariat Islam. | Memberikan edukasi mengenai rukhsah (keringanan) ibadah bagi pasien yang sakit. | Memberikan pelayanan spiritual kepada pasien rawat jalan apabila diperlukan.;Kab. Banyuwangi;1;Aktif;14/07/2026;28/07/2026;Program studi: Ilmu Pendidikan Agama Islam, Hukum Syariah | Tingkat pendidikan: Sarjana;rsifatimah@gmail.com;2026-08-11T06:23:33Z
maganghub;a23f39e4-732b-4a9d-b1e7-416bf58997c6;https://maganghub.kemnaker.go.id/magang-nasional/lowongan/administration-a23f39e4-732b-4a9d-b1e7-416bf58997c6;86886902-a828-45b2-8797-98c07f4bb22a;Tdm Muara Sabak;maganghub-86886902-a828-45b2-8797-98c07f4bb22a;Administration;ertanggung jawab mengelola administrasi dealer, seperti menginput data, mengarsipkan dokumen, membuat laporan, mengurus kelengkapan administrasi penjualan, serta berkoordinasi dengan berbagai divisi untuk memastikan operasional dealer berjalan tertib, akurat, dan efisien;Kab. Tanjung Jabung Timur;1;Aktif;14/07/2026;28/07/2026;Program studi: Ilmu Komputer, Manajemen, Administrasi, Ekonomi, Akuntansi | Tingkat pendidikan: Diploma, Sarjana;ady.prasetyo@intra.tunasgroup.com;2026-08-11T06:23:35Z
maganghub;a23cd686-a782-4da4-a9cd-f995aa2598a2;https://maganghub.kemnaker.go.id/magang-nasional/lowongan/staf-radiologi-a23cd686-a782-4da4-a9cd-f995aa2598a2;6ef0cc53-ee9a-4631-8b29-3aa76e52e11b;Badan Hukum (Selain PT) Rumah Sakit Islam Fatimah Banyuwangi;maganghub-6ef0cc53-ee9a-4631-8b29-3aa76e52e11b;Staf Radiologi;Memahami sistem pelayanan radiologi. Menerapkan K3RS, PPI, dan patient safety.Memahami dan menerapkan proteksi radiasi.Memahami anatomi radiologi dasar.Berkomunikasi secara profesional.Melaksanakan pemeriksaan ekstremitas.Memahami prosedur pemeriksaan kontras.Mengoperasikan RIS/PACS sesuai kewenangan.;Kab. Banyuwangi;1;Aktif;14/07/2026;28/07/2026;Program studi: Teknologi Radiologi Pencitraan, Radiologi, Radiodiagnostik Dan Radioterapi | Tingkat pendidikan: Diploma, Profesi;rsifatimah@gmail.com;2026-08-11T06:23:37Z
maganghub;a23933a8-684c-4c10-9650-9def9d480ba7;https://maganghub.kemnaker.go.id/magang-nasional/lowongan/checker-warehouse-internship-a23933a8-684c-4c10-9650-9def9d480ba7;5440ee5b-9815-4816-a263-58ee3a7100e3;PT Avia Avian, Tbk;maganghub-5440ee5b-9815-4816-a263-58ee3a7100e3;Checker Warehouse Internship;Membantu melakukan pengecekan barang masuk dan keluar, memastikan kesesuaian barang dengan dokumen, mendukung stock opname, melaporkan ketidaksesuaian barang, serta menjaga ketertiban administrasi dan penerapan prosedur kerja di area gudang.;Kab. Sidoarjo;1;Aktif;14/07/2026;28/07/2026;Program studi: Administrasi BIsnis, Teknik Industri, Manajemen Logistik | Tingkat pendidikan: Diploma, Sarjana;hrd_4@avianbrands.com;2026-08-11T06:23:41Z
maganghub;a23f1ad1-85ec-49cc-b4d1-b0ddd67a5e6e;https://maganghub.kemnaker.go.id/magang-nasional/lowongan/data-analyst-intern-a23f1ad1-85ec-49cc-b4d1-b0ddd67a5e6e;8820a353-2bfb-4913-91ed-758fe3ab3d26;Sinarniaga Sejahtera;maganghub-8820a353-2bfb-4913-91ed-758fe3ab3d26;Data Analyst Intern;Melakukan analisis data, Monitoring dan Evaluasi, membuat rekomendasi berdasarkan analisa, melakukan perbaikan proses kerja yang diperlukan, serta melakukan kontrol terhadap transaksi harian.;Kab. Malang;1;Aktif;14/07/2026;28/07/2026;Program studi: Administrasi BIsnis, Komunikasi, Manajemen, Statistik, Akuntansi | Tingkat pendidikan: Sarjana, Diploma;hermawan.anggara@snsgroup.co.id;2026-08-11T06:23:43Z
maganghub;a23ef5ba-5621-4023-8049-8fbac092ae73;https://maganghub.kemnaker.go.id/magang-nasional/lowongan/operational-analyst-finance-intern-a23ef5ba-5621-4023-8049-8fbac092ae73;2c2a2ab4-521c-43ef-86e2-e8d55f74e97c;PT. Sinarniaga Sejahtera - Sumedang;maganghub-2c2a2ab4-521c-43ef-86e2-e8d55f74e97c;Operational Analyst Finance Intern;Mendukung aktivitas administrasi harian, melakukan pengelolaan dan pengarsipan dokumen, membantu proses input serta pembaruan data, menyusun laporan administratif, serta memberikan ide dan rekomendasi perbaikan untuk meningkatkan efektivitas dan efisiensi aktivitas operasional sehari-hari.;Kab. Sumedang;1;Aktif;14/07/2026;28/07/2026;Program studi: Akuntansi Manajemen, Bisnis dan Manajemen Ritel, Administrasi Bisnis, Ilmu Administrasi Negara, Administrasi Keuangan | Tingkat pendidikan: Sarjana;sns.sinarniagasejahtera@gmail.com;2026-08-11T06:23:45Z
maganghub;a241826d-df15-4ecc-9a3f-bfd29b78b157;https://maganghub.kemnaker.go.id/magang-nasional/lowongan/admin-fasilitas-galangan-&-peralatan-a241826d-df15-4ecc-9a3f-bfd29b78b157;68db256e-4aaa-45ae-b2f7-34ca139d985d;Samugara Multikarya Utama;maganghub-68db256e-4aaa-45ae-b2f7-34ca139d985d;Admin Fasilitas Galangan & Peralatan;"1.	Menyusun jadwal perawatan berkala peralatan dan fasilitas galangan (preventive maintenance). | 2.	Merencanakan kebutuhan peralatan, fasilitas, tenaga kerja subkon harian, dan tenaga kebersihan galangan. | 3.	Menyusun rencana pelaksanaan kegiatan/acara fasilitas galangan. | 4.	Menyusun rencana penerbitan SPK subkon harian, termasuk tenaga kebersihan galangan. | 5.	Memantau pelaksanaan perawatan peralatan dan fasilitas agar sesuai jadwal. | 6.	Mengontrol kondisi, kelayakan, dan ketersediaan peralatan serta fasilitas galangan. | 7.	Mengendalikan proses peminjaman dan pengembalian peralatan. | 8.	Mengontrol kehadiran dan kinerja tenaga kerja subkon harian dan tenaga kebersihan galangan. | 9.	Mengontrol kepesertaan BPJS Ketenagakerjaan subkon harian dan tenaga kebersihan sesuai ketentuan. | 10.	Mengelola dan memperbarui data inventaris peralatan dan fasilitas galangan. | 11.	Mengurus dan menyiapkan SPK subkon harian, termasuk tenaga kebersihan galangan. | 12.	Menyusun dan mengelola surat-menyurat terkait fasilitas galangan, subkon, dan kebersihan. | 13.	Melaksanakan stok opname peralatan dan fasilitas galangan secara berkala. | 14.	Melakukan koordinasi dan pengawasan pelaksanaan kebersihan galangan oleh tenaga harian. | 15.	Melakukan koordinasi dan eksekusi kegiatan/acara fasilitas galangan. | 16.	Menyusun laporan hasil perawatan peralatan dan fasilitas galangan. | 17.	Menyusun laporan kerusakan, peminjaman, kebersihan galangan, serta penggunaan tenaga subkon harian.";Kab. Tegal;1;Aktif;14/07/2026;28/07/2026;Program studi: Teknik Mesin Industri, Pemeliharaan Mesin, Pendidikan Teknik Mesin, Teknik Mesin Alat Berat, Teknik Mesin Produksi dan Perawatan | Tingkat pendidikan: Diploma;hrd@smku.co.id;2026-08-11T06:23:47Z
maganghub;a23f2eb6-4057-4bfb-a609-49a45b009da1;https://maganghub.kemnaker.go.id/magang-nasional/lowongan/commercial-operations-intern-a23f2eb6-4057-4bfb-a609-49a45b009da1;fc83bf83-709a-4ce9-8bf5-4391c48638c4;Sinarniaga Sejahtera;maganghub-fc83bf83-709a-4ce9-8bf5-4391c48638c4;Commercial Operations Intern;Melakukan identifikasi dan pembukaan pelanggan atau channel baru di area operasional, membangun dan menjaga hubungan baik dengan pelanggan, melakukan aktivitas penjualan dan menawarkan produk kepada pelanggan, serta mendukung monitoring aktivitas penjualan untuk mencapai target yang telah ditetapkan.;Kota Pasuruan;1;Aktif;14/07/2026;28/07/2026;Program studi: Manajemen, Bisnis dan Manajemen Ritel, Manajemen Pemasaran/Marketing | Tingkat pendidikan: Sarjana, Diploma;legal.sns@garudafood.co.id;2026-08-11T06:23:49Z
maganghub;a241e2c2-91e9-4b84-96b2-96c52d985189;https://maganghub.kemnaker.go.id/magang-nasional/lowongan/mechanic-a241e2c2-91e9-4b84-96b2-96c52d985189;29535ddd-9b2c-479f-b47f-0d119f08680a;Palma Agro Lestari Jaya;maganghub-29535ddd-9b2c-479f-b47f-0d119f08680a;Mechanic;1. Melakukan perawatan berkala PM: Preventive Maintenance untuk traktor, truk, mobil operasional, alat semprot, genset | 2. Memperbaiki kerusakan ringan dan berat pada mesin diesel, transmisi, kelistrikan, hidrolik | 3. Overhaul mesin, ganti sparepart, las, bubut dasar | 4. Cek oli, filter, aki, rem, dan sistem pendingin kendaraan operasional kebun;Kab. Sintang;1;Aktif;14/07/2026;28/07/2026;Program studi: Teknik Mesin Pertanian, Teknik Mesin Industri, Teknik Alat Berat, Teknik Mesin Alat Berat, Teknik Mesin Produksi dan Perawatan | Tingkat pendidikan: Diploma, Sarjana;deasy.rachmawati@genting.com;2026-08-11T06:23:51Z
maganghub;a23f2f00-8124-4ada-bc1c-e98485a3140b;https://maganghub.kemnaker.go.id/magang-nasional/lowongan/logistic-assistance-intern-a23f2f00-8124-4ada-bc1c-e98485a3140b;64cf6771-b28a-43c0-aafa-2b6a16d70f53;PT. Sinarniaga Sejahtera Branch Magelang;maganghub-64cf6771-b28a-43c0-aafa-2b6a16d70f53;Logistic Assistance Intern;Mendukung pelaksanaan stock opname produk secara berkala, memantau akurasi stok fisik, proses inbound dan outbound, membantu monitoring aktivitas distribusi dan pengiriman bersama tim logistik, menyusun laporan operasional logistik, serta memberikan ide dan rekomendasi perbaikan untuk meningkatkan efektivitas dan efisiensi operasional logistik.;Kab. Magelang;1;Aktif;14/07/2026;28/07/2026;Program studi: Manajemen, Teknik Industri, Ekonomi, Statistika, Manajemen Logistik | Tingkat pendidikan: Diploma, Sarjana;danang.wijanarko@snsgroup.co.id;2026-08-11T06:23:53Z
maganghub;a23f2e61-4d39-4e6a-91da-f71caf5662c3;https://maganghub.kemnaker.go.id/magang-nasional/lowongan/commercial-operations-intern-a23f2e61-4d39-4e6a-91da-f71caf5662c3;64cf6771-b28a-43c0-aafa-2b6a16d70f53;PT. Sinarniaga Sejahtera Branch Magelang;maganghub-64cf6771-b28a-43c0-aafa-2b6a16d70f53;Commercial Operations Intern;Melakukan identifikasi dan pembukaan pelanggan atau channel baru di area operasional, membangun dan menjaga hubungan baik dengan pelanggan, melakukan aktivitas penjualan dan menawarkan produk kepada pelanggan, serta mendukung monitoring aktivitas penjualan untuk mencapai target yang telah ditetapkan.;Kab. Magelang;1;Aktif;14/07/2026;28/07/2026;Program studi: Manajemen, Bisnis, Ilmu Komunikasi, Sistem informasi, Manajemen Pemasaran | Tingkat pendidikan: Diploma, Sarjana;danang.wijanarko@snsgroup.co.id;2026-08-11T06:23:55Z
maganghub;a23f0a5c-6442-4662-8bad-7e6ae569f354;https://maganghub.kemnaker.go.id/magang-nasional/lowongan/logistic-assistance-intern-a23f0a5c-6442-4662-8bad-7e6ae569f354;16788e89-2b56-4caf-bfdd-e20229a0d005;PT. Sinarniaga Sejahtera Tasikmalaya;maganghub-16788e89-2b56-4caf-bfdd-e20229a0d005;Logistic Assistance Intern;Mendukung pelaksanaan stock opname produk secara berkala, memantau akurasi stok fisik, proses inbound dan outbound, membantu monitoring aktivitas distribusi dan pengiriman bersama tim logistik, menyusun laporan operasional logistik, serta memberikan ide dan rekomendasi perbaikan untuk meningkatkan efektivitas dan efisiensi operasional logistik.;Kota Tasikmalaya;1;Aktif;14/07/2026;28/07/2026;Program studi: Manajemen Transportasi, Manajemen Perdagangan, Administrasi Logistik, Logistik Bisnis, Manajemen dan Administrasi Logistik | Tingkat pendidikan: Sarjana;ian.irvandhi@snsgroup.co.id;2026-08-11T06:23:57Z
maganghub;a21cfaa2-1837-40f9-8234-e81acd389eaa;https://maganghub.kemnaker.go.id/magang-nasional/lowongan/texture-design-internship-a21cfaa2-1837-40f9-8234-e81acd389eaa;5440ee5b-9815-4816-a263-58ee3a7100e3;PT Avia Avian, Tbk;maganghub-5440ee5b-9815-4816-a263-58ee3a7100e3;Texture Design Internship;mendesain tekstur (texture pattern) yang nantinya diaplikasikan sebagai referensi pembuatan cat tekstur, mulai dari observasi, eksplorasi, hingga menghasilkan library desain yang siap digunakan oleh tim R&D maupun Marketing;Kab. Sidoarjo;1;Aktif;14/07/2026;28/07/2026;Program studi: Seni Rupa, Seni Rupa Dan Disain, Seni Rupa Murni, Pendidikan Seni Rupa | Tingkat pendidikan: Diploma, Sarjana;hrd_4@avianbrands.com;2026-08-11T06:23:59Z
maganghub;a21d38e3-befa-498e-ba68-c0dc423d0e22;https://maganghub.kemnaker.go.id/magang-nasional/lowongan/people-organization-development-internship-a21d38e3-befa-498e-ba68-c0dc423d0e22;5440ee5b-9815-4816-a263-58ee3a7100e3;PT Avia Avian, Tbk;maganghub-5440ee5b-9815-4816-a263-58ee3a7100e3;People Organization Development Internship;Mendukung pengembangan Knowledge Management dan Learning Management System (LMS) perusahaan melalui keterlibatan peserta dalam proses identifikasi, dokumentasi, penyusunan, dan digitalisasi technical knowledge dari berbagai departemen operasional sehingga dapat dimanfaatkan sebagai media pembelajaran bagi karyawan.;Kab. Sidoarjo;1;Aktif;14/07/2026;28/07/2026;Program studi: Teknik Industri | Tingkat pendidikan: Sarjana;hrd_4@avianbrands.com;2026-08-11T06:24:00Z
maganghub;a243e078-8d97-4421-97e9-9c81a7c911cd;https://maganghub.kemnaker.go.id/magang-nasional/lowongan/keuangan-&-akutansi-a243e078-8d97-4421-97e9-9c81a7c911cd;f6c564a0-46ab-485d-918b-eca5539ccc1f;PT Industri Kapal Indonesia (Persero);maganghub-f6c564a0-46ab-485d-918b-eca5539ccc1f;Keuangan & Akutansi;1. Mendukung pelaksanaan administrasi akuntansi & keuangan | 2. Mendukung pengolahan data akuntansi & keuangan | 3. Mendukung administrasi perpajakan | 4. Mendukung penyusunan laporan | 5. Melakukan rekonsiliasi data;Kota Makassar;1;Aktif;14/07/2026;28/07/2026;Program studi: Keuangan, Akuntansi | Tingkat pendidikan: Sarjana, Diploma;ptiki@ikishipyard.co.id;2026-08-11T06:24:02Z
maganghub;a243d0d7-4714-4b01-8c20-9817f54b30a9;https://maganghub.kemnaker.go.id/magang-nasional/lowongan/logistik-a243d0d7-4714-4b01-8c20-9817f54b30a9;f6c564a0-46ab-485d-918b-eca5539ccc1f;PT Industri Kapal Indonesia (Persero);maganghub-f6c564a0-46ab-485d-918b-eca5539ccc1f;Logistik;1. Membantu administrasi dan surat menyurat | 2. Membuat PO pembelian material sesuai permintaan dari pelaksana | 3. Membuat SO dan kontrak subkontraktor | 4.;Kota Makassar;1;Aktif;14/07/2026;28/07/2026;Program studi: Teknik Perkapalan, Manajemen Logistik | Tingkat pendidikan: Sarjana;ptiki@ikishipyard.co.id;2026-08-11T06:24:04Z
maganghub;a243c917-1ed8-41b6-9dca-5040b4cd89ef;https://maganghub.kemnaker.go.id/magang-nasional/lowongan/sistem-manajemen-&-risiko-a243c917-1ed8-41b6-9dca-5040b4cd89ef;f6c564a0-46ab-485d-918b-eca5539ccc1f;PT Industri Kapal Indonesia (Persero);maganghub-f6c564a0-46ab-485d-918b-eca5539ccc1f;Sistem Manajemen & Risiko;1. Membantu administrasi serta surat menyuarat, | 2.  membuat jadwal dan melakukan audit serta membuat laporan audit kebijakan mutu dan SOP yang telah di berlakukan;Kota Makassar;1;Aktif;14/07/2026;28/07/2026;Program studi: Administrasi Perkantoran, Hukum | Tingkat pendidikan: Sarjana;ptiki@ikishipyard.co.id;2026-08-11T06:24:06Z
maganghub;a243ce90-4c99-4a52-9513-33d14c0bbaca;https://maganghub.kemnaker.go.id/magang-nasional/lowongan/qaqc-a243ce90-4c99-4a52-9513-33d14c0bbaca;f6c564a0-46ab-485d-918b-eca5539ccc1f;PT Industri Kapal Indonesia (Persero);maganghub-f6c564a0-46ab-485d-918b-eca5539ccc1f;QA/QC;1. Membantu administrasi dan surat menyurat | 2. Membuat jadwal survey kapal, melakukan survey dan membuat laporan hasil survey kapal yang melakukan docking;Kota Makassar;1;Aktif;14/07/2026;28/07/2026;Program studi: Teknik Perkapalan, Teknik Sistem Perkapalan | Tingkat pendidikan: Sarjana;ptiki@ikishipyard.co.id;2026-08-11T06:24:08Z
maganghub;a243e663-f9a9-41c8-9830-88e8772dd55b;https://maganghub.kemnaker.go.id/magang-nasional/lowongan/sdmhrd-a243e663-f9a9-41c8-9830-88e8772dd55b;f6c564a0-46ab-485d-918b-eca5539ccc1f;PT Industri Kapal Indonesia (Persero);maganghub-f6c564a0-46ab-485d-918b-eca5539ccc1f;SDM/HRD;membantu administrasi SDM/HRD seperti data absensi, gaji bulanan, surat menyurat, data tim keeper, dan lain-lain dalam lingkungan kerja PT. Industri Kapal Indonesia (Persero);Kota Makassar;1;Aktif;14/07/2026;28/07/2026;Program studi: Manajemen Sumber Daya Manusia, Psikologi | Tingkat pendidikan: Sarjana;ptiki@ikishipyard.co.id;2026-08-11T06:24:10Z
maganghub;a243d18e-e797-41bb-9863-be31d9451813;https://maganghub.kemnaker.go.id/magang-nasional/lowongan/logistik-a243d18e-e797-41bb-9863-be31d9451813;f6c564a0-46ab-485d-918b-eca5539ccc1f;PT Industri Kapal Indonesia (Persero);maganghub-f6c564a0-46ab-485d-918b-eca5539ccc1f;Logistik;1. Membantu administrasi dan surat menyurat | 2. Membuat PO pembelian material sesuai permintaan dari pelaksana | 3. Membuat SO dan kontrak subkontraktor;Kota Makassar;1;Aktif;14/07/2026;28/07/2026;Program studi: Teknik Perkapalan, Manajemen Logistik | Tingkat pendidikan: Sarjana;ptiki@ikishipyard.co.id;2026-08-11T06:24:12Z
maganghub;a24174f2-275c-4bc5-a72d-266d4bb5e90b;https://maganghub.kemnaker.go.id/magang-nasional/lowongan/inspektur-ndt--ptmt--a24174f2-275c-4bc5-a72d-266d4bb5e90b;a74d15fb-e54d-446d-9ab8-6936925723ca;Pal Indonesia;maganghub-a74d15fb-e54d-446d-9ab8-6936925723ca;Inspektur NDT ( PT/MT );Membantu pelaksanaan pengujian Non-Destructive Test ( NDT ) Penetrant Test ( PT ) dan Magnetic Test ( MT ) sambungan pengelasan atau material Project Project kapal atau non kapal;Kota Surabaya;1;Aktif;14/07/2026;28/07/2026;Program studi: Teknik Perkapalan, Teknik Material dan Metalurgi, Teknik Pengelasan | Tingkat pendidikan: Sarjana, Diploma;headoffice@pal.co.id;2026-08-11T06:24:14Z
maganghub;a2295770-0905-418d-aba7-be10584105f8;https://maganghub.kemnaker.go.id/magang-nasional/lowongan/talent-acquisition-a2295770-0905-418d-aba7-be10584105f8;624d8d40-b12d-44c3-a049-d0074edb2d06;Dynamic Talenta Navigator;maganghub-624d8d40-b12d-44c3-a049-d0074edb2d06;Talent Acquisition;Talent Acquisition Intern bertanggung jawab untuk mendukung proses pencarian, seleksi, dan pengelolaan kandidat guna memenuhi kebutuhan talenta perusahaan. Peserta magang akan memperoleh pengalaman praktis dalam proses rekrutmen, talent sourcing, employer branding, administrasi rekrutmen, serta pengembangan strategi akuisisi talenta untuk mendukung pertumbuhan perusahaan.;Kota Semarang;1;Aktif;14/07/2026;28/07/2026;Program studi: Manajemen, Psikologi | Tingkat pendidikan: Sarjana, Diploma;legal@talenavi.com;2026-08-11T06:24:18Z
maganghub;a2293d43-dc2a-42b4-b266-224f09466ea5;https://maganghub.kemnaker.go.id/magang-nasional/lowongan/human-resources-&-general-affair-a2293d43-dc2a-42b4-b266-224f09466ea5;624d8d40-b12d-44c3-a049-d0074edb2d06;Dynamic Talenta Navigator;maganghub-624d8d40-b12d-44c3-a049-d0074edb2d06;Human Resources & General Affair;Human Resources & General Affairs (HRGA) Intern bertanggung jawab untuk mendukung operasional Human Resources dan General Affairs perusahaan melalui pelaksanaan administrasi SDM, pengelolaan data karyawan, koordinasi kegiatan internal perusahaan, serta pengelolaan kebutuhan operasional kantor. Peserta magang akan memperoleh pengalaman praktis dalam proses rekrutmen, administrasi personalia, employee engagement, hingga operasional umum perusahaan guna membangun kompetensi profesional di bidang Human Resources dan General Affairs.;Kota Semarang;1;Aktif;14/07/2026;28/07/2026;Program studi: Manajemen, Psikologi, Hukum | Tingkat pendidikan: Sarjana, Profesi, Diploma;legal@talenavi.com;2026-08-11T06:24:20Z
maganghub;a2293e8d-1e03-44ee-aabf-11ab446fa906;https://maganghub.kemnaker.go.id/magang-nasional/lowongan/it-quality-assurance-a2293e8d-1e03-44ee-aabf-11ab446fa906;624d8d40-b12d-44c3-a049-d0074edb2d06;Dynamic Talenta Navigator;maganghub-624d8d40-b12d-44c3-a049-d0074edb2d06;IT Quality Assurance;IT Quality Assurance (QA) Intern bertanggung jawab untuk mendukung proses pengujian dan pengendalian kualitas perangkat lunak guna memastikan aplikasi, website, maupun sistem yang dikembangkan memenuhi standar kualitas, fungsionalitas, dan pengalaman pengguna yang telah ditetapkan. Peserta magang akan memperoleh pengalaman praktis dalam melakukan perencanaan pengujian, pelaksanaan testing, dokumentasi bug, validasi perbaikan, serta kolaborasi dengan tim developer dan stakeholder dalam proses pengembangan perangkat lunak.;Kota Semarang;1;Aktif;14/07/2026;28/07/2026;Program studi: Informatika, Sistem informasi, Ilmu Informatika, Teknik Komputer | Tingkat pendidikan: Sarjana, Diploma;legal@talenavi.com;2026-08-11T06:24:22Z
maganghub;a2295878-1aed-42a6-ae93-9da3240b8a4f;https://maganghub.kemnaker.go.id/magang-nasional/lowongan/web-development-a2295878-1aed-42a6-ae93-9da3240b8a4f;624d8d40-b12d-44c3-a049-d0074edb2d06;Dynamic Talenta Navigator;maganghub-624d8d40-b12d-44c3-a049-d0074edb2d06;Web Development;Web Development Intern bertanggung jawab untuk mendukung proses pengembangan, pemeliharaan, dan optimalisasi website maupun aplikasi berbasis web perusahaan. Peserta magang akan memperoleh pengalaman praktis dalam perancangan antarmuka, pengembangan fitur, integrasi sistem, pengujian, serta kolaborasi dalam proses pengembangan perangkat lunak sesuai standar industri.;Kota Semarang;1;Aktif;14/07/2026;28/07/2026;Program studi: Teknik Informatika, Informatika, Ilmu Komputer, sistem informasi | Tingkat pendidikan: Sarjana, Diploma;legal@talenavi.com;2026-08-11T06:24:23Z
maganghub;a2294107-2c61-4479-81f7-bcbecfde8451;https://maganghub.kemnaker.go.id/magang-nasional/lowongan/digital-marketing-a2294107-2c61-4479-81f7-bcbecfde8451;624d8d40-b12d-44c3-a049-d0074edb2d06;Dynamic Talenta Navigator;maganghub-624d8d40-b12d-44c3-a049-d0074edb2d06;Digital Marketing;Digital Marketing & Social Media Content Intern bertanggung jawab untuk mendukung aktivitas pemasaran digital perusahaan melalui pengelolaan media sosial, pembuatan konten kreatif, pengembangan strategi konten, serta peningkatan engagement audiens. Peserta magang akan memperoleh pengalaman praktis dalam proses perencanaan, produksi, publikasi, dan evaluasi konten digital untuk mendukung branding dan marketing perusahaan.;Kota Semarang;2;Aktif;14/07/2026;28/07/2026;Program studi: Ilmu Komunikasi, Pemasaran Digital, Manajemen Pemasaran/Marketing, Bisnis Digital | Tingkat pendidikan: Sarjana, Diploma;legal@talenavi.com;2026-08-11T06:24:25Z
maganghub;a229442e-98bd-470d-93dc-2647f6fa4d88;https://maganghub.kemnaker.go.id/magang-nasional/lowongan/business-development-a229442e-98bd-470d-93dc-2647f6fa4d88;624d8d40-b12d-44c3-a049-d0074edb2d06;Dynamic Talenta Navigator;maganghub-624d8d40-b12d-44c3-a049-d0074edb2d06;Business Development;Business Development Intern bertanggung jawab untuk mendukung pengembangan bisnis perusahaan melalui aktivitas pemasaran, riset pasar, lead generation, pengembangan strategi promosi, serta peningkatan awareness dan penggunaan produk maupun layanan perusahaan. Peserta magang akan memperoleh pengalaman praktis dalam strategi pertumbuhan bisnis, pemasaran digital, analisis pasar, dan pengembangan hubungan dengan calon pengguna maupun mitra bisnis.;Kota Semarang;1;Aktif;14/07/2026;28/07/2026;Program studi: Bisnis, Manajemen Bisnis, Manajemen Pemasaran/Marketing | Tingkat pendidikan: Sarjana, Diploma;legal@talenavi.com;2026-08-11T06:24:27Z
maganghub;a240fb9e-aac5-4354-a079-a2654017ad85;https://maganghub.kemnaker.go.id/magang-nasional/lowongan/graphic-designer---it-digital-a240fb9e-aac5-4354-a079-a2654017ad85;26a14c82-4201-48d1-b30a-8f8aef2ae568;Perusahaan Perseroan (Persero) PT. Telekomunikasi Indonesia;maganghub-26a14c82-4201-48d1-b30a-8f8aef2ae568;Graphic Designer - IT Digital;Program Penguatan Dukungan Operasional dan Tata Kelola Sekretariat ITD | Merupakan inisiatif untuk meningkatkan efektivitas pelaksanaan fungsi sekretariat melalui dukungan sumber daya intern dalam kegiatan administrasi, koordinasi, pengelolaan data, dokumentasi, serta monitoring tindak lanjut program kerja. Program ini diharapkan dapat mendukung kelancaran operasional, meningkatkan kualitas tata kelola, dan memperkuat produktivitas Sekretariat ITD dalam mendukung pencapaian target organisasi | Tugas dan Tanggung Jawab: | -Membuat dan mengembangkan materi desain visual untuk kebutuhan komunikasi dan publikasi Sekretariat ITD | - Menyusun desain presentasi, infografis, poster, banner, dan konten digital sesuai kebutuhan unit. | - Mendukung dokumentasi dan publikasi kegiatan melalui pengolahan materi visual dan multimedia. | - Berkoordinasi dengan stakeholder terkait untuk memahami kebutuhan dan melakukan penyempurnaan desain sesuai masukan | - Mengelola arsip dan aset desain untuk mendukung kebutuhan operasional Sekretariat ITD | Kriteria dan Technical Skill: | - Menguasai Canva dan aplikasi desain grafis (Adobe Photoshop/Illustrator atau Figma), Mampu membuat materi visual seperti poster, infografis, konten digital, dan presentasi, Mampu bekerja secara mandiri maupun dalam tim serta memenuhi target waktu yang ditetapkan.;Kota Adm. Jakarta Selatan;1;Aktif;14/07/2026;28/07/2026;Program studi: Sistem Informasi, Ilmu Komunikasi, Desain Komunikasi Visual, Desain Grafis | Tingkat pendidikan: Diploma, Sarjana;fahri.handika@telkom.co.id;2026-08-11T06:24:29Z
maganghub;a2354c57-6388-419b-b709-c1a51d063595;https://maganghub.kemnaker.go.id/magang-nasional/lowongan/software-engineer-a2354c57-6388-419b-b709-c1a51d063595;019f22ae-93bd-71b3-8329-d2544afdbfa4;Xtra Pembayaran Aman;maganghub-019f22ae-93bd-71b3-8329-d2544afdbfa4;Software Engineer;Melakukan perencanaan, perancangan, dan membangun sistem sesuai dengan hasil market research/case real life. Belajar banyak hal terkait software engineer yang dapat berguna di lingkup pekerjaan yang nyata.;Kota Bandar Lampung;1;Aktif;14/07/2026;28/07/2026;Program studi: Ilmu Komputer, Rekayasa Perangkat Lunak, Sistem Informasi, Teknik informatika, Teknik Komputer | Tingkat pendidikan: Diploma, Sarjana;pt.xtrapembayaranaman@gmail.com;2026-08-11T06:24:31Z
maganghub;a240fd69-bae9-43b3-bc3c-ae0b9aea6a11;https://maganghub.kemnaker.go.id/magang-nasional/lowongan/engineer---network-a240fd69-bae9-43b3-bc3c-ae0b9aea6a11;26a14c82-4201-48d1-b30a-8f8aef2ae568;Perusahaan Perseroan (Persero) PT. Telekomunikasi Indonesia;maganghub-26a14c82-4201-48d1-b30a-8f8aef2ae568;Engineer - Network;Autonomous Network dan Network Virtualization | Tugas dan Tanggung Jawab: | - Mendukung pekerjaan dalam implementasi autonomous network di Telkom Group, network virtualization, dan AI Adoption | Kriteria dan Technical Skill: | - Bekerja secara offline, 8/5 dan menyesuaikan pekerjaan mentor, kolaboratif | - IP Networking, telecommunication, Python, Bash, cloud, ubuntu, github;Kota Adm. Jakarta Selatan;1;Aktif;14/07/2026;28/07/2026;Program studi: Teknik Informatika, Teknik Telekomunikasi | Tingkat pendidikan: Diploma, Sarjana;fahri.handika@telkom.co.id;2026-08-11T06:24:33Z
maganghub;a240ff5a-a3e0-40ac-ae59-d45a401729ce;https://maganghub.kemnaker.go.id/magang-nasional/lowongan/researcher-02---network-a240ff5a-a3e0-40ac-ae59-d45a401729ce;26a14c82-4201-48d1-b30a-8f8aef2ae568;Perusahaan Perseroan (Persero) PT. Telekomunikasi Indonesia;maganghub-26a14c82-4201-48d1-b30a-8f8aef2ae568;Researcher 02 - Network;Research/Kajian Tata kelola Frequency, Solusi Non FO (FSO, NTN), Update Policy IODN | Melakukan detailing mapping resource spectrum frequency, positioning opsi tecnology untuk pengayaan policy, strategy, architecture wireless access network, Update Policy IODN | Tugas dan Tanggung Jawab: | - Mendukung pekerjaan dalam pengayaan policy, strategy & architecture pengelolaan spectrum frequency + Update IODN | Kriteria dan Technical Skill | - Engineering, Programing, Network Drawing | - IP Networking, telecommunication, Promting AI Tools, PPT, XLS, Autocad;Kota Adm. Jakarta Selatan;1;Aktif;14/07/2026;28/07/2026;Program studi: Teknik Elektro | Tingkat pendidikan: Diploma, Sarjana;fahri.handika@telkom.co.id;2026-08-11T06:24:35Z
maganghub;a2435ee0-b173-4a70-8df3-2ac2be785a80;https://maganghub.kemnaker.go.id/magang-nasional/lowongan/human-capital-data-analis-a2435ee0-b173-4a70-8df3-2ac2be785a80;252f5bca-70af-4558-bd45-c4ab67ec01d3;World Horenso Indonesia;maganghub-252f5bca-70af-4558-bd45-c4ab67ec01d3;Human Capital Data Analis;Bertanggung jawab mengelola dan memelihara data karyawan secara akurat, melakukan input dan pembaruan data, menyusun laporan dan analisis data SDM, mendukung administrasi proses rekrutmen, onboarding, hingga evaluasi karyawan, serta memastikan seluruh data dan dokumen Human Capital terdokumentasi dengan baik sesuai kebijakan dan kebutuhan perusahaan.;Kab. Bekasi;1;Aktif;14/07/2026;28/07/2026;Program studi: Manajemen Sumber Daya Manusia, Statistika dan Sains Data, Statistika, Statistika Bisnis, Manajemen Administrasi Perkantoran | Tingkat pendidikan: Sarjana;worldhorenso@gmail.com;2026-08-11T06:24:37Z
maganghub;a2332cb7-0877-426b-92c4-d26e0303d901;https://maganghub.kemnaker.go.id/magang-nasional/lowongan/staff-it,-website-&-digital-marketing-a2332cb7-0877-426b-92c4-d26e0303d901;252f5bca-70af-4558-bd45-c4ab67ec01d3;World Horenso Indonesia;maganghub-252f5bca-70af-4558-bd45-c4ab67ec01d3;Staff IT, Website & Digital Marketing;Staff IT, Website & Digital Marketing ini memiliki tugas sebagai pengelolaan teknologi informasi, website, dan digital marketing, meliputi pengelolaan website, pengembangan web dasar, keamanan sistem, pengelolaan media sosial, digital advertising, analisis performa, penyusunan laporan, serta koordinasi dalam mendukung operasional dan pengembangan sistem digital perusahaan.;Kab. Bekasi;1;Aktif;14/07/2026;28/07/2026;Program studi: Sistem Informasi, Teknik informatika, Teknik Informatika Multimedia, Pendidikan Teknik Informatika dan Komputer, Teknik Komputer | Tingkat pendidikan: Sarjana;worldhorenso@gmail.com;2026-08-11T06:24:38Z
maganghub;a2435cff-dfbc-4411-a8c2-fc2d2d97ff9c;https://maganghub.kemnaker.go.id/magang-nasional/lowongan/staff-penerjemah-japanese-speaker-a2435cff-dfbc-4411-a8c2-fc2d2d97ff9c;252f5bca-70af-4558-bd45-c4ab67ec01d3;World Horenso Indonesia;maganghub-252f5bca-70af-4558-bd45-c4ab67ec01d3;Staff Penerjemah (Japanese Speaker);Minimal N3 dan Bertanggung jawab melakukan penerjemahan lisan dan tertulis antara Bahasa Jepang dan Bahasa Indonesia, mendampingi komunikasi antara pihak Jepang dan Indonesia, menerjemahkan dokumen perusahaan, membantu koordinasi operasional, serta memastikan informasi tersampaikan secara akurat dan efektif guna mendukung kelancaran aktivitas perusahaan.;Kab. Bekasi;1;Aktif;14/07/2026;28/07/2026;Program studi: Bahasa dan Sastra Jepang, Sastra Jepang, Bahasa dan Kebudayaan Jepang, Bahasa Jepang, Pendidikan Bahasa Jepang | Tingkat pendidikan: Sarjana;worldhorenso@gmail.com;2026-08-11T06:24:40Z
maganghub;a240fe51-6ba7-4dee-beac-63c39ec45cd4;https://maganghub.kemnaker.go.id/magang-nasional/lowongan/data-scientist---dps-a240fe51-6ba7-4dee-beac-63c39ec45cd4;26a14c82-4201-48d1-b30a-8f8aef2ae568;Perusahaan Perseroan (Persero) PT. Telekomunikasi Indonesia;maganghub-26a14c82-4201-48d1-b30a-8f8aef2ae568;Data Scientist - DPS;Program Pengembangan Analytical Data untuk Predictive Analytics | Program strategis untuk membangun kapabilitas organisasi dalam memanfaatkan data sebagai penggerak pengambilan keputusan bisnis yang lebih cepat, akurat, dan proaktif. Program ini mencakup penguatan data foundation, pengembangan advanced analytics, serta penerapan predictive model untuk mengidentifikasi peluang, mengantisipasi risiko, dan meningkatkan efektivitas strategi bisnis. | Tujuan Program : | 1. Membangun data foundation yang berkualitas melalui pengelolaan data terstruktur, terintegrasi, dan siap digunakan untuk analisis bisnis. | 2. Mengembangkan kemampuan analytical modeling untuk menghasilkan predictive insight seperti demand forecasting, customer churn prediction, sales opportunity scoring, risk assessment, dan market trend analysis. | 3. Mengintegrasikan hasil analitik ke dalam dashboard dan business tools untuk mendukung monitoring dan pengambilan keputusan secara real-time. | 4. Meningkatkan kemampuan organisasi dalam melakukan proactive decision making melalui pemanfaatan data dan insight prediktif. | 5. Mendukung peningkatan bisnis melalui optimalisasi resource, customer strategy, dan growth opportunity identification. | Tugas dan Tanggung Jawab: | 1. Mendukung pelaksanaan kegiatan operasional harian pada unit kerja yang ditugaskan. | 2. Membantu kegiatan pengolahan, analisis, dan pelaporan data sesuai kebutuhan unit kerja. | 3. Berpartisipasi dalam proyek dan inisiatif yang diberikan oleh mentor atau pembimbing. | 4. Menyusun dokumentasi, bahan presentasi, serta laporan administratif sesuai kebutuhan. | 5. Berkolaborasi secara efektif dengan anggota tim dan pemangku kepentingan terkait. | 6. Menunjukkan profesionalisme, inisiatif, serta semangat belajar yang berkelanjutan selama periode magang. | 7. Mematuhi kebijakan, prosedur, dan etika kerja yang berlaku di perusahaan. | 8. Menjaga kerahasiaan data dan informasi perusahaan yang diperoleh selama pelaksanaan program magang. | Kriteria dan Technical Skill: | 1. Mampu mengoperasikan aplikasi produktivitas perkantoran (Microsoft Office dan/atau Google Workspace) dengan baik. | 2. Memiliki kemampuan analitis dan pemecahan masalah yang baik. | 3. Mampu bekerja secara efektif baik secara mandiri maupun dalam tim. | 4. Memiliki kemampuan komunikasi dan interpersonal yang baik. | 5. Bersedia mengikuti dan menyelesaikan seluruh rangkaian kegiatan magang sesuai dengan kebijakan dan ketentuan perusahaan. | 6. Memiliki kedisiplinan yang baik, termasuk hadir tepat waktu dan mematuhi jadwal yang telah ditetapkan. | 7. Mampu mengoperasikan Excel, word, powerpoint, SQL, Tableau;Kota Adm. Jakarta Selatan;1;Aktif;14/07/2026;28/07/2026;Program studi: Sains Data, Ilmu Komputer, Statistik, Sistem Informasi, Matematika | Tingkat pendidikan: Diploma, Sarjana;fahri.handika@telkom.co.id;2026-08-11T06:24:42Z
maganghub;a240fe60-0ee0-4a39-9215-52705654d809;https://maganghub.kemnaker.go.id/magang-nasional/lowongan/researcher-01---network-a240fe60-0ee0-4a39-9215-52705654d809;26a14c82-4201-48d1-b30a-8f8aef2ae568;Perusahaan Perseroan (Persero) PT. Telekomunikasi Indonesia;maganghub-26a14c82-4201-48d1-b30a-8f8aef2ae568;Researcher 01 - Network;Autonomous Network Development | Melakukan penyusunan dan validasi technical specification Autonomous Network | Tugas dan Tanggung Jawab: | - Technical specification drafting, Requirement mapping, Specification validation, Document gap analysis, Reference benchmarking, Meeting support, Presentation support, Deliverable management | Kriteria dan Technical Skill: | - Network automation, autonomous network, telco network, OSS/BSS, AI/ML for network operations | - Network knowledge (Basic TCP/IP, routing, switching, MPLS, broadband access, transport network, core network), OSS / automation knowledge, API & integration, AI/ML awareness, Office & documentation (Microsoft Office),  Diagramming & design (Visio, draw.io);Kota Adm. Jakarta Selatan;1;Aktif;14/07/2026;28/07/2026;Program studi: Teknik Informatika, Ilmu Komputer, Sistem Informasi, Teknik Elektro, Teknik Telekomunikasi | Tingkat pendidikan: Diploma, Sarjana;fahri.handika@telkom.co.id;2026-08-11T06:24:44Z
maganghub;a239bbb1-01ac-45fe-a8e9-14d6f0d33554;https://maganghub.kemnaker.go.id/magang-nasional/lowongan/social-media-specialist-a239bbb1-01ac-45fe-a8e9-14d6f0d33554;87791476-467d-425a-98af-f5e52aeeafae;Wisma Nusantara International (Pullman Jakarta Indonesia);maganghub-87791476-467d-425a-98af-f5e52aeeafae;Social Media Specialist;Program Magang Nasional Social Media Specialist di Pullman Jakarta Indonesia Thamrin CBD memberikan kesempatan kepada peserta untuk mempelajari dan terlibat langsung dalam pengelolaan media sosial hotel sebagai bagian dari strategi komunikasi dan pemasaran digital. Peserta akan mempelajari pembuatan konten, fotografi dan videografi dasar, penulisan caption, pengelolaan platform media sosial, serta analisis performa konten untuk mendukung branding dan promosi hotel. Melalui pembelajaran teori dan praktik, peserta diharapkan dapat mengembangkan kreativitas, kemampuan komunikasi, serta keterampilan digital marketing sesuai standar Pullman dan Accor.;Kota Adm. Jakarta Pusat;1;Aktif;14/07/2026;28/07/2026;Program studi: Teknik Multimedia Digital, Komunikasi, Perhotelan, Pemasaran Digital, Desain Komunikasi Visual | Tingkat pendidikan: Diploma, Sarjana, Profesi;kadek.bayu-wiranantaja@accor.com;2026-08-11T06:24:46Z
maganghub;a239ba4a-124d-4ae2-a38e-09a4225b9d2e;https://maganghub.kemnaker.go.id/magang-nasional/lowongan/guest-experience-officer-a239ba4a-124d-4ae2-a38e-09a4225b9d2e;87791476-467d-425a-98af-f5e52aeeafae;Wisma Nusantara International (Pullman Jakarta Indonesia);maganghub-87791476-467d-425a-98af-f5e52aeeafae;Guest Experience Officer;Program Magang Nasional Guest Experience Officer di Pullman Jakarta Indonesia Thamrin CBD memberikan kesempatan kepada peserta untuk mempelajari dan terlibat langsung dalam upaya meningkatkan pengalaman tamu selama menginap. Peserta akan mempelajari standar pelayanan tamu, komunikasi yang efektif, pengelolaan umpan balik tamu, penanganan permintaan dan keluhan, serta koordinasi dengan berbagai departemen untuk memastikan kepuasan tamu. Melalui pembelajaran teori dan praktik, peserta diharapkan dapat mengembangkan keterampilan pelayanan, empati, komunikasi, dan problem solving sesuai standar Pullman dan Accor. | Lingkup Kerja | Menyambut dan berinteraksi dengan tamu untuk memastikan pengalaman menginap yang positif. | Membantu menangani permintaan dan kebutuhan tamu selama menginap. | Mendukung pengelolaan umpan balik tamu melalui berbagai saluran komunikasi. | Membantu menindaklanjuti keluhan dan permasalahan tamu sesuai arahan supervisor. | Melakukan guest engagement untuk membangun hubungan yang baik dengan tamu. | Berkoordinasi dengan Front Office, Housekeeping, Food & Beverage, dan departemen terkait untuk memenuhi kebutuhan tamu. | Membantu memantau tingkat kepuasan tamu dan mendukung kegiatan service recovery. | Membantu penyusunan laporan dan dokumentasi terkait aktivitas Guest Experience. | Melaksanakan tugas operasional lainnya sesuai kebutuhan departemen. | Melalui kegiatan tersebut, peserta akan memperoleh pengalaman langsung dalam pengelolaan pengalaman tamu serta memahami peran Guest Experience dalam meningkatkan kepuasan dan loyalitas tamu di industri hospitality.;Kota Adm. Jakarta Pusat;1;Aktif;14/07/2026;28/07/2026;Program studi: Perhotelan, Manajemen Perhotelan, Bahasa Inggris, Manajemen Perhotelan dan Pariwisata, Pengelolaan Perhotelan | Tingkat pendidikan: Diploma, Sarjana, Profesi;kadek.bayu-wiranantaja@accor.com;2026-08-11T06:24:48Z
maganghub;a23cf3bf-a0fc-41cb-b17c-618d492e8538;https://maganghub.kemnaker.go.id/magang-nasional/lowongan/hygiene-&-safety-officer-haccp-a23cf3bf-a0fc-41cb-b17c-618d492e8538;87791476-467d-425a-98af-f5e52aeeafae;Wisma Nusantara International (Pullman Jakarta Indonesia);maganghub-87791476-467d-425a-98af-f5e52aeeafae;Hygiene & Safety Officer (HACCP);Tujuan Jabatan | Memastikan penerapan standar kebersihan, keamanan pangan (HACCP), sanitasi, dan keselamatan kerja di seluruh area operasional hotel, khususnya Food & Beverage, guna memenuhi persyaratan peraturan, standar perusahaan, serta melindungi kesehatan tamu dan karyawan. | Tugas dan Tanggung Jawab | Mengimplementasikan, memonitor, dan mengevaluasi sistem Hazard Analysis and Critical Control Points (HACCP) di seluruh area F&B. | Melakukan inspeksi rutin terhadap kebersihan dapur, restoran, gudang, receiving area, dan area food preparation. | Memastikan penerapan Good Hygiene Practices (GHP), Good Manufacturing Practices (GMP), dan prosedur sanitasi. | Memantau suhu penyimpanan makanan, chiller, freezer, hot holding, serta memastikan pencatatan dilakukan secara akurat. | Melakukan audit internal HACCP, food safety, dan hygiene sesuai jadwal. | Mengidentifikasi ketidaksesuaian, melakukan investigasi, serta memastikan tindakan perbaikan dan pencegahan (Corrective and Preventive Actions/CAPA). | Mengembangkan dan memperbarui SOP, SSOP (Sanitation Standard Operating Procedures), serta dokumentasi HACCP. | Memberikan pelatihan dan sosialisasi mengenai keamanan pangan, personal hygiene, sanitasi, dan food handling kepada seluruh Heartist terkait. | Berkoordinasi dengan Executive Chef, Stewarding, Purchasing, Receiving, Housekeeping, Engineering, dan outlet F&B dalam menjaga standar kebersihan. | Melakukan pemantauan terhadap program pest control bersama vendor yang ditunjuk. | Memastikan penggunaan bahan kimia pembersih sesuai prosedur dan aman. | Mendukung persiapan audit internal maupun eksternal, termasuk audit HACCP, halal, kesehatan lingkungan, atau audit perusahaan. | Menyusun laporan inspeksi, audit, tren temuan, dan rekomendasi perbaikan kepada manajemen.;Kota Adm. Jakarta Pusat;1;Aktif;14/07/2026;28/07/2026;Program studi: Ilmu Gizi Masyarakat dan Keluarga, Administrasi, Manajemen Industri Jasa Makanan dan Gizi, Ilmu Gizi | Tingkat pendidikan: Diploma, Sarjana, Profesi;kadek.bayu-wiranantaja@accor.com;2026-08-11T06:24:49Z
maganghub;a2415220-7d0f-4c08-95dd-12aee3898d39;https://maganghub.kemnaker.go.id/magang-nasional/lowongan/analis-pengelolaan-keuangan-apbn-a2415220-7d0f-4c08-95dd-12aee3898d39;8db504dd-3798-4725-929f-8893a0790ca5;Balai Harta Peninggalan Medan;maganghub-8db504dd-3798-4725-929f-8893a0790ca5;Analis Pengelolaan Keuangan APBN;Melaksanakan kegiatan analisis, pengelolaan, pelaksanaan, pengendalian, dan evaluasi pengelolaan keuangan yang bersumber dari Anggaran Pendapatan dan Belanja Negara (APBN) sesuai dengan ketentuan peraturan perundang-undangan.;Kota Medan;2;Aktif;14/07/2026;28/07/2026;Program studi: Ekonomi Pembangunan, Akuntansi Keuangan, Akuntansi Sektor Publik, Akuntansi Keuangan Publik, Akuntansi | Tingkat pendidikan: Sarjana, Diploma;;2026-08-11T06:24:53Z
maganghub;a2416874-db81-46a9-8916-cc1b82b7446d;https://maganghub.kemnaker.go.id/magang-nasional/lowongan/pranata-hubungan-masyarakat-a2416874-db81-46a9-8916-cc1b82b7446d;d186e27f-58d1-4a9a-a535-d3a1e3e426a8;Balai Harta Peninggalan Surabaya;maganghub-d186e27f-58d1-4a9a-a535-d3a1e3e426a8;Pranata Hubungan Masyarakat;Lingkup tugas pada jabatan ini peserta diharapkan mampu menguasai pemahaman dan praktek tingkat dasar seorang Pranata Hubungan Masyarakat sesuai kurikulum pembelajaran;Kab. Sidoarjo;2;Aktif;14/07/2026;28/07/2026;Program studi: Komunikasi, Ilmu Hubungan Masyarakat, Desain Komunikasi Visual, Komunikasi Digital dan Media, Hubungan Masyarakat Dan Komunikasi Digital | Tingkat pendidikan: Sarjana;;2026-08-11T06:24:55Z
maganghub;a2410638-186a-4db9-9137-65a56f17887a;https://maganghub.kemnaker.go.id/magang-nasional/lowongan/pengelola-dan-penyusun-laporan-a2410638-186a-4db9-9137-65a56f17887a;b29a4646-04ca-4853-a393-4af0c6b74c02;KANIM KELAS III NON TPI WAKATOBI;maganghub-b29a4646-04ca-4853-a393-4af0c6b74c02;PENGELOLA DAN PENYUSUN LAPORAN;1. Mengumpulkan data dari unit kerja untuk disusun menjadi laporan kegiatan. | 2. Memeriksa kelengkapan dan akurasi data laporan. | 3. Membuat ringkasan hasil kegiatan atau program. | 4. Menyusun laporan akhir untuk pimpinan.;Kab. Wakatobi;2;Aktif;14/07/2026;28/07/2026;Program studi: Ilmu Administrasi Publik, Pendidikan Administrasi Perkantoran, Ilmu Politik, Hukum | Tingkat pendidikan: Sarjana;;2026-08-11T06:24:57Z
maganghub;a240fffc-67bc-47a2-beb0-713430a4a7f0;https://maganghub.kemnaker.go.id/magang-nasional/lowongan/duta-layanan-a240fffc-67bc-47a2-beb0-713430a4a7f0;b29a4646-04ca-4853-a393-4af0c6b74c02;KANIM KELAS III NON TPI WAKATOBI;maganghub-b29a4646-04ca-4853-a393-4af0c6b74c02;DUTA LAYANAN;1. Memberikan pelayanan langsung kepada masyarakat dengan ramah dan informatif. | 2. Menjawab pertanyaan serta membantu pengurusan layanan publik. | 3. Menyampaikan keluhan masyarakat kepada unit terkait. | 4. Menjaga citra positif lembaga.;Kab. Wakatobi;2;Aktif;14/07/2026;28/07/2026;Program studi: Komunikasi, Hubungan Masyarakat, Pariwisata | Tingkat pendidikan: Sarjana;;2026-08-11T06:24:59Z
maganghub;a24102ff-5e26-432e-8de4-225243987e68;https://maganghub.kemnaker.go.id/magang-nasional/lowongan/pengelola-sdm-a24102ff-5e26-432e-8de4-225243987e68;b29a4646-04ca-4853-a393-4af0c6b74c02;KANIM KELAS III NON TPI WAKATOBI;maganghub-b29a4646-04ca-4853-a393-4af0c6b74c02;PENGELOLA SDM;1. Menyusun dan mengelola data kepegawaian secara akurat, lengkap, dan mutakhir. | 2. Melaksanakan administrasi kepegawaian. | 3. Menyusun laporan kepegawaian secara berkala.;Kab. Wakatobi;2;Aktif;14/07/2026;28/07/2026;Program studi: Administrasi Publik, Administrasi Pemerintahan, Informasi, Perpustakaan & Kearsipan, Administrasi Perkantoran, Administrasi Negara | Tingkat pendidikan: Sarjana;;2026-08-11T06:25:01Z
maganghub;a240fe5c-2244-42fb-891c-bff8cac041aa;https://maganghub.kemnaker.go.id/magang-nasional/lowongan/pengelola-bmn-dan-fasilitas-umum-a240fe5c-2244-42fb-891c-bff8cac041aa;b29a4646-04ca-4853-a393-4af0c6b74c02;KANIM KELAS III NON TPI WAKATOBI;maganghub-b29a4646-04ca-4853-a393-4af0c6b74c02;PENGELOLA BMN DAN FASILITAS UMUM;1. Mengelola aset dan inventaris milik negara di unit kerja. | 2. Mencatat penerimaan, pemakaian, dan penghapusan barang. | 3. Melakukan inventarisasi berkala. | 4. Menyusun laporan aset sesuai ketentuan.;Kab. Wakatobi;2;Aktif;14/07/2026;28/07/2026;Program studi: Administrasi, Manajemen Aset Publik, Manajemen Administrasi | Tingkat pendidikan: Sarjana;;2026-08-11T06:25:03Z
maganghub;a243b700-9f82-4fad-91f4-8357603e3dd2;https://maganghub.kemnaker.go.id/magang-nasional/lowongan/staf-bidang-administrasi-dan-pengembangan-pelatihan-a243b700-9f82-4fad-91f4-8357603e3dd2;69af1e51-64f0-4fa9-bf7e-bfec924239af;Pusat Pelatihan SDM Pencarian dan Pertolongan;maganghub-69af1e51-64f0-4fa9-bf7e-bfec924239af;Staf Bidang Administrasi dan Pengembangan Pelatihan;"'- Mendukung pelaksanaan administrasi dan operasional Pusat Pelatihan guna memastikan kelancaran kegiatan serta pengelolaan dokumen secara efektif; | - Membantu penyusunan, reviu, dan penyempurnaan dokumen Norma, Standar, Prosedur, dan Kriteria (NSPK), pedoman, standar operasional prosedur (SOP), petunjuk teknis, serta dokumen pendukung penyelenggaraan pelatihan; | - Mengelola data administrasi, menyusun media informasi dan publikasi, serta melakukan dokumentasi dan penyuntingan foto maupun video untuk mendukung kebutuhan komunikasi dan publikasi Pusat Pelatihan. | - Melaksanakan tugas lain yang sesuai dengan kebutuhan Pusat Pelatihan. | Membuat desain media informasi menggunakan ap; | Membantu editing foto dan video dokumentasi. | Menyusun laporan administrasi dan rekapitulasi data.";Kota Adm. Jakarta Pusat;2;Aktif;14/07/2026;28/07/2026;Program studi: Manajemen Pendidikan, Administrasi Pendidikan | Tingkat pendidikan: Sarjana;;2026-08-11T06:25:05Z
maganghub;a243c099-c0bc-4aae-b325-4d3610612b51;https://maganghub.kemnaker.go.id/magang-nasional/lowongan/human-resource-officer-a243c099-c0bc-4aae-b325-4d3610612b51;3d5bc233-bf54-419d-9d7a-81351cde33a3;Sekretariat Direktorat Jenderal Perikanan Tangkap;maganghub-3d5bc233-bf54-419d-9d7a-81351cde33a3;Human Resource Officer;1. Melakukan pemetaan kondisi SDM (wawancara, observasi, analis data) | 2. Mengidentifikasi kesenjangan antara kompetensi yang dimiliki dengan yang dibutuhkan (competency gap analysis) | 3. Menyusun rencana pengembangan pegawai | 4. Membantu menyusun Talent Management;Kota Adm. Jakarta Pusat;2;Aktif;14/07/2026;28/07/2026;Program studi: Manajemen Sumber Daya Manusia, Manajemen, Psikologi | Tingkat pendidikan: Sarjana;;2026-08-11T06:25:07Z
maganghub;a23f303e-fc61-45a7-be1b-e682c1ba20e3;https://maganghub.kemnaker.go.id/magang-nasional/lowongan/asisten-pengelola-keuangan-a23f303e-fc61-45a7-be1b-e682c1ba20e3;195b6622-9d73-4a2e-8a06-9a1f70a6b1ac;BPS Kabupaten Flores Timur;maganghub-195b6622-9d73-4a2e-8a06-9a1f70a6b1ac;Asisten Pengelola Keuangan;Membantu proses pengelolaan administrasi keuangan, termasuk pencatatan transaksi, verifikasi dokumen pendukung, penyusunan laporan keuangan, serta memastikan kepatuhan pada aturan pengelolaan anggaran.;Kab. Flores Timur;2;Aktif;14/07/2026;28/07/2026;Program studi: Administrasi | Tingkat pendidikan: Sarjana, Diploma;;2026-08-11T06:25:09Z
maganghub;a23f32ea-8f42-41e8-afa7-70df3a81eb29;https://maganghub.kemnaker.go.id/magang-nasional/lowongan/asisten-publisitas-dan-kehumasan-a23f32ea-8f42-41e8-afa7-70df3a81eb29;195b6622-9d73-4a2e-8a06-9a1f70a6b1ac;BPS Kabupaten Flores Timur;maganghub-195b6622-9d73-4a2e-8a06-9a1f70a6b1ac;Asisten Publisitas dan Kehumasan;Mendukung kegiatan kehumasan seperti penyusunan publikasi, pengelolaan media sosial, dokumentasi kegiatan, penyusunan rilis informasi, serta membangun komunikasi internal dan eksternal.;Kab. Flores Timur;2;Aktif;14/07/2026;28/07/2026;Program studi: Teknologi Informasi | Tingkat pendidikan: Diploma, Sarjana;;2026-08-11T06:25:11Z
maganghub;a240cd2f-d80e-471c-83b4-fc5523c7cb72;https://maganghub.kemnaker.go.id/magang-nasional/lowongan/pengelola-kegiatan-kerja-a240cd2f-d80e-471c-83b4-fc5523c7cb72;54c70436-4841-4e31-a2b1-a53724b7adab;LEMBAGA PEMASYARAKATAN KELAS IIB TELUK KUANTAN;maganghub-54c70436-4841-4e31-a2b1-a53724b7adab;PENGELOLA KEGIATAN KERJA;"1.	Menyusun rencana dan mengelola kegiatan kerja warga binaan di bidang pertanian, peternakan, perikanan, atau perkebunan sesuai dengan potensi dan sarana yang tersedia. | 2.	Membimbing dan mengawasi pelaksanaan kegiatan kerja warga binaan agar sesuai dengan standar teknis, keselamatan kerja, dan tujuan pembinaan kemandirian. | 3.	Mengembangkan program pelatihan keterampilan dan kewirausahaan di bidang pertanian, peternakan, perikanan, atau perkebunan sebagai bekal reintegrasi sosial warga binaan. | 4.	Melakukan pemantauan dan evaluasi terhadap hasil pelaksanaan kegiatan kerja serta produktivitas program pembinaan kemandirian. | 5.	Mengelola sarana, prasarana, bahan, dan hasil produksi kegiatan kerja untuk mendukung keberlangsungan program pembinaan. | 6.	Berkoordinasi dengan unit kerja, instansi terkait, dan mitra kerja dalam pengembangan kegiatan kerja dan pemasaran hasil produksi sesuai ketentuan yang berlaku. | 7.	Menyusun dokumentasi, laporan pelaksanaan, dan evaluasi kegiatan kerja sebagai bahan pengambilan kebijakan dan peningkatan kualitas program pembinaan.";Kab. Kuantan Singingi;2;Aktif;14/07/2026;28/07/2026;Program studi: Agroteknologi Pertanian | Tingkat pendidikan: Sarjana;;2026-08-11T06:25:13Z
maganghub;a240d326-69a8-4acf-8a78-65df70d34492;https://maganghub.kemnaker.go.id/magang-nasional/lowongan/pengelola-kegiatan-kerja-a240d326-69a8-4acf-8a78-65df70d34492;54c70436-4841-4e31-a2b1-a53724b7adab;LEMBAGA PEMASYARAKATAN KELAS IIB TELUK KUANTAN;maganghub-54c70436-4841-4e31-a2b1-a53724b7adab;PENGELOLA KEGIATAN KERJA;"1.	Menyusun rencana dan mengelola kegiatan kerja warga binaan di bidang pertanian, peternakan, perikanan, atau perkebunan sesuai dengan potensi dan sarana yang tersedia. | 2.	Membimbing dan mengawasi pelaksanaan kegiatan kerja warga binaan agar sesuai dengan standar teknis, keselamatan kerja, dan tujuan pembinaan kemandirian. | 3.	Mengembangkan program pelatihan keterampilan dan kewirausahaan di bidang pertanian, peternakan, perikanan, atau perkebunan sebagai bekal reintegrasi sosial warga binaan. | 4.	Melakukan pemantauan dan evaluasi terhadap hasil pelaksanaan kegiatan kerja serta produktivitas program pembinaan kemandirian. | 5.	Mengelola sarana, prasarana, bahan, dan hasil produksi kegiatan kerja untuk mendukung keberlangsungan program pembinaan. | 6.	Berkoordinasi dengan unit kerja, instansi terkait, dan mitra kerja dalam pengembangan kegiatan kerja dan pemasaran hasil produksi sesuai ketentuan yang berlaku. | 7.	Menyusun dokumentasi, laporan pelaksanaan, dan evaluasi kegiatan kerja sebagai bahan pengambilan kebijakan dan peningkatan kualitas program pembinaan.";Kab. Kuantan Singingi;2;Aktif;14/07/2026;28/07/2026;Program studi: Peternakan | Tingkat pendidikan: Sarjana;;2026-08-11T06:25:15Z
maganghub;a240d360-b583-4617-875b-4c0ec23002fa;https://maganghub.kemnaker.go.id/magang-nasional/lowongan/pengelola-kegiatan-kerja-a240d360-b583-4617-875b-4c0ec23002fa;54c70436-4841-4e31-a2b1-a53724b7adab;LEMBAGA PEMASYARAKATAN KELAS IIB TELUK KUANTAN;maganghub-54c70436-4841-4e31-a2b1-a53724b7adab;PENGELOLA KEGIATAN KERJA;"1.	Menyusun rencana dan mengelola kegiatan kerja warga binaan di bidang pertanian, peternakan, perikanan, atau perkebunan sesuai dengan potensi dan sarana yang tersedia. | 2.	Membimbing dan mengawasi pelaksanaan kegiatan kerja warga binaan agar sesuai dengan standar teknis, keselamatan kerja, dan tujuan pembinaan kemandirian. | 3.	Mengembangkan program pelatihan keterampilan dan kewirausahaan di bidang pertanian, peternakan, perikanan, atau perkebunan sebagai bekal reintegrasi sosial warga binaan. | 4.	Melakukan pemantauan dan evaluasi terhadap hasil pelaksanaan kegiatan kerja serta produktivitas program pembinaan kemandirian. | 5.	Mengelola sarana, prasarana, bahan, dan hasil produksi kegiatan kerja untuk mendukung keberlangsungan program pembinaan. | 6.	Berkoordinasi dengan unit kerja, instansi terkait, dan mitra kerja dalam pengembangan kegiatan kerja dan pemasaran hasil produksi sesuai ketentuan yang berlaku. | 7.	Menyusun dokumentasi, laporan pelaksanaan, dan evaluasi kegiatan kerja sebagai bahan pengambilan kebijakan dan peningkatan kualitas program pembinaan.";Kab. Kuantan Singingi;2;Aktif;14/07/2026;28/07/2026;Program studi: Perikanan | Tingkat pendidikan: Sarjana;;2026-08-11T06:25:17Z
maganghub;a2417ba8-7860-45d3-8df1-fe66171db09d;https://maganghub.kemnaker.go.id/magang-nasional/lowongan/asisten-pengelola-data-a2417ba8-7860-45d3-8df1-fe66171db09d;40074941-401d-4c8e-ac69-618c07a85716;Sekretariat Direktorat Jenderal Perkebunan;maganghub-40074941-401d-4c8e-ac69-618c07a85716;Asisten Pengelola Data;Membantu memberikan dukungan teknis dalam pelaksanaan pengelolaan data melalui kegiatan pengumpulan, penginputan, pengolahan, dan penyajian data | Membantu memberikan dukungan teknis dalam pelaksanaan pengelolaan data melalui kegiatan pengumpulan, penginputan, pengolahan, dan penyajian data;Kota Adm. Jakarta Selatan;2;Aktif;14/07/2026;28/07/2026;Program studi: Teknologi Informasi, Ilmu Komputer, Administrasi, Sistem Informasi | Tingkat pendidikan: Sarjana;;2026-08-11T06:25:19Z
maganghub;a242db66-0b89-40b9-bc9c-79d4cc973127;https://maganghub.kemnaker.go.id/magang-nasional/lowongan/pengelola-kegiatan-kerja-pertanian-a242db66-0b89-40b9-bc9c-79d4cc973127;225a3d8e-da2a-4a21-a77a-79edc22b792d;LEMBAGA PEMASYARAKATAN KELAS IIB TEGAL;maganghub-225a3d8e-da2a-4a21-a77a-79edc22b792d;PENGELOLA KEGIATAN KERJA PERTANIAN;1. Menyusun rencana dan mengelola kegiatan kerja warga binaan di bidang pertanian, peternakan, perikanan, atau perkebunan sesuai dengan potensi dan sarana yang tersedia. | 2. Membimbing dan mengawasi pelaksanaan kegiatan kerja warga binaan agar sesuai dengan standar teknis, keselamatan kerja, dan tujuan pembinaan kemandirian. | 3. Mengembangkan program pelatihan keterampilan dan kewirausahaan di bidang pertanian, peternakan, perikanan, atau perkebunan sebagai bekal reintegrasi sosial warga binaan. | 4. Melakukan pemantauan dan evaluasi terhadap hasil pelaksanaan kegiatan kerja serta produktivitas program pembinaan kemandirian. | 5. Mengelola sarana, prasarana, bahan, dan hasil produksi kegiatan kerja untuk mendukung keberlangsungan program pembinaan. | 6. Berkoordinasi dengan unit kerja, instansi terkait, dan mitra kerja dalam pengembangan kegiatan kerja dan pemasaran hasil produksi sesuai ketentuan yang berlaku. | 7. Menyusun dokumentasi, laporan pelaksanaan, dan evaluasi kegiatan kerja sebagai bahan pengambilan kebijakan dan peningkatan kualitas program pembinaan;Kota Tegal;2;Aktif;14/07/2026;28/07/2026;Program studi: Ilmu Pertanian | Tingkat pendidikan: Sarjana;;2026-08-11T06:25:21Z
maganghub;a242dad6-5160-48a6-8873-b6041c825ae6;https://maganghub.kemnaker.go.id/magang-nasional/lowongan/pengelola-kegiatan-kerja-peternakan-a242dad6-5160-48a6-8873-b6041c825ae6;225a3d8e-da2a-4a21-a77a-79edc22b792d;LEMBAGA PEMASYARAKATAN KELAS IIB TEGAL;maganghub-225a3d8e-da2a-4a21-a77a-79edc22b792d;PENGELOLA KEGIATAN KERJA PETERNAKAN;1. Menyusun rencana dan mengelola kegiatan kerja warga binaan di bidang pertanian, peternakan, perikanan, atau perkebunan sesuai dengan potensi dan sarana yang tersedia. | 2. Membimbing dan mengawasi pelaksanaan kegiatan kerja warga binaan agar sesuai dengan standar teknis, keselamatan kerja, dan tujuan pembinaan kemandirian. | 3. Mengembangkan program pelatihan keterampilan dan kewirausahaan di bidang pertanian, peternakan, perikanan, atau perkebunan sebagai bekal reintegrasi sosial warga binaan. | 4. Melakukan pemantauan dan evaluasi terhadap hasil pelaksanaan kegiatan kerja serta produktivitas program pembinaan kemandirian. | 5. Mengelola sarana, prasarana, bahan, dan hasil produksi kegiatan kerja untuk mendukung keberlangsungan program pembinaan. | 6. Berkoordinasi dengan unit kerja, instansi terkait, dan mitra kerja dalam pengembangan kegiatan kerja dan pemasaran hasil produksi sesuai ketentuan yang berlaku. | 7. Menyusun dokumentasi, laporan pelaksanaan, dan evaluasi kegiatan kerja sebagai bahan pengambilan kebijakan dan peningkatan kualitas program pembinaan;Kota Tegal;2;Aktif;14/07/2026;28/07/2026;Program studi: Peternakan | Tingkat pendidikan: Sarjana;;2026-08-11T06:25:23Z
maganghub;a242d9fa-4efa-43e3-99c3-51b7babac94e;https://maganghub.kemnaker.go.id/magang-nasional/lowongan/pengelola-kegiatan-kerj-aperikanan-a242d9fa-4efa-43e3-99c3-51b7babac94e;225a3d8e-da2a-4a21-a77a-79edc22b792d;LEMBAGA PEMASYARAKATAN KELAS IIB TEGAL;maganghub-225a3d8e-da2a-4a21-a77a-79edc22b792d;PENGELOLA KEGIATAN KERJ APERIKANAN;1. Menyusun rencana dan mengelola kegiatan kerja warga binaan di bidang pertanian, peternakan, perikanan, atau perkebunan sesuai dengan potensi dan sarana yang tersedia. | 2. Membimbing dan mengawasi pelaksanaan kegiatan kerja warga binaan agar sesuai dengan standar teknis, keselamatan kerja, dan tujuan pembinaan kemandirian. | 3. Mengembangkan program pelatihan keterampilan dan kewirausahaan di bidang pertanian, peternakan, perikanan, atau perkebunan sebagai bekal reintegrasi sosial warga binaan. | 4. Melakukan pemantauan dan evaluasi terhadap hasil pelaksanaan kegiatan kerja serta produktivitas program pembinaan kemandirian. | 5. Mengelola sarana, prasarana, bahan, dan hasil produksi kegiatan kerja untuk mendukung keberlangsungan program pembinaan. | 6. Berkoordinasi dengan unit kerja, instansi terkait, dan mitra kerja dalam pengembangan kegiatan kerja dan pemasaran hasil produksi sesuai ketentuan yang berlaku. | 7. Menyusun dokumentasi, laporan pelaksanaan, dan evaluasi kegiatan kerja sebagai bahan pengambilan kebijakan dan peningkatan kualitas program pembinaan;Kota Tegal;2;Aktif;14/07/2026;28/07/2026;Program studi: Perikanan | Tingkat pendidikan: Sarjana;;2026-08-11T06:25:25Z
maganghub;a23f4842-6490-477a-9333-24bc40ac4bad;https://maganghub.kemnaker.go.id/magang-nasional/lowongan/pengelola-kehumasan-a23f4842-6490-477a-9333-24bc40ac4bad;ca3c2a11-6ea0-4815-9c1b-6f3e3005b054;KANIM KELAS III NON TPI TANJUNG REDEB;maganghub-ca3c2a11-6ea0-4815-9c1b-6f3e3005b054;PENGELOLA KEHUMASAN;"""1. Menyusun materi layanan informasi untuk media elektronik | 2. Menyusun berita pelayanan informasi dan kehumasan melalui media: cetak, elektornik dan daring (online) | 3. Menyusun naskah pelayanan informasi dan kehumasan dalam bentuk: ceramah, piodato, dan bahan tayang | 4. Menyelenggarakan penerbitan materi pelayanan informasi untuk media cetak, elektronik, dan daring (online) | 5. Melaksanakan tugas peliputan kegiatan kelembagaan dalan bentuk foto dan video""";Kab. Berau;2;Aktif;14/07/2026;28/07/2026;Program studi: Hubungan Masyarakat, Ilmu Komunikasi, Desain Komunikasi Visual | Tingkat pendidikan: Sarjana;;2026-08-11T06:25:27Z
maganghub;a23f9169-1be8-45f6-82a9-1067af960671;https://maganghub.kemnaker.go.id/magang-nasional/lowongan/asisten-arsiparis-a23f9169-1be8-45f6-82a9-1067af960671;3dde182f-f975-4c75-bf5a-f5fe9e5a1b53;BPS Kabupaten Serang;maganghub-3dde182f-f975-4c75-bf5a-f5fe9e5a1b53;Asisten Arsiparis;"Mendukung penyusunan, pengelolaan, penyimpanan, dan pemeliharaan arsip; memastikan arsip mudah diakses; serta membantu kegiatan pemindahan, digitalisasi, dan pemusnahan arsip sesuai ketentuan.";Kab. Serang;2;Aktif;14/07/2026;28/07/2026;Program studi: Kearsipan, Manajemen Informasi Komunikasi, Ilmu Perpustakaan, Administrasi Perkantoran | Tingkat pendidikan: Sarjana;;2026-08-11T06:25:31Z
maganghub;a24344e2-0c7b-40ff-80d9-53a189a86172;https://maganghub.kemnaker.go.id/magang-nasional/lowongan/pembantu-pembimbing-kemasyarakatan-a24344e2-0c7b-40ff-80d9-53a189a86172;d3b58ed7-5772-4f3f-956b-52baf4530a96;BALAI PEMASYARAKATAN KELAS II SIBOLGA;maganghub-d3b58ed7-5772-4f3f-956b-52baf4530a96;PEMBANTU PEMBIMBING KEMASYARAKATAN;1. Membantu Pembimbing Kemasyarakatan mendampingi klien pemasyarakatan. | 2. Mengumpulkan data sosial klien dan keluarga. | 3. Membantu penyusunan laporan hasil pembimbingan. | 4. Menyampaikan perkembangan perilaku klien kepada atasan;Kota Sibolga;2;Aktif;14/07/2026;28/07/2026;Program studi: Ilmu Kesejahteraan Sosial | Tingkat pendidikan: Sarjana;;2026-08-11T06:25:33Z
maganghub;a23f7d32-0e68-4fef-b04f-3786b5dedc5f;https://maganghub.kemnaker.go.id/magang-nasional/lowongan/asisten-pranata-komputer-a23f7d32-0e68-4fef-b04f-3786b5dedc5f;af3a869d-e240-49b7-8f01-b847cabef847;BPS Kabupaten Pesisir Selatan;maganghub-af3a869d-e240-49b7-8f01-b847cabef847;Asisten Pranata Komputer;Membantu pengelolaan sistem teknologi informasi, termasuk pemeliharaan perangkat keras dan lunak, dukungan teknis pengguna, pengelolaan jaringan, serta membantu pengembangan aplikasi sederhana.;Kab. Pesisir Selatan;2;Aktif;14/07/2026;28/07/2026;Program studi: Teknik Informatika, Sains Data, Ilmu Komputer, Rekayasa Perangkat Lunak, Sistem Informasi Geografis | Tingkat pendidikan: Sarjana;;2026-08-11T06:25:35Z
maganghub;a23f8cb4-ce96-43fd-b228-0a273affa8e1;https://maganghub.kemnaker.go.id/magang-nasional/lowongan/asisten-publisitas-dan-kehumasan-a23f8cb4-ce96-43fd-b228-0a273affa8e1;ae0f04c7-5d74-44c6-b4b3-a32c9d809829;BPS Kabupaten Musi Banyuasin;maganghub-ae0f04c7-5d74-44c6-b4b3-a32c9d809829;Asisten Publisitas dan Kehumasan;Mendukung kegiatan kehumasan seperti penyusunan publikasi, pengelolaan media sosial, dokumentasi kegiatan, penyusunan rilis informasi, serta membangun komunikasi internal dan eksternal.;Kab. Musi Banyuasin;2;Aktif;14/07/2026;28/07/2026;Program studi: Teknik Multimedia Digital, Hubungan Internasional, Ilmu Komunikasi, Komunikasi Digital dan Media, Hubungan Masyarakat Dan Komunikasi Digital | Tingkat pendidikan: Diploma, Sarjana;;2026-08-11T06:25:37Z
maganghub;a23f826d-8497-4ce2-9360-473cf41812fd;https://maganghub.kemnaker.go.id/magang-nasional/lowongan/asisten-statistisi-a23f826d-8497-4ce2-9360-473cf41812fd;ae0f04c7-5d74-44c6-b4b3-a32c9d809829;BPS Kabupaten Musi Banyuasin;maganghub-ae0f04c7-5d74-44c6-b4b3-a32c9d809829;Asisten Statistisi;"Membantu pengumpulan, pengolahan, verifikasi, dan penyajian data statistik; mendukung kegiatan survei dan analisis data untuk menghasilkan informasi statistik yang akurat.";Kab. Musi Banyuasin;2;Aktif;14/07/2026;28/07/2026;Program studi: Ilmu Ekonomi, Statistika dan Sains Data, Sistem Informasi, Statistika, Matematika | Tingkat pendidikan: Diploma, Sarjana;;2026-08-11T06:25:39Z
maganghub;a243448d-3bb8-427b-b9c9-d56bef100eb4;https://maganghub.kemnaker.go.id/magang-nasional/lowongan/pembantu-pembimbing-kemasyarakatan-a243448d-3bb8-427b-b9c9-d56bef100eb4;d3b58ed7-5772-4f3f-956b-52baf4530a96;BALAI PEMASYARAKATAN KELAS II SIBOLGA;maganghub-d3b58ed7-5772-4f3f-956b-52baf4530a96;PEMBANTU PEMBIMBING KEMASYARAKATAN;1. Membantu Pembimbing Kemasyarakatan mendampingi klien pemasyarakatan. | 2. Mengumpulkan data sosial klien dan keluarga. | 3. Membantu penyusunan laporan hasil pembimbingan. | 4. Menyampaikan perkembangan perilaku klien kepada atasan;Kota Sibolga;2;Aktif;14/07/2026;28/07/2026;Program studi: Psikologi | Tingkat pendidikan: Sarjana;;2026-08-11T06:25:40Z
maganghub;a23f8165-848a-4b11-94f1-a725098f990d;https://maganghub.kemnaker.go.id/magang-nasional/lowongan/asisten-pengelola-keuangan-a23f8165-848a-4b11-94f1-a725098f990d;ae0f04c7-5d74-44c6-b4b3-a32c9d809829;BPS Kabupaten Musi Banyuasin;maganghub-ae0f04c7-5d74-44c6-b4b3-a32c9d809829;Asisten Pengelola Keuangan;Membantu proses pengelolaan administrasi keuangan, termasuk pencatatan transaksi, verifikasi dokumen pendukung, penyusunan laporan keuangan, serta memastikan kepatuhan pada aturan pengelolaan anggaran.;Kab. Musi Banyuasin;2;Aktif;14/07/2026;28/07/2026;Program studi: Perpajakan, Manajemen, Ilmu Ekonomi, Administrasi Bisnis, Akuntansi | Tingkat pendidikan: Diploma, Sarjana;;2026-08-11T06:25:42Z
maganghub;a23f78d7-91aa-4ed1-9ba4-65b34a36752c;https://maganghub.kemnaker.go.id/magang-nasional/lowongan/staf-umum-a23f78d7-91aa-4ed1-9ba4-65b34a36752c;ac7ebbb7-c76f-4939-86e0-c2608fc82b09;BPS Kabupaten Pasaman;maganghub-ac7ebbb7-c76f-4939-86e0-c2608fc82b09;Staf Umum;Melaksanakan pelayanan administrasi dan operasional perkantoran melalui pengelolaan surat-menyurat, pengarsipan dokumen, penyusunan laporan, pengelolaan inventaris dan logistik, penyiapan kebutuhan rapat dan kegiatan, serta pemberian dukungan pelayanan umum untuk menunjang kelancaran pelaksanaan tugas organisasi.;Kab. Pasaman;2;Aktif;14/07/2026;28/07/2026;Program studi: Akuntansi Manajemen, Akuntansi Manajemen Pemerintahan, Ekonomi dan Pembangunan, Administrasi Keuangan, Administrasi Negara | Tingkat pendidikan: Sarjana;;2026-08-11T06:25:44Z
maganghub;a243454d-17e2-4144-a6fa-4077ce89b8a1;https://maganghub.kemnaker.go.id/magang-nasional/lowongan/pembantu-pembimbing-kemasyarakatan-a243454d-17e2-4144-a6fa-4077ce89b8a1;d3b58ed7-5772-4f3f-956b-52baf4530a96;BALAI PEMASYARAKATAN KELAS II SIBOLGA;maganghub-d3b58ed7-5772-4f3f-956b-52baf4530a96;PEMBANTU PEMBIMBING KEMASYARAKATAN;1. Membantu Pembimbing Kemasyarakatan mendampingi klien pemasyarakatan. | 2. Mengumpulkan data sosial klien dan keluarga. | 3. Membantu penyusunan laporan hasil pembimbingan. | 4. Menyampaikan perkembangan perilaku klien kepada atasan;Kota Sibolga;2;Aktif;14/07/2026;28/07/2026;Program studi: Sosiologi | Tingkat pendidikan: Sarjana;;2026-08-11T06:25:46Z
maganghub;a23f726a-9e63-4eb6-9839-755777125a60;https://maganghub.kemnaker.go.id/magang-nasional/lowongan/asisten-publisitas-dan-kehumasan-a23f726a-9e63-4eb6-9839-755777125a60;762bc697-37b1-4e06-b72f-e5a95e673b30;BPS Kabupaten Lampung Timur;maganghub-762bc697-37b1-4e06-b72f-e5a95e673b30;Asisten Publisitas dan Kehumasan;Mendukung kegiatan kehumasan seperti penyusunan publikasi, pengelolaan media sosial, dokumentasi kegiatan, penyusunan rilis informasi, serta membangun komunikasi internal dan eksternal.;Kab. Lampung Timur;2;Aktif;14/07/2026;28/07/2026;Program studi: Teknologi Multimedia Broadcasting, Teknik Multimedia Digital, Ilmu Komunikasi, Desain Komunikasi Visual, Teknologi Informatika Multimedia Digital | Tingkat pendidikan: Sarjana;;2026-08-11T06:25:48Z
