source,source_id,source_url,perusahaan_source_id,perusahaan_nama,perusahaan_id,judul,slug,deskripsi,lokasi,durasi,kuota,status,tgl_buka,tgl_tutup,syarat,kontak_email,scraped_at
maganghub,a240dfea-ba42-4809-af89-9f8dc2b68433,https://maganghub.kemnaker.go.id/magang-nasional/lowongan/pengelola-bmn-a240dfea-ba42-4809-af89-9f8dc2b68433,28d0720d-482f-4e9a-93f1-c554497b1267,LEMBAGA PEMASYARAKATAN KELAS IIA LOMBOK BARAT,maganghub-28d0720d-482f-4e9a-93f1-c554497b1267,PENGELOLA BMN,pengelola-bmn-a240dfea-ba42-4809-af89-9f8dc2b68433,"1. Mengelola aset dan inventaris milik negara di unit kerja. | 2. Mencatat penerimaan, pemakaian, dan penghapusan barang. | 3. Melakukan inventarisasi berkala. | 4. Menyusun laporan aset sesuai ketentuan.",Kab. Lombok Barat,,1,Aktif,2026-07-14,2026-07-28,Program studi: Manajemen Aset Publik | Tingkat pendidikan: Sarjana,,2026-08-11T05:35:59Z
maganghub,a240d8ca-103d-479e-9e1e-d32757b20439,https://maganghub.kemnaker.go.id/magang-nasional/lowongan/psikiater-a240d8ca-103d-479e-9e1e-d32757b20439,28d0720d-482f-4e9a-93f1-c554497b1267,LEMBAGA PEMASYARAKATAN KELAS IIA LOMBOK BARAT,maganghub-28d0720d-482f-4e9a-93f1-c554497b1267,PSIKIATER,psikiater-a240d8ca-103d-479e-9e1e-d32757b20439,1. Menangani gangguan kesehatan jiwa warga binaan atau pegawai. | 2. Melakukan asesmen psikologis dan terapi. | 3. Menyusun laporan perkembangan pasien. | 4. Memberikan rekomendasi tindak lanjut pemulihan.,Kab. Lombok Barat,,1,Aktif,2026-07-14,2026-07-28,Program studi: Kedokteran | Tingkat pendidikan: Sarjana,,2026-08-11T05:36:01Z
maganghub,a240e056-d2ab-40b6-8d24-04767ce99c9e,https://maganghub.kemnaker.go.id/magang-nasional/lowongan/pengelola-kehumasan-a240e056-d2ab-40b6-8d24-04767ce99c9e,28d0720d-482f-4e9a-93f1-c554497b1267,LEMBAGA PEMASYARAKATAN KELAS IIA LOMBOK BARAT,maganghub-28d0720d-482f-4e9a-93f1-c554497b1267,PENGELOLA KEHUMASAN,pengelola-kehumasan-a240e056-d2ab-40b6-8d24-04767ce99c9e,"1. Menyusun materi layanan informasi untuk media elektronik | 2. Menyusun berita pelayanan informasi dan kehumasan melalui media: cetak, elektornik dan daring (online) | 3. Menyusun naskah pelayanan informasi dan kehumasan dalam bentuk: ceramah, piodato, dan bahan tayang | 4. Menyelenggarakan penerbitan materi pelayanan informasi untuk media cetak, elektronik, dan daring (online) | 5. Melaksanakan tugas peliputan kegiatan kelembagaan dalan bentuk foto dan video",Kab. Lombok Barat,,1,Aktif,2026-07-14,2026-07-28,Program studi: Komunikasi | Tingkat pendidikan: Sarjana,,2026-08-11T05:36:03Z
maganghub,a240d7e9-0168-4979-9b73-a10dfb8cff15,https://maganghub.kemnaker.go.id/magang-nasional/lowongan/perawat-a240d7e9-0168-4979-9b73-a10dfb8cff15,28d0720d-482f-4e9a-93f1-c554497b1267,LEMBAGA PEMASYARAKATAN KELAS IIA LOMBOK BARAT,maganghub-28d0720d-482f-4e9a-93f1-c554497b1267,PERAWAT,perawat-a240d7e9-0168-4979-9b73-a10dfb8cff15,1. Memberikan perawatan medis dasar bagi pegawai dan warga binaan. | 2. Membantu dokter dalam tindakan medis. | 3. Melakukan pencatatan dan pelaporan kondisi pasien. | 4. Menjaga kebersihan serta kesiapan ruang perawatan.,Kab. Lombok Barat,,1,Aktif,2026-07-14,2026-07-28,Program studi: Keperawatan | Tingkat pendidikan: Sarjana,,2026-08-11T05:36:05Z
maganghub,a240e0ab-a3b4-48b6-b3e6-e7332a3f9004,https://maganghub.kemnaker.go.id/magang-nasional/lowongan/pengelola-sdm-a240e0ab-a3b4-48b6-b3e6-e7332a3f9004,28d0720d-482f-4e9a-93f1-c554497b1267,LEMBAGA PEMASYARAKATAN KELAS IIA LOMBOK BARAT,maganghub-28d0720d-482f-4e9a-93f1-c554497b1267,PENGELOLA SDM,pengelola-sdm-a240e0ab-a3b4-48b6-b3e6-e7332a3f9004,"1. Mengumpulkan data dan informasi yang relevan untuk bahan perumusan kebijakan. | 2. Membantu penyusunan naskah akademik, konsep kebijakan, atau pedoman pelaksanaan. | 3. Melakukan analisis sederhana terhadap data pendukung kebijakan. | 4. Menyusun bahan paparan, notulensi, dan laporan hasil rapat kebijakan. | 5. Mengarsipkan dokumen kebijakan dan referensi pendukung.",Kab. Lombok Barat,,1,Aktif,2026-07-14,2026-07-28,Program studi: Manajemen | Tingkat pendidikan: Sarjana,,2026-08-11T05:36:07Z
maganghub,a240d858-a57c-46d0-97e9-38590628f113,https://maganghub.kemnaker.go.id/magang-nasional/lowongan/psikolog-a240d858-a57c-46d0-97e9-38590628f113,28d0720d-482f-4e9a-93f1-c554497b1267,LEMBAGA PEMASYARAKATAN KELAS IIA LOMBOK BARAT,maganghub-28d0720d-482f-4e9a-93f1-c554497b1267,PSIKOLOG,psikolog-a240d858-a57c-46d0-97e9-38590628f113,1. Melaksanakan asesmen psikologis | 2. Memberikan konseling dan rekomendasi psikologis sesuai kebutuhan satuan kerja. | 3. Menyusun laporan hasil asesmen dan rekomendasi psikologis secara profesional. | 4. Membantu dalam kegiatan pengembangan SDM dan peningkatan kesejahteraan mental pegawai. | 5. Melakukan observasi dan evaluasi terhadap kondisi psikologis lingkungan kerja.,Kab. Lombok Barat,,1,Aktif,2026-07-14,2026-07-28,Program studi: Psikologi | Tingkat pendidikan: Sarjana,,2026-08-11T05:36:09Z
maganghub,a240de9a-96c4-497b-84d9-e9ad52251bf7,https://maganghub.kemnaker.go.id/magang-nasional/lowongan/perawat-kesehatan-a240de9a-96c4-497b-84d9-e9ad52251bf7,28d0720d-482f-4e9a-93f1-c554497b1267,LEMBAGA PEMASYARAKATAN KELAS IIA LOMBOK BARAT,maganghub-28d0720d-482f-4e9a-93f1-c554497b1267,PERAWAT KESEHATAN,perawat-kesehatan-a240de9a-96c4-497b-84d9-e9ad52251bf7,11. Memberikan perawatan kesehatan umum dan tindakan medis ringan. | 2. Menyusun catatan perkembangan pasien. | 3. Menjaga ketersediaan alat medis sederhana. | 4. Menyampaikan laporan kepada dokter atau pimpinan medis.,Kab. Lombok Barat,,1,Aktif,2026-07-14,2026-07-28,Program studi: Ilmu Gizi | Tingkat pendidikan: Sarjana,,2026-08-11T05:36:11Z
maganghub,a24103e6-e8fe-4937-9d85-1f913221de5c,https://maganghub.kemnaker.go.id/magang-nasional/lowongan/pembina-kepribadian-a24103e6-e8fe-4937-9d85-1f913221de5c,28d0720d-482f-4e9a-93f1-c554497b1267,LEMBAGA PEMASYARAKATAN KELAS IIA LOMBOK BARAT,maganghub-28d0720d-482f-4e9a-93f1-c554497b1267,PEMBINA KEPRIBADIAN,pembina-kepribadian-a24103e6-e8fe-4937-9d85-1f913221de5c,"1.	Menyusun dan melaksanakan program pembinaan kepribadian melalui kegiatan seni tari, seni musik, dan aktivitas kreatif lainnya bagi warga binaan. | 2.	Membimbing dan melatih warga binaan dalam pengembangan keterampilan seni sebagai sarana pembentukan karakter, disiplin, dan penguatan mental. | 3.	Melakukan pendampingan serta memantau perkembangan sikap, perilaku, dan partisipasi warga binaan selama mengikuti kegiatan pembinaan. | 4.	Menyusun materi dan metode pembelajaran seni yang mendukung proses rehabilitasi sosial dan reintegrasi warga binaan. | 5.	Mengoordinasikan pelaksanaan kegiatan pembinaan seni dengan petugas pemasyarakatan, instruktur, dan pihak terkait. | 6.	Menyelenggarakan kegiatan apresiasi dan pertunjukan seni sebagai media pengembangan bakat, ekspresi, serta peningkatan kepercayaan diri warga binaan. | 7.	Menyusun dokumentasi, evaluasi, dan laporan pelaksanaan program pembinaan kepribadian sebagai bahan pengembangan program pembinaan di Lembaga Pemasyarakatan.",Kab. Lombok Barat,,2,Aktif,2026-07-14,2026-07-28,"Program studi: Pendidikan Seni Musik, Pendidikan Seni Tari | Tingkat pendidikan: Sarjana",,2026-08-11T05:36:13Z
maganghub,a241033b-1ccd-4b20-9f4b-2e4aa75b3dfa,https://maganghub.kemnaker.go.id/magang-nasional/lowongan/pengelola-kegiatan-kerja-a241033b-1ccd-4b20-9f4b-2e4aa75b3dfa,28d0720d-482f-4e9a-93f1-c554497b1267,LEMBAGA PEMASYARAKATAN KELAS IIA LOMBOK BARAT,maganghub-28d0720d-482f-4e9a-93f1-c554497b1267,PENGELOLA KEGIATAN KERJA,pengelola-kegiatan-kerja-a241033b-1ccd-4b20-9f4b-2e4aa75b3dfa,"1.	Menyusun rencana dan mengelola kegiatan kerja warga binaan di bidang pertanian, peternakan, perikanan, atau perkebunan sesuai dengan potensi dan sarana yang tersedia. | 2.	Membimbing dan mengawasi pelaksanaan kegiatan kerja warga binaan agar sesuai dengan standar teknis, keselamatan kerja, dan tujuan pembinaan kemandirian. | 3.	Mengembangkan program pelatihan keterampilan dan kewirausahaan di bidang pertanian, peternakan, perikanan, atau perkebunan sebagai bekal reintegrasi sosial warga binaan. | 4.	Melakukan pemantauan dan evaluasi terhadap hasil pelaksanaan kegiatan kerja serta produktivitas program pembinaan kemandirian. | 5.	Mengelola sarana, prasarana, bahan, dan hasil produksi kegiatan kerja untuk mendukung keberlangsungan program pembinaan. | 6.	Berkoordinasi dengan unit kerja, instansi terkait, dan mitra kerja dalam pengembangan kegiatan kerja dan pemasaran hasil produksi sesuai ketentuan yang berlaku. | 7.	Menyusun dokumentasi, laporan pelaksanaan, dan evaluasi kegiatan kerja sebagai bahan pengambilan kebijakan dan peningkatan kualitas program pembinaan.",Kab. Lombok Barat,,7,Aktif,2026-07-14,2026-07-28,"Program studi: Ilmu Pertanian, Ilmu Perikanan, Budidaya Tanaman Perkebunan, Ilmu Peternakan | Tingkat pendidikan: Sarjana",,2026-08-11T05:36:15Z
maganghub,a243dfc4-f6b3-43fb-9a06-a55e5f94a116,https://maganghub.kemnaker.go.id/magang-nasional/lowongan/asisten-penata-laksana-barang-a243dfc4-f6b3-43fb-9a06-a55e5f94a116,7e57905f-eb30-4081-a161-0cd871f18b36,BPOM di Kendari,maganghub-7e57905f-eb30-4081-a161-0cd871f18b36,Asisten Penata Laksana Barang,asisten-penata-laksana-barang-a243dfc4-f6b3-43fb-9a06-a55e5f94a116,"Penatausahaan BMN, meliputi : Administrasi, Penatausahaan, Pencatatan,  Pengamanan dan Pemeliharaan, Pemanfaatan dan Pemindahtanganan, Penghapusan dan Pengawasan",Kota Kendari,,2,Aktif,2026-07-14,2026-07-28,"Program studi: Teknik Informatika, Manajemen Aset, Akuntansi | Tingkat pendidikan: Sarjana",,2026-08-11T05:36:17Z
maganghub,a243db13-725e-44cb-8609-a1a55c877aa7,https://maganghub.kemnaker.go.id/magang-nasional/lowongan/asisten-pengembangan-dan-administrasi-sdm-a243db13-725e-44cb-8609-a1a55c877aa7,7e57905f-eb30-4081-a161-0cd871f18b36,BPOM di Kendari,maganghub-7e57905f-eb30-4081-a161-0cd871f18b36,Asisten Pengembangan dan Administrasi SDM,asisten-pengembangan-dan-administrasi-sdm-a243db13-725e-44cb-8609-a1a55c877aa7,"Membantu Pelaksanaan kegiatan administrasi pengelolaan Administrasi Kepegawaian meliputi, Layanan Kepegawaian, Disiplin Pegawai, Pengembangan Kompetensi Pegawai, serta Psikologi Organisasi",Kota Kendari,,2,Aktif,2026-07-14,2026-07-28,"Program studi: Psikologi, Teknik Komputer | Tingkat pendidikan: Sarjana",,2026-08-11T05:36:19Z
maganghub,a243d8a3-2b9e-4ab7-bdfb-40232a554e82,https://maganghub.kemnaker.go.id/magang-nasional/lowongan/asisten-laboratorim-a243d8a3-2b9e-4ab7-bdfb-40232a554e82,7e57905f-eb30-4081-a161-0cd871f18b36,BPOM di Kendari,maganghub-7e57905f-eb30-4081-a161-0cd871f18b36,Asisten Laboratorim,asisten-laboratorim-a243d8a3-2b9e-4ab7-bdfb-40232a554e82,Mampu memahami prosedur penyiapan dan pengujian mikrobiologi  sesuai metode uji; Validitas keabsahan Hasil; serta Penerapan K3 di Laboratorium Pengujian sesuai ISO/IEC 17025:2017,Kota Kendari,,1,Aktif,2026-07-14,2026-07-28,"Program studi: Farmasi, Biologi | Tingkat pendidikan: Sarjana",,2026-08-11T05:36:21Z
maganghub,a243d792-4377-4a15-a844-4e6241b84b31,https://maganghub.kemnaker.go.id/magang-nasional/lowongan/asisten--pengawasan--obat-dan--makanan-a243d792-4377-4a15-a844-4e6241b84b31,7e57905f-eb30-4081-a161-0cd871f18b36,BPOM di Kendari,maganghub-7e57905f-eb30-4081-a161-0cd871f18b36,Asisten  Pengawasan  Obat dan  Makanan,asisten-pengawasan-obat-dan-makanan-a243d792-4377-4a15-a844-4e6241b84b31,"Membantu kegiatan administrasi dan pengolahan data bidang Pengawasan dan Sertifikasi, melakukan simulasi evaluasi kelayakan dokumen pendaftaran produk, penilaian label/kemasan, serta pemenuhan aspek administratif sebelum produk mendapatkan Nomor Izin Edar (NIE).",Kota Kendari,,3,Aktif,2026-07-14,2026-07-28,"Program studi: Informatika, Farmasi, Kimia | Tingkat pendidikan: Sarjana",,2026-08-11T05:36:23Z
maganghub,a243dc28-fb0e-425e-83ff-c1465952a152,https://maganghub.kemnaker.go.id/magang-nasional/lowongan/asisten-pengelolaan-kearsipan-a243dc28-fb0e-425e-83ff-c1465952a152,7e57905f-eb30-4081-a161-0cd871f18b36,BPOM di Kendari,maganghub-7e57905f-eb30-4081-a161-0cd871f18b36,Asisten Pengelolaan Kearsipan,asisten-pengelolaan-kearsipan-a243dc28-fb0e-425e-83ff-c1465952a152,"Program ini mengintegrasikan pembelajaran teori dan praktik secara langsung  melalui kegiatan pengelolaan arsip dinamis, penggunaan aplikasi SRIKANDI, digitalisasi arsip, penyusutan arsip, pelayanan informasi kearsipan.",Kota Kendari,,2,Aktif,2026-07-14,2026-07-28,"Program studi: Kearsipan, Manajemen, Kearsipan Digital, sistem informasi, Perpustakaan | Tingkat pendidikan: Sarjana",,2026-08-11T05:36:25Z
maganghub,a243a711-8234-424a-8f6a-141963936820,https://maganghub.kemnaker.go.id/magang-nasional/lowongan/asisten-pengelola-pertanian-a243a711-8234-424a-8f6a-141963936820,46e35457-2a58-4795-a9ab-ee002cd4683b,Balai Besar Pembibitan Ternak Unggul dan Hijauan Pakan Ternak Baturraden,maganghub-46e35457-2a58-4795-a9ab-ee002cd4683b,Asisten Pengelola Pertanian,asisten-pengelola-pertanian-a243a711-8234-424a-8f6a-141963936820,"Peserta mempelajari teknik pengumpulan, pengolahan, dan analisis data pertanian. Materi mencakup penggunaan perangkat lunak statistik sederhana, integrasi data pangan nasional, serta penyusunan grafik dan infografis. Praktik dilakukan dengan mengolah data produksi tanaman, distribusi pangan, dan tren harga komoditas. Hasil analisis digunakan sebagai dasar rekomendasi kebijakan dan perencanaan program.",Kab. Banyumas,,1,Aktif,2026-07-14,2026-07-28,"Program studi: Kearsipan, Penyuluhan Peternakan dan Kesejahteraan Hewan, Peternakan, Desain Komunikasi Visual, Akuntansi | Tingkat pendidikan: Sarjana, Diploma",,2026-08-11T05:36:27Z
maganghub,a241dbba-9bfa-441e-8a2e-4c5e0fc0f068,https://maganghub.kemnaker.go.id/magang-nasional/lowongan/pengelola-keuangan-a241dbba-9bfa-441e-8a2e-4c5e0fc0f068,92dfc753-83b9-4e3b-b3b4-29ab8f804235,"Sub Bagian Tata Usaha, Balai Penegakan Hukum Lingkungan Hidup Makassar",maganghub-92dfc753-83b9-4e3b-b3b4-29ab8f804235,Pengelola Keuangan,pengelola-keuangan-a241dbba-9bfa-441e-8a2e-4c5e0fc0f068,"Membantu penyelesaian administrasi Keuangan (Pertanggungjawaban). pengelolaan administrasi keuangan, penyusunan dokumen pertanggungjawaban, pengelolaan anggaran, penggunaan aplikasi perkantoran, serta penerapan tata kelola keuangan yang akuntabel, transparan, dan sesuai dengan peraturan yang berlaku. Melaksanakan tugas tambahan/direktif pimpinan.",Kota Makassar,,1,Aktif,2026-07-14,2026-07-28,"Program studi: Manajemen, Ekonomi, Akuntansi, Administrasi Perkantoran | Tingkat pendidikan: Sarjana",,2026-08-11T05:36:29Z
maganghub,a241dd88-b97a-41fc-b2d4-f6172c01506a,"https://maganghub.kemnaker.go.id/magang-nasional/lowongan/humas-dan-multimedia,-desain-komunikasi-visual-&-konten-kreator-a241dd88-b97a-41fc-b2d4-f6172c01506a",92dfc753-83b9-4e3b-b3b4-29ab8f804235,"Sub Bagian Tata Usaha, Balai Penegakan Hukum Lingkungan Hidup Makassar",maganghub-92dfc753-83b9-4e3b-b3b4-29ab8f804235,"Humas dan Multimedia, Desain Komunikasi Visual & Konten Kreator",humas-dan-multimedia-desain-komunikasi-visual-konten-kreator-a241dd88-b97a-41fc-b2d4-f6172c01506a,"Membekali peserta magang dengan kompetensi di bidang kehumasan, meliputi komunikasi publik, penyusunan konten informasi, publikasi kegiatan, pengelolaan media sosial, dokumentasi, hubungan media, pelayanan informasi publik, serta produksi konten visual (desain grafis, fotografi, videografi, dan pengelolaan aset digital) guna mendukung publikasi dan membangun citra positif instansi secara profesional, efektif, dan beretika. Melaksanakan tugas tambahan/direktif pimpinan.",Kota Makassar,,1,Aktif,2026-07-14,2026-07-28,"Program studi: Ilmu Komunikasi, Desain Komunikasi Visual, Komunikasi Digital dan Media | Tingkat pendidikan: Sarjana",,2026-08-11T05:36:31Z
maganghub,a241df99-e9b7-4acc-a337-b579c6ea1c38,"https://maganghub.kemnaker.go.id/magang-nasional/lowongan/pemetaan,-gis-&-informasi-geospasial-a241df99-e9b7-4acc-a337-b579c6ea1c38",92dfc753-83b9-4e3b-b3b4-29ab8f804235,"Sub Bagian Tata Usaha, Balai Penegakan Hukum Lingkungan Hidup Makassar",maganghub-92dfc753-83b9-4e3b-b3b4-29ab8f804235,"Pemetaan, GIS & Informasi Geospasial",pemetaan-gis-informasi-geospasial-a241df99-e9b7-4acc-a337-b579c6ea1c38,"Peserta magang bertugas mendukung kegiatan pemetaan dan pengelolaan data geospasial melalui survei dan pengukuran lapangan, pengumpulan, pengolahan, serta analisis data spasial menggunakan perangkat lunak Sistem Informasi Geografis (SIG/GIS). Lingkup tugas meliputi pembuatan dan penyajian peta tematik maupun peta interaktif, pemanfaatan teknologi geospasial seperti GPS, drone, LiDAR, dan Artificial Intelligence (AI), pelaksanaan verifikasi lapangan (ground check), integrasi data geospasial dengan sistem informasi lainnya, serta penyusunan metadata, dokumentasi, dan laporan hasil analisis spasial untuk mendukung perencanaan, pengelolaan, dan pengambilan keputusan di bidang lingkungan hidup. Melaksanakan tugas tambahan/direktif pimpinan.",Kota Makassar,,1,Aktif,2026-07-14,2026-07-28,"Program studi: Geografi, Teknologi Survei dan Pemetaan Dasar, Kehutanan, Perencanaan Wilayah dan Kota | Tingkat pendidikan: Sarjana",,2026-08-11T05:36:33Z
maganghub,a241bc1e-ee3a-40d0-b32b-51b330fd4507,https://maganghub.kemnaker.go.id/magang-nasional/lowongan/design-graphis-a241bc1e-ee3a-40d0-b32b-51b330fd4507,d558269d-c6e8-432a-8181-ddd1f4fabcd9,Hotel Sintesa Peninsula Manado,maganghub-d558269d-c6e8-432a-8181-ddd1f4fabcd9,Design Graphis,design-graphis-a241bc1e-ee3a-40d0-b32b-51b330fd4507,"Membedah Arahan Kerja (Design Brief),Merancang Konsep Visual,Memproduksi Konten Media Digital,Membuat Materi Promosi Fisik (Cetak),Melakukan Olah Foto Digital (Raster/Bitmap),Asistensi Teknologi Kreatif AI,Pengarsipan Aset Digital (File Archiving)",Kota Manado,,2,Aktif,2026-07-14,2026-07-28,"Program studi: Komputer Grafis, Teknologi Rekayasa Multimedia Grafis, Desain Grafis | Tingkat pendidikan: Sarjana",gmspm@sintesahotels.com,2026-08-11T05:36:37Z
maganghub,a242c147-5741-4949-8d1f-e5cec7219579,https://maganghub.kemnaker.go.id/magang-nasional/lowongan/mechanical-engineer-a242c147-5741-4949-8d1f-e5cec7219579,d558269d-c6e8-432a-8181-ddd1f4fabcd9,Hotel Sintesa Peninsula Manado,maganghub-d558269d-c6e8-432a-8181-ddd1f4fabcd9,Mechanical Engineer,mechanical-engineer-a242c147-5741-4949-8d1f-e5cec7219579,"Melakukan operasional dan menjalankan pemeliharaan mesin,melakukan perbaikan masalah (Troubleshooting),melaksanakan pptimasi Energi: Memantau efisiensi penggunaan bahan bakar &  listrik",Kota Manado,,3,Aktif,2026-07-14,2026-07-28,"Program studi: Teknik Mekanika, Mekanik Industri Dan Desain, Teknik Perancangan Mekanik dan Mesin | Tingkat pendidikan: Diploma, Sarjana",gmspm@sintesahotels.com,2026-08-11T05:36:40Z
maganghub,a241b4d5-166c-4052-bf53-47e24ed326d7,https://maganghub.kemnaker.go.id/magang-nasional/lowongan/it-staff-a241b4d5-166c-4052-bf53-47e24ed326d7,d558269d-c6e8-432a-8181-ddd1f4fabcd9,Hotel Sintesa Peninsula Manado,maganghub-d558269d-c6e8-432a-8181-ddd1f4fabcd9,IT Staff,it-staff-a241b4d5-166c-4052-bf53-47e24ed326d7,"Layanan Bantuan Pengguna (IT Helpdesk).Pemeliharaan Perangkat Keras (Hardware),Manajemen Jaringan Lokal (Networking),Pencadangan Data (Data Backup),Pencatatan Aset (IT Asset Management),Penyusunan Dokumentasi Teknis",Kota Manado,,2,Aktif,2026-07-14,2026-07-28,"Program studi: Teknologi Informasi, Pendidikan Teknologi Informatika dan Komputer, Teknologi Informatika Multimedia Digital | Tingkat pendidikan: Sarjana",gmspm@sintesahotels.com,2026-08-11T05:36:41Z
maganghub,a2439dac-ad3a-43b7-8804-0f157b6a7c9d,https://maganghub.kemnaker.go.id/magang-nasional/lowongan/lighting-person-a2439dac-ad3a-43b7-8804-0f157b6a7c9d,d082a13d-728c-43b8-a66c-e3f3bea66ae7,PT Televisi Transformasi Indonesia,maganghub-d082a13d-728c-43b8-a66c-e3f3bea66ae7,Lighting Person,lighting-person-a2439dac-ad3a-43b7-8804-0f157b6a7c9d,"Peserta magang akan mendukung proses produksi program televisi melalui persiapan, pemasangan, pengoperasian, dan pemeliharaan peralatan lighting. Peserta juga membantu menyusun tata cahaya, melakukan pengecekan peralatan, dan berkoordinasi dengan tim produksi untuk memastikan kualitas pencahayaan yang optimal.",Kota Adm. Jakarta Selatan,,2,Aktif,2026-07-14,2026-07-28,"Program studi: Teknik Listrik, Teknik Elektro | Tingkat pendidikan: Diploma, Sarjana",widyastuti@detik.com,2026-08-11T05:36:43Z
maganghub,a2439a4e-5469-4fbd-8629-5974b68e984a,https://maganghub.kemnaker.go.id/magang-nasional/lowongan/pa---dept.-1-a2439a4e-5469-4fbd-8629-5974b68e984a,d082a13d-728c-43b8-a66c-e3f3bea66ae7,PT Televisi Transformasi Indonesia,maganghub-d082a13d-728c-43b8-a66c-e3f3bea66ae7,PA - Dept. 1,pa-dept-1-a2439a4e-5469-4fbd-8629-5974b68e984a,"Peserta magang akan mendukung tim produksi dalam mempersiapkan kebutuhan produksi, menyusun rundown dan jadwal produksi, mengelola administrasi produksi, berkoordinasi dengan kru, talent, dan departemen terkait, serta membantu memastikan seluruh proses produksi berjalan sesuai dengan rencana, jadwal, dan standar operasional perusahaan.",Kota Adm. Jakarta Selatan,,2,Aktif,2026-07-14,2026-07-28,"Program studi: Hubungan Masyarakat dan Komunikasi Digital, Komunikasi, Ilmu Komunikasi, Komunikasi Digital dan Media | Tingkat pendidikan: Sarjana",widyastuti@detik.com,2026-08-11T05:36:45Z
maganghub,a24374a9-6ab6-4518-9482-5939262268e6,https://maganghub.kemnaker.go.id/magang-nasional/lowongan/production-assistant-a24374a9-6ab6-4518-9482-5939262268e6,d082a13d-728c-43b8-a66c-e3f3bea66ae7,PT Televisi Transformasi Indonesia,maganghub-d082a13d-728c-43b8-a66c-e3f3bea66ae7,Production assistant,production-assistant-a24374a9-6ab6-4518-9482-5939262268e6,'- menjalankan kebutuhan bookingan untuk kebutuhan berjalannya produksi program yang dijalani | - membuat materi tayangan yang dibutuhkan untuk materi penayangan program | - melakuan onair di studio saat program live sedang berlangsung,Kota Adm. Jakarta Selatan,,2,Aktif,2026-07-14,2026-07-28,"Program studi: Sastra Indonesia, Ilmu Komunikasi, Sastra Inggris | Tingkat pendidikan: Sarjana",widyastuti@detik.com,2026-08-11T05:36:47Z
maganghub,a243999b-bd72-4215-bbb9-654e55fae5ef,https://maganghub.kemnaker.go.id/magang-nasional/lowongan/creative---dept.-1-a243999b-bd72-4215-bbb9-654e55fae5ef,d082a13d-728c-43b8-a66c-e3f3bea66ae7,PT Televisi Transformasi Indonesia,maganghub-d082a13d-728c-43b8-a66c-e3f3bea66ae7,Creative - Dept. 1,creative-dept-1-a243999b-bd72-4215-bbb9-654e55fae5ef,"Peserta magang akan mendukung tim kreatif dalam proses pengembangan konsep program televisi, melakukan riset materi, menyusun ide kreatif, membuat rundown dan script sederhana, membantu persiapan produksi, serta berkoordinasi dengan tim produksi untuk memastikan program berjalan sesuai konsep yang telah direncanakan.",Kota Adm. Jakarta Selatan,,2,Aktif,2026-07-14,2026-07-28,"Program studi: Komunikasi, Ilmu Komunikasi, Komunikasi Digital dan Media, Hubungan Masyarakat Dan Komunikasi Digital | Tingkat pendidikan: Sarjana",widyastuti@detik.com,2026-08-11T05:36:49Z
maganghub,a2438e14-4ec6-4fc7-ac9c-93c22ddedda6,https://maganghub.kemnaker.go.id/magang-nasional/lowongan/creative---production-dept.-1-a2438e14-4ec6-4fc7-ac9c-93c22ddedda6,d082a13d-728c-43b8-a66c-e3f3bea66ae7,PT Televisi Transformasi Indonesia,maganghub-d082a13d-728c-43b8-a66c-e3f3bea66ae7,Creative - Production Dept. 1,creative-production-dept-1-a2438e14-4ec6-4fc7-ac9c-93c22ddedda6,"Creative bertugas mengembangkan ide, konsep, dan konten inovatif yang menarik, relevan, serta sesuai kebutuhan proyek untuk mendukung keberhasilan program, kampanye, atau acara.",Kota Adm. Jakarta Selatan,,2,Aktif,2026-07-14,2026-07-28,"Program studi: Jurnalistik, Ilmu Komunikasi, Teknologi Multimedia dan Broadcasting | Tingkat pendidikan: Sarjana",widyastuti@detik.com,2026-08-11T05:36:51Z
maganghub,a24393bb-6166-4276-b841-82f9ab1470be,https://maganghub.kemnaker.go.id/magang-nasional/lowongan/production-assisstant---production-dept.-1-a24393bb-6166-4276-b841-82f9ab1470be,d082a13d-728c-43b8-a66c-e3f3bea66ae7,PT Televisi Transformasi Indonesia,maganghub-d082a13d-728c-43b8-a66c-e3f3bea66ae7,Production Assisstant - Production Dept. 1,production-assisstant-production-dept-1-a24393bb-6166-4276-b841-82f9ab1470be,"Peserta magang akan mendukung tim produksi dalam mempersiapkan kebutuhan produksi, menyusun rundown dan jadwal produksi, mengelola administrasi produksi, berkoordinasi dengan kru, talent, dan departemen terkait, serta membantu memastikan seluruh proses produksi berjalan sesuai dengan rencana, jadwal, dan standar operasional perusahaan.",Kota Adm. Jakarta Selatan,,2,Aktif,2026-07-14,2026-07-28,"Program studi: Ilmu Komunikasi, Teknologi Multimedia dan Broadcasting | Tingkat pendidikan: Sarjana",widyastuti@detik.com,2026-08-11T05:36:53Z
maganghub,a2417468-1576-4423-9163-101cd91910a3,https://maganghub.kemnaker.go.id/magang-nasional/lowongan/make-up-a2417468-1576-4423-9163-101cd91910a3,d082a13d-728c-43b8-a66c-e3f3bea66ae7,PT Televisi Transformasi Indonesia,maganghub-d082a13d-728c-43b8-a66c-e3f3bea66ae7,Make Up,make-up-a2417468-1576-4423-9163-101cd91910a3,"Bertanggung jawab mengelola kebutuhan make up, menyiapkan perlengkapan, merias talent sesuai konsep produksi, serta menjaga kualitas tampilan untuk syuting, event, dan proyek kreatif.",Kota Adm. Jakarta Selatan,,2,Aktif,2026-07-14,2026-07-28,"Program studi: Tata Busana, Tata Rias dan Busana, Kosmetik dan Perawatan Kecantikan, Tata Rias dan Kecantikan | Tingkat pendidikan: Sarjana",widyastuti@detik.com,2026-08-11T05:36:55Z
maganghub,a2417ed3-25c5-45fc-afcd-3a4a4f0f9c45,https://maganghub.kemnaker.go.id/magang-nasional/lowongan/wardrobe-fashion-stylist-a2417ed3-25c5-45fc-afcd-3a4a4f0f9c45,d082a13d-728c-43b8-a66c-e3f3bea66ae7,PT Televisi Transformasi Indonesia,maganghub-d082a13d-728c-43b8-a66c-e3f3bea66ae7,Wardrobe Fashion Stylist,wardrobe-fashion-stylist-a2417ed3-25c5-45fc-afcd-3a4a4f0f9c45,"Memenuhi segala kebutuhan yang berhubungan dengan wardrobe untuk setiap permintaan produksi, mulai dari persiapan, pengelolaan, hingga penyediaan kostum sesuai konsep kreatif.",Kota Adm. Jakarta Selatan,,2,Aktif,2026-07-14,2026-07-28,"Program studi: Tata Busana, Desain Busana, Manajemen, Desain Mode | Tingkat pendidikan: Sarjana",widyastuti@detik.com,2026-08-11T05:36:57Z
maganghub,a242fd66-8555-48f6-bd93-1d00866aff49,https://maganghub.kemnaker.go.id/magang-nasional/lowongan/digital-creative-marketing-a242fd66-8555-48f6-bd93-1d00866aff49,d082a13d-728c-43b8-a66c-e3f3bea66ae7,PT Televisi Transformasi Indonesia,maganghub-d082a13d-728c-43b8-a66c-e3f3bea66ae7,Digital Creative Marketing,digital-creative-marketing-a242fd66-8555-48f6-bd93-1d00866aff49,"Mengelola unggahan konten di YouTube dan Meta, menyusun konsep konten digital, serta mengembangkan branded content untuk sponsor. Mendukung pelaksanaan kampanye digital guna meningkatkan engagement, jangkauan audiens, dan eksposur merek.",Kota Adm. Jakarta Selatan,,2,Aktif,2026-07-14,2026-07-28,"Program studi: Ilmu Komunikasi, Desain Komunikasi Visual | Tingkat pendidikan: Sarjana",widyastuti@detik.com,2026-08-11T05:36:59Z
maganghub,a2416e1c-a8e8-4c21-9fac-2280c5a580ff,https://maganghub.kemnaker.go.id/magang-nasional/lowongan/sponsorship-a2416e1c-a8e8-4c21-9fac-2280c5a580ff,d082a13d-728c-43b8-a66c-e3f3bea66ae7,PT Televisi Transformasi Indonesia,maganghub-d082a13d-728c-43b8-a66c-e3f3bea66ae7,Sponsorship,sponsorship-a2416e1c-a8e8-4c21-9fac-2280c5a580ff,"Peserta magang akan mendukung aktivitas sponsorship melalui penyusunan proposal kerja sama, koordinasi dengan klien dan mitra, administrasi dokumen sponsorship, monitoring pelaksanaan kerja sama, serta penyusunan laporan dan evaluasi program. Peserta juga akan membantu mengidentifikasi peluang kemitraan dan mendukung kelancaran pelaksanaan program sponsorship Trans TV.",Kota Adm. Jakarta Selatan,,2,Aktif,2026-07-14,2026-07-28,"Program studi: Manajemen, Administrasi, Hubungan Masyarakat, Ilmu Komunikasi, Administrasi Bisnis | Tingkat pendidikan: Diploma, Sarjana",widyastuti@detik.com,2026-08-11T05:37:01Z
maganghub,a23f5b52-6937-4200-84d0-9fec90d02333,https://maganghub.kemnaker.go.id/magang-nasional/lowongan/engineering-trainee-a23f5b52-6937-4200-84d0-9fec90d02333,27d3a2b8-f607-47b4-9b24-ab5853609275,Hotel Santika Batam,maganghub-27d3a2b8-f607-47b4-9b24-ab5853609275,Engineering Trainee,engineering-trainee-a23f5b52-6937-4200-84d0-9fec90d02333,"Engineering Trainee bertugas membantu operasional Engineering dalam menjaga, merawat, dan memperbaiki fasilitas hotel agar tetap aman, nyaman, dan berfungsi dengan baik. | Tugas Utama: | 1.Menjaga grooming, disiplin, sikap kerja profesional, dan keselamatan kerja. | 2.Membantu pengecekan fasilitas kamar, public area, back office, dan area operasional hotel. | 3.Membantu menerima dan menindaklanjuti work order sesuai arahan mentor. | 4.Membantu perawatan ringan fasilitas hotel seperti lampu, stop kontak, kran, shower, toilet, AC, dan equipment sederhana. | 5.Membantu kegiatan preventive maintenance sesuai jadwal. | 6.Membantu pengecekan sistem listrik, plumbing, AC, dan water system secara dasar. | 7.Menggunakan tools dan peralatan kerja dengan benar dan aman. | 8.Menjaga kebersihan area kerja setelah pekerjaan selesai. | 9.Melaporkan kerusakan atau kondisi berisiko kepada senior staff atau supervisor. | 10.Membantu pencatatan pekerjaan pada logbook atau laporan kerja sederhana. | 11.Mendukung program penghematan energi, air, dan perawatan fasilitas hotel. | 12.Berkoordinasi dengan Housekeeping, Front Office, F&B, Security, dan departemen lain bila diperlukan. | Batasan Tugas: | Engineering Trainee bekerja di bawah pengawasan mentor atau supervisor dan tidak diperkenankan menangani pekerjaan berisiko tinggi, membuka panel listrik, memperbaiki equipment berat, atau mengambil keputusan teknis tanpa arahan atasan.",Kota Batam,,2,Aktif,2026-07-14,2026-07-28,"Program studi: Teknik Tenaga Listrik, Teknik Listrik, Teknik Elektro, Teknik Sipil, Teknik Sipil Bangunan Gedung | Tingkat pendidikan: Diploma, Sarjana, Profesi",hrm@batam.santika.com,2026-08-11T05:37:03Z
maganghub,a2410e91-7a83-4768-8492-467c9cd08db7,https://maganghub.kemnaker.go.id/magang-nasional/lowongan/cook-a2410e91-7a83-4768-8492-467c9cd08db7,27d3a2b8-f607-47b4-9b24-ab5853609275,Hotel Santika Batam,maganghub-27d3a2b8-f607-47b4-9b24-ab5853609275,Cook,cook-a2410e91-7a83-4768-8492-467c9cd08db7,"TUGAS DAN TANGGUNG JAWAB COOK TRAINEE | Cook Trainee bertugas membantu operasional kitchen dalam persiapan bahan makanan, proses memasak, penyajian, dan menjaga kebersihan area dapur sesuai standar hotel. | Tugas dan Tanggung Jawab: | 	Menjaga grooming, kebersihan diri, disiplin, dan sikap kerja profesional. | 	Mematuhi standar hygiene, sanitasi, dan keselamatan kerja di kitchen. | 	Membantu menyiapkan bahan makanan sebelum proses produksi. | 	Membantu proses mise en place seperti mencuci, memotong, menimbang, dan menyusun bahan. | 	Membantu proses pengolahan makanan sesuai arahan chef atau mentor. | 	Membantu menyiapkan menu breakfast, buffet, banquet, dan event hotel. | 	Membantu plating dan penyajian makanan sesuai standar tampilan hotel. | 	Menjaga kualitas makanan dari segi rasa, kebersihan, tampilan, dan suhu penyajian. | 	Menggunakan peralatan dapur dengan benar, aman, dan sesuai arahan. | 	Menjaga kebersihan area kerja, equipment, utensils, dan area penyimpanan bahan. | 	Membantu penyimpanan bahan makanan sesuai standar FIFO/FEFO. | 	Mengurangi food waste dan menggunakan bahan makanan secara efisien. | 	Berkoordinasi dengan tim Kitchen, F&B Service, Steward, Receiving, dan Store bila diperlukan. | 	Melaporkan kendala, kerusakan alat, atau bahan makanan yang tidak layak kepada chef atau supervisor. | Batasan Tugas: | Cook Trainee bekerja di bawah pengawasan chef, mentor, atau supervisor dan tidak diperkenankan menggunakan equipment berisiko tinggi, mengubah resep, menentukan menu, atau mengambil keputusan produksi tanpa arahan atasan.",Kota Batam,,2,Aktif,2026-07-14,2026-07-28,"Program studi: Seni Kuliner dan Pengelolaan Jasa Makanan, Hospitaliti dan Pariwisata, Seni Kuliner, Manajemen Kuliner, Pendidikan Vokasional Seni Kuliner | Tingkat pendidikan: Diploma, Sarjana, Profesi",hrm@batam.santika.com,2026-08-11T05:37:05Z
maganghub,a2439986-928e-4175-80d8-b8f52a054f12,https://maganghub.kemnaker.go.id/magang-nasional/lowongan/it-development-intern-a2439986-928e-4175-80d8-b8f52a054f12,019f44ee-58c7-7345-a0f6-76a65281882e,Siaga Abdi Utama,maganghub-019f44ee-58c7-7345-a0f6-76a65281882e,IT Development Intern,it-development-intern-a2439986-928e-4175-80d8-b8f52a054f12,"Deskripsi | 1. membantu tim Development dalam proses pengerjaan aplikasi (fullstack), menggunakan JavaScript (next.js, node.js), PHP (CodeIgniter/Laravel), dan Golang (Gin/Echo) | 2. membantu pembuatan dan optimalisasi database SQL based | 3. membantu pengembangan REST API | 4.membantu proses dokumentasi pengembangan dan versioning GIT",Kota Adm. Jakarta Selatan,,2,Aktif,2026-07-14,2026-07-28,"Program studi: Teknologi Komputer, Sistem Informasi, Teknik Komputer Dan Jaringan, Teknik Komputer | Tingkat pendidikan: Sarjana, Diploma",legal.ptsau@gmail.com,2026-08-11T05:37:07Z
maganghub,a23961eb-9414-4af8-83d8-32057c984639,https://maganghub.kemnaker.go.id/magang-nasional/lowongan/business-development-&-marketing-intern-a23961eb-9414-4af8-83d8-32057c984639,019f44ee-58c7-7345-a0f6-76a65281882e,Siaga Abdi Utama,maganghub-019f44ee-58c7-7345-a0f6-76a65281882e,Business Development & Marketing Intern,business-development-marketing-intern-a23961eb-9414-4af8-83d8-32057c984639,"1. Membantu tim Business Development and Corporate Marketing dalam melakukan proses perencanaan bisnis, pipelining bisnis, product development, dan marketing | 2. Membantu proses operasional tim Business dalam pekerjaan sehari-hari",Kota Adm. Jakarta Selatan,,2,Aktif,2026-07-14,2026-07-28,"Program studi: Bisnis, Administrasi Bisnis, Manajemen Bisnis, Manajemen Pemasaran/Marketing, Bisnis Digital | Tingkat pendidikan: Sarjana",legal.ptsau@gmail.com,2026-08-11T05:37:09Z
maganghub,a240f50f-9508-4cad-b2f1-95980c9c48a1,https://maganghub.kemnaker.go.id/magang-nasional/lowongan/sahid-group---business-development-internship-a240f50f-9508-4cad-b2f1-95980c9c48a1,38f244a3-c1d7-4564-85c1-48293c6db990,Hotel Sahid Jaya International,maganghub-38f244a3-c1d7-4564-85c1-48293c6db990,Sahid Group - Business Development Internship,sahid-group-business-development-internship-a240f50f-9508-4cad-b2f1-95980c9c48a1,"Membantu tim Business Development dalam melakukan riset pasar dan analisis tren industri perhotelan maupun properti untuk mendukung strategi ekspansi bisnis dari Sahid Group. | Berpartisipasi dalam pengumpulan data awal dan studi kelayakan (feasibility study) terkait potensi pengembangan properti baru atau proyeksi target akuisisi perusahaan. | Mendukung penyusunan draf proposal bisnis, laporan progres, dan materi presentasi strategis yang akan dikomunikasikan kepada jajaran manajemen serta pemangku kepentingan (stakeholders). | Membantu proses administrasi dan dokumentasi yang berkaitan dengan penjajakan kemitraan strategis, kerja sama operasional (joint venture), atau pengelolaan aset dengan pihak ketiga. | Mengelola dan mengkategorikan basis data riset kompetitor serta prospek bisnis menggunakan perangkat lunak pengolah data untuk memudahkan pelaporan.",Kota Adm. Jakarta Pusat,,2,Aktif,2026-07-14,2026-07-28,"Program studi: Manajemen Keuangan, Ilmu Ekonomi, Manajemen Bisnis, Manajemen Pemasaran | Tingkat pendidikan: Sarjana, Diploma, Profesi",recruitment@sahidgroup.com,2026-08-11T05:37:11Z
maganghub,a2431c08-ae5a-4bbc-9f1b-793a4e4c9615,https://maganghub.kemnaker.go.id/magang-nasional/lowongan/konsultan-hukum-a2431c08-ae5a-4bbc-9f1b-793a4e4c9615,e34f9007-fe32-4188-80ce-6d44bb9b3e94,KANTOR WILAYAH DIREKTORAT JENDERAL IMIGRASI SUMATERA UTARA,maganghub-e34f9007-fe32-4188-80ce-6d44bb9b3e94,KONSULTAN HUKUM,konsultan-hukum-a2431c08-ae5a-4bbc-9f1b-793a4e4c9615,"""1. Memberikan pendapat hukum bagi pimpinan dan unit kerja. | 2. Membantu penyusunan perjanjian, nota kesepahaman, dan surat keputusan. | 3. Melakukan telaah terhadap peraturan dan kebijakan baru. | 4. Menyusun rekomendasi hukum dalam penyelesaian kasus.""",Kota Medan,,2,Aktif,2026-07-14,2026-07-28,Program studi: Hukum | Tingkat pendidikan: Sarjana,,2026-08-11T05:37:15Z
maganghub,a24258b9-5b2c-4e49-a99a-9f76d7f76a9d,https://maganghub.kemnaker.go.id/magang-nasional/lowongan/pengelola-bmn-dan-fasilitas-umum-a24258b9-5b2c-4e49-a99a-9f76d7f76a9d,60439000-2984-439f-a727-6487038d1aca,KANTOR WILAYAH DIREKTORAT JENDERAL IMIGRASI KALIMANTAN TIMUR,maganghub-60439000-2984-439f-a727-6487038d1aca,PENGELOLA BMN DAN FASILITAS UMUM,pengelola-bmn-dan-fasilitas-umum-a24258b9-5b2c-4e49-a99a-9f76d7f76a9d,1. Menginventarisir aset barang milik negara | 2. Melakukan pemeliharaan terhadap aset barang milik negara | 3. Membantu menyiapkan dokumen rencana kebutuhan penganggaran barang milik negara | 4. Membantu mengamankan barang milik negara yang berada pada pengguna barang | 5. Menyiapkan dokumen pengajuan usulan penghapusan barang milik negara | 6. Menyusun laporan rekonsilidasi barang milik negara | 7. Membuat kartu inventaris barang | 8. Membuat label barang milik negara | 9. Membuat laporan mutasi barang | 10. Melakukan stoke opname barang persediaan,Kota Samarinda,,2,Aktif,2026-07-14,2026-07-28,Program studi: Manajemen Aset Publik | Tingkat pendidikan: Sarjana,,2026-08-11T05:37:17Z
maganghub,a2431d93-b5f4-4071-a428-446dc42d7504,https://maganghub.kemnaker.go.id/magang-nasional/lowongan/pengelola-bmn-dan-fasilitas-umum-a2431d93-b5f4-4071-a428-446dc42d7504,e34f9007-fe32-4188-80ce-6d44bb9b3e94,KANTOR WILAYAH DIREKTORAT JENDERAL IMIGRASI SUMATERA UTARA,maganghub-e34f9007-fe32-4188-80ce-6d44bb9b3e94,PENGELOLA BMN DAN FASILITAS UMUM,pengelola-bmn-dan-fasilitas-umum-a2431d93-b5f4-4071-a428-446dc42d7504,"""1. Menginventarisir aset barang milik negara | 2. Melakukan pemeliharaan terhadap aset barang milik negara | 3. Membantu menyiapkan dokumen rencana kebutuhan penganggaran barang milik negara | 4. Membantu mengamankan barang milik negara yang berada pada pengguna barang | 5. Menyiapkan dokumen pengajuan usulan penghapusan barang milik negara | 6. Menyusun laporan rekonsilidasi barang milik negara | 7. Membuat kartu inventaris barang | 8. Membuat label barang milik negara | 9. Membuat laporan mutasi barang | 10. Melakukan stoke opname barang persediaan""",Kota Medan,,2,Aktif,2026-07-14,2026-07-28,Program studi: Manajemen Aset Publik | Tingkat pendidikan: Sarjana,,2026-08-11T05:37:19Z
maganghub,a2420ecc-0834-44f1-93e4-5e3e20934f2f,https://maganghub.kemnaker.go.id/magang-nasional/lowongan/pengelola-bmn-dan-fasilitas-umum-a2420ecc-0834-44f1-93e4-5e3e20934f2f,42e2c119-1323-4a2d-a81c-3a736fe8a521,KANTOR WILAYAH DIREKTORAT JENDERAL IMIGRASI SULAWESI BARAT,maganghub-42e2c119-1323-4a2d-a81c-3a736fe8a521,Pengelola BMN dan Fasilitas Umum,pengelola-bmn-dan-fasilitas-umum-a2420ecc-0834-44f1-93e4-5e3e20934f2f,"Membantu pelaksanaan inventarisasi dan pendataan Barang Milik Negara (BMN). | Membantu pencatatan, pengkodean, dan pelabelan aset sesuai ketentuan yang berlaku. | Membantu pengelolaan administrasi BMN, termasuk penyusunan dokumen pemanfaatan, pemeliharaan, dan penghapusan aset. | Melakukan verifikasi dan pembaruan data aset pada sistem informasi BMN. | Membantu penyusunan laporan mutasi dan laporan kondisi BMN secara berkala. | Membantu pelaksanaan monitoring dan evaluasi pemanfaatan BMN agar digunakan secara efektif dan efisien. | Membantu pengelolaan serta pemeliharaan fasilitas umum dan sarana prasarana kantor agar tetap berfungsi dengan baik. | Melakukan pendataan kebutuhan pemeliharaan dan perbaikan fasilitas kantor. | Membantu koordinasi dengan penyedia jasa atau unit terkait dalam pelaksanaan pemeliharaan gedung, peralatan, dan fasilitas umum. | Mengelola arsip dan dokumentasi terkait BMN serta fasilitas umum sesuai ketentuan",Kab. Mamuju,,2,Aktif,2026-07-14,2026-07-28,Program studi: Manajemen Aset Publik | Tingkat pendidikan: Sarjana,,2026-08-11T05:37:21Z
maganghub,a24127dc-e9f9-417f-9b25-adff2ab8689f,https://maganghub.kemnaker.go.id/magang-nasional/lowongan/duta-layanan-a24127dc-e9f9-417f-9b25-adff2ab8689f,c064577d-72df-4c12-afdb-27a7564870fa,LEMBAGA PEMASYARAKATAN KELAS IIA BOJONEGORO,maganghub-c064577d-72df-4c12-afdb-27a7564870fa,DUTA LAYANAN,duta-layanan-a24127dc-e9f9-417f-9b25-adff2ab8689f,"Membantu petugas piket dalam memberikan pelayanan informasi kepada pengunjung dan keluarga Warga Binaan Pemasyarakatan (WBP), membantu proses registrasi antrean kunjungan, serta memastikan ruang tunggu layanan dalam kondisi tertib dan nyaman, guna mendukung terciptanya standar pelayanan publik yang prima dan ramah di lingkungan Lapas.",Kab. Bojonegoro,,2,Aktif,2026-07-14,2026-07-28,"Program studi: Psikologi, Administrasi, Bimbingan Dan Konseling, Hubungan Masyarakat, Ilmu Komunikasi | Tingkat pendidikan: Sarjana",,2026-08-11T05:37:23Z
maganghub,a24208ad-4f4d-4aa5-baf7-953556efc65f,https://maganghub.kemnaker.go.id/magang-nasional/lowongan/konsultan-hukum-a24208ad-4f4d-4aa5-baf7-953556efc65f,177a45dd-0602-407b-81ea-098bd76a4435,KANTOR WILAYAH DIREKTORAT JENDERAL IMIGRASI KEPULAUAN BANGKA BELITUNG,maganghub-177a45dd-0602-407b-81ea-098bd76a4435,Konsultan Hukum,konsultan-hukum-a24208ad-4f4d-4aa5-baf7-953556efc65f,"1. Memberikan pendapat hukum bagi pimpinan dan unit kerja. | 2. Membantu penyusunan perjanjian, nota kesepahaman, dan surat keputusan. | 3. Melakukan telaah terhadap peraturan dan kebijakan baru. | 4. Menyusun rekomendasi hukum dalam penyelesaian kasus.",Kota Pangkal Pinang,,2,Aktif,2026-07-14,2026-07-28,Program studi: Hukum | Tingkat pendidikan: Sarjana,,2026-08-11T05:37:25Z
maganghub,a241b1f5-833c-4614-97d2-07c699b4fdb1,https://maganghub.kemnaker.go.id/magang-nasional/lowongan/pengelola-bmn-dan-fasilitas-umum-a241b1f5-833c-4614-97d2-07c699b4fdb1,e6b485aa-e9ea-4a62-b559-9440cd79ab8a,KANTOR WILAYAH DIREKTORAT JENDERAL IMIGRASI MALUKU,maganghub-e6b485aa-e9ea-4a62-b559-9440cd79ab8a,PENGELOLA BMN DAN FASILITAS UMUM,pengelola-bmn-dan-fasilitas-umum-a241b1f5-833c-4614-97d2-07c699b4fdb1,1. Menginventarisir aset barang milik negara | 2. Melakukan pemeliharaan terhadap aset barang milik negara | 3. Membantu menyiapkan dokumen rencana kebutuhan penganggaran barang milik negara | 4. Membantu mengamankan barang milik negara yang berada pada pengguna barang | 5. Menyiapkan dokumen pengajuan usulan penghapusan barang milik negara | 6. Menyusun laporan rekonsilidasi barang milik negara | 7. Membuat kartu inventaris barang | 8. Membuat label barang milik negara | 9. Membuat laporan mutasi barang | 10. Melakukan stoke opname barang persediaan,Kota Ambon,,2,Aktif,2026-07-14,2026-07-28,Program studi: Manajemen Aset Publik | Tingkat pendidikan: Sarjana,,2026-08-11T05:37:26Z
maganghub,a241b12c-4091-43e5-af3c-02b3a013e0a1,https://maganghub.kemnaker.go.id/magang-nasional/lowongan/pengelola-keuangan-dan-anggaran-a241b12c-4091-43e5-af3c-02b3a013e0a1,e6b485aa-e9ea-4a62-b559-9440cd79ab8a,KANTOR WILAYAH DIREKTORAT JENDERAL IMIGRASI MALUKU,maganghub-e6b485aa-e9ea-4a62-b559-9440cd79ab8a,PENGELOLA KEUANGAN DAN ANGGARAN,pengelola-keuangan-dan-anggaran-a241b12c-4091-43e5-af3c-02b3a013e0a1,"1. Membantu penyusunan Rencana Kerja dan Anggaran (RKA) satuan kerja. | 2. Menyiapkan dokumen pendukung pelaksanaan anggaran seperti SPP, SPM, dan SP2D. | 3. Melakukan pencatatan transaksi keuangan dalam sistem aplikasi keuangan pemerintah. | 4. Membantu pelaksanaan rekonsiliasi dan penyusunan laporan keuangan bulanan. | 5. Mengarsipkan bukti-bukti pengeluaran dan dokumen keuangan secara tertib.",Kota Ambon,,2,Aktif,2026-07-14,2026-07-28,Program studi: Akuntansi | Tingkat pendidikan: Sarjana,,2026-08-11T05:37:28Z
maganghub,a241af49-9d2b-4143-a26e-37602921c931,https://maganghub.kemnaker.go.id/magang-nasional/lowongan/konsultan-hukum-a241af49-9d2b-4143-a26e-37602921c931,e6b485aa-e9ea-4a62-b559-9440cd79ab8a,KANTOR WILAYAH DIREKTORAT JENDERAL IMIGRASI MALUKU,maganghub-e6b485aa-e9ea-4a62-b559-9440cd79ab8a,KONSULTAN HUKUM,konsultan-hukum-a241af49-9d2b-4143-a26e-37602921c931,"1. Memberikan pendapat hukum bagi pimpinan dan unit kerja. | 2. Membantu penyusunan perjanjian, nota kesepahaman, dan surat keputusan. | 3. Melakukan telaah terhadap peraturan dan kebijakan baru. | 4. Menyusun rekomendasi hukum dalam penyelesaian kasus.",Kota Ambon,,2,Aktif,2026-07-14,2026-07-28,Program studi: Hukum | Tingkat pendidikan: Sarjana,,2026-08-11T05:37:30Z
maganghub,a2419d70-9607-41f2-b7a5-b55879ae748a,https://maganghub.kemnaker.go.id/magang-nasional/lowongan/pengelola-bmn-dan-fasilitas-umum-a2419d70-9607-41f2-b7a5-b55879ae748a,c348aa28-c0fa-4f0c-8686-e9c605b0b150,KANTOR WILAYAH DIREKTORAT JENDERAL IMIGRASI RIAU,maganghub-c348aa28-c0fa-4f0c-8686-e9c605b0b150,PENGELOLA BMN DAN FASILITAS UMUM,pengelola-bmn-dan-fasilitas-umum-a2419d70-9607-41f2-b7a5-b55879ae748a,"""1. Menginventarisir aset barang milik negara | 2. Melakukan pemeliharaan terhadap aset barang milik negara | 3. Membantu menyiapkan dokumen rencana kebutuhan penganggaran barang milik negara | 4. Membantu mengamankan barang milik negara yang berada pada pengguna barang | 5. Menyiapkan dokumen pengajuan usulan penghapusan barang milik negara | 6. Menyusun laporan rekonsilidasi barang milik negara | 7. Membuat kartu inventaris barang | 8. Membuat label barang milik negara | 9. Membuat laporan mutasi barang | 10. Melakukan stoke opname barang persediaan""",Kota Pekanbaru,,2,Aktif,2026-07-14,2026-07-28,Program studi: Manajemen Aset Publik | Tingkat pendidikan: Sarjana,,2026-08-11T05:37:32Z
maganghub,a2419e2b-3622-46f7-97d8-34c02cdc0546,https://maganghub.kemnaker.go.id/magang-nasional/lowongan/pengelola-kehumasan-a2419e2b-3622-46f7-97d8-34c02cdc0546,c348aa28-c0fa-4f0c-8686-e9c605b0b150,KANTOR WILAYAH DIREKTORAT JENDERAL IMIGRASI RIAU,maganghub-c348aa28-c0fa-4f0c-8686-e9c605b0b150,PENGELOLA KEHUMASAN,pengelola-kehumasan-a2419e2b-3622-46f7-97d8-34c02cdc0546,"""1. Menyusun materi layanan informasi untuk media elektronik | 2. Menyusun berita pelayanan informasi dan kehumasan melalui media: cetak, elektornik dan daring (online) | 3. Menyusun naskah pelayanan informasi dan kehumasan dalam bentuk: ceramah, piodato, dan bahan tayang | 4. Menyelenggarakan penerbitan materi pelayanan informasi untuk media cetak, elektronik, dan daring (online) | 5. Melaksanakan tugas peliputan kegiatan kelembagaan dalan bentuk foto dan video""",Kota Pekanbaru,,2,Aktif,2026-07-14,2026-07-28,Program studi: Komunikasi | Tingkat pendidikan: Sarjana,,2026-08-11T05:37:34Z
maganghub,a2419a22-cb8c-47bf-bb65-0196378e665d,https://maganghub.kemnaker.go.id/magang-nasional/lowongan/konsultan-hukum-a2419a22-cb8c-47bf-bb65-0196378e665d,c348aa28-c0fa-4f0c-8686-e9c605b0b150,KANTOR WILAYAH DIREKTORAT JENDERAL IMIGRASI RIAU,maganghub-c348aa28-c0fa-4f0c-8686-e9c605b0b150,KONSULTAN HUKUM,konsultan-hukum-a2419a22-cb8c-47bf-bb65-0196378e665d,"""1. Memberikan pendapat hukum bagi pimpinan dan unit kerja. | 2. Membantu penyusunan perjanjian, nota kesepahaman, dan surat keputusan. | 3. Melakukan telaah terhadap peraturan dan kebijakan baru. | 4. Menyusun rekomendasi hukum dalam penyelesaian kasus.""",Kota Pekanbaru,,2,Aktif,2026-07-14,2026-07-28,Program studi: Hukum | Tingkat pendidikan: Sarjana,,2026-08-11T05:37:36Z
maganghub,a2419cb8-05b9-4abb-8dc3-7d1888d189c1,https://maganghub.kemnaker.go.id/magang-nasional/lowongan/pengelola-keuangan-dan-anggaran-a2419cb8-05b9-4abb-8dc3-7d1888d189c1,c348aa28-c0fa-4f0c-8686-e9c605b0b150,KANTOR WILAYAH DIREKTORAT JENDERAL IMIGRASI RIAU,maganghub-c348aa28-c0fa-4f0c-8686-e9c605b0b150,PENGELOLA KEUANGAN DAN ANGGARAN,pengelola-keuangan-dan-anggaran-a2419cb8-05b9-4abb-8dc3-7d1888d189c1,"""1. Membantu penyusunan Rencana Kerja dan Anggaran (RKA) satuan kerja. | 2. Menyiapkan dokumen pendukung pelaksanaan anggaran seperti SPP, SPM, dan SP2D. | 3. Melakukan pencatatan transaksi keuangan dalam sistem aplikasi keuangan pemerintah. | 4. Membantu pelaksanaan rekonsiliasi dan penyusunan laporan keuangan bulanan. | 5. Mengarsipkan bukti-bukti pengeluaran dan dokumen keuangan secara tertib.""",Kota Pekanbaru,,2,Aktif,2026-07-14,2026-07-28,Program studi: Akuntansi | Tingkat pendidikan: Sarjana,,2026-08-11T05:37:38Z
maganghub,a24179c7-4d3b-48e9-bb5f-0a54ef887463,https://maganghub.kemnaker.go.id/magang-nasional/lowongan/konsultan-hukum-a24179c7-4d3b-48e9-bb5f-0a54ef887463,6b879731-a13e-4a17-a012-5f4982a77dcf,KANTOR WILAYAH DIREKTORAT JENDERAL IMIGRASI JAWA TIMUR,maganghub-6b879731-a13e-4a17-a012-5f4982a77dcf,KONSULTAN HUKUM,konsultan-hukum-a24179c7-4d3b-48e9-bb5f-0a54ef887463,"1. Memberikan pendapat hukum bagi pimpinan dan unit kerja. | 2. Membantu penyusunan perjanjian, nota kesepahaman, dan surat keputusan. | 3. Melakukan telaah terhadap peraturan dan kebijakan baru. | 4. Menyusun rekomendasi hukum dalam penyelesaian kasus.",Kota Surabaya,,2,Aktif,2026-07-14,2026-07-28,Program studi: Hukum | Tingkat pendidikan: Sarjana,,2026-08-11T05:37:40Z
maganghub,a2417a5a-e728-45f1-93c5-c4b7cad95cd8,https://maganghub.kemnaker.go.id/magang-nasional/lowongan/pengelola-bmn-dan-fasilitas-umum-a2417a5a-e728-45f1-93c5-c4b7cad95cd8,6b879731-a13e-4a17-a012-5f4982a77dcf,KANTOR WILAYAH DIREKTORAT JENDERAL IMIGRASI JAWA TIMUR,maganghub-6b879731-a13e-4a17-a012-5f4982a77dcf,PENGELOLA BMN DAN FASILITAS UMUM,pengelola-bmn-dan-fasilitas-umum-a2417a5a-e728-45f1-93c5-c4b7cad95cd8,1. Menginventarisir aset barang milik negara | 2. Melakukan pemeliharaan terhadap aset barang milik negara | 3. Membantu menyiapkan dokumen rencana kebutuhan penganggaran barang milik negara | 4. Membantu mengamankan barang milik negara yang berada pada pengguna barang | 5. Menyiapkan dokumen pengajuan usulan penghapusan barang milik negara | 6. Menyusun laporan rekonsilidasi barang milik negara | 7. Membuat kartu inventaris barang | 8. Membuat label barang milik negara | 9. Membuat laporan mutasi barang | 10. Melakukan stoke opname barang persediaan,Kota Surabaya,,2,Aktif,2026-07-14,2026-07-28,Program studi: Manajemen Aset Publik | Tingkat pendidikan: Sarjana,,2026-08-11T05:37:42Z
maganghub,a241b2be-77b0-4bd6-b20d-a1350d232157,https://maganghub.kemnaker.go.id/magang-nasional/lowongan/pengelola-kehumasan-a241b2be-77b0-4bd6-b20d-a1350d232157,e6b485aa-e9ea-4a62-b559-9440cd79ab8a,KANTOR WILAYAH DIREKTORAT JENDERAL IMIGRASI MALUKU,maganghub-e6b485aa-e9ea-4a62-b559-9440cd79ab8a,PENGELOLA KEHUMASAN,pengelola-kehumasan-a241b2be-77b0-4bd6-b20d-a1350d232157,"1. Menyusun materi layanan informasi untuk media elektronik | 2. Menyusun berita pelayanan informasi dan kehumasan melalui media: cetak, elektornik dan daring (online) | 3. Menyusun naskah pelayanan informasi dan kehumasan dalam bentuk: ceramah, piodato, dan bahan tayang | 4. Menyelenggarakan penerbitan materi pelayanan informasi untuk media cetak, elektronik, dan daring (online) | 5. Melaksanakan tugas peliputan kegiatan kelembagaan dalan bentuk foto dan video",Kota Ambon,,2,Aktif,2026-07-14,2026-07-28,Program studi: Komunikasi | Tingkat pendidikan: Sarjana,,2026-08-11T05:37:44Z
maganghub,a2415bbc-73f6-4a16-9ef0-33fce4a8d1da,https://maganghub.kemnaker.go.id/magang-nasional/lowongan/pengelola-bmn-dan-fasilitas-umum-a2415bbc-73f6-4a16-9ef0-33fce4a8d1da,02adb913-e6d6-4965-a11c-1d552949e2e8,KANTOR WILAYAH DIREKTORAT JENDERAL IMIGRASI GORONTALO,maganghub-02adb913-e6d6-4965-a11c-1d552949e2e8,PENGELOLA BMN DAN FASILITAS UMUM,pengelola-bmn-dan-fasilitas-umum-a2415bbc-73f6-4a16-9ef0-33fce4a8d1da,"""1. Menginventarisir aset barang milik negara | 2. Melakukan pemeliharaan terhadap aset barang milik negara | 3. Membantu menyiapkan dokumen rencana kebutuhan penganggaran barang milik negara | 4. Membantu mengamankan barang milik negara yang berada pada pengguna barang | 5. Menyiapkan dokumen pengajuan usulan penghapusan barang milik negara | 6. Menyusun laporan rekonsilidasi barang milik negara | 7. Membuat kartu inventaris barang | 8. Membuat label barang milik negara | 9. Membuat laporan mutasi barang | 10. Melakukan stoke opname barang persediaan""",Kab. Bone Bolango,,2,Aktif,2026-07-14,2026-07-28,Program studi: Manajemen Aset Publik | Tingkat pendidikan: Sarjana,,2026-08-11T05:37:46Z
maganghub,a2415765-0da5-4bed-9174-22b24c45fbc5,https://maganghub.kemnaker.go.id/magang-nasional/lowongan/pengelola-keuangan-dan-anggaran-a2415765-0da5-4bed-9174-22b24c45fbc5,02adb913-e6d6-4965-a11c-1d552949e2e8,KANTOR WILAYAH DIREKTORAT JENDERAL IMIGRASI GORONTALO,maganghub-02adb913-e6d6-4965-a11c-1d552949e2e8,PENGELOLA KEUANGAN DAN ANGGARAN,pengelola-keuangan-dan-anggaran-a2415765-0da5-4bed-9174-22b24c45fbc5,"""1. Membantu penyusunan Rencana Kerja dan Anggaran (RKA) satuan kerja. | 2. Menyiapkan dokumen pendukung pelaksanaan anggaran seperti SPP, SPM, dan SP2D. | 3. Melakukan pencatatan transaksi keuangan dalam sistem aplikasi keuangan pemerintah. | 4. Membantu pelaksanaan rekonsiliasi dan penyusunan laporan keuangan bulanan. | 5. Mengarsipkan bukti-bukti pengeluaran dan dokumen keuangan secara tertib.""",Kab. Bone Bolango,,2,Aktif,2026-07-14,2026-07-28,Program studi: Akuntansi | Tingkat pendidikan: Sarjana,,2026-08-11T05:37:48Z
maganghub,a2411c72-1ebd-4cd8-8c15-8efda6f679fe,https://maganghub.kemnaker.go.id/magang-nasional/lowongan/elektromedis-a2411c72-1ebd-4cd8-8c15-8efda6f679fe,e0bb9281-d88a-4f74-95cd-dac91e4d7031,Karya Mitra Pratama,maganghub-e0bb9281-d88a-4f74-95cd-dac91e4d7031,Elektromedis,elektromedis-a2411c72-1ebd-4cd8-8c15-8efda6f679fe,"Mempelajari profil rumah sakit, visi, misi, budaya kerja, struktur organisasi, serta kebijakan pengelolaan alat kesehatan di rumah sakit. | Membantu melakukan inventarisasi dan pendataan alat kesehatan sesuai dengan sistem manajemen aset rumah sakit. | Melakukan pemeriksaan kondisi fisik dan fungsi alat kesehatan secara berkala sesuai jadwal pemeliharaan. | Membantu pelaksanaan pemeliharaan preventif (preventive maintenance) terhadap alat kesehatan sesuai Standar Operasional Prosedur (SOP). | Membantu melakukan identifikasi, analisis, dan pelaporan kerusakan alat kesehatan kepada pembimbing atau teknisi yang berwenang. | Membantu pelaksanaan perbaikan (corrective maintenance) alat kesehatan sesuai kewenangan dan arahan pembimbing. | Mendampingi proses kalibrasi, uji fungsi, dan uji keselamatan alat kesehatan yang dilakukan oleh petugas berwenang atau lembaga kalibrasi. | Mengelola administrasi pemeliharaan alat kesehatan, termasuk pencatatan riwayat servis, kalibrasi, dan perbaikan. | Berkoordinasi dengan unit pelayanan, vendor, maupun pihak terkait dalam proses pemeliharaan dan perbaikan alat kesehatan. | Membantu memastikan alat kesehatan siap digunakan, aman, dan memenuhi standar operasional pelayanan rumah sakit. | Menyusun laporan kegiatan pemeliharaan, hasil pemeriksaan, serta kondisi alat kesehatan secara harian, mingguan, maupun bulanan. | Membantu mengelola dokumen teknis seperti manual alat, sertifikat kalibrasi, dan dokumen pemeliharaan sesuai ketentuan rumah sakit. | Mematuhi prosedur Keselamatan dan Kesehatan Kerja (K3), penggunaan Alat Pelindung Diri (APD), serta standar keselamatan kerja di lingkungan rumah sakit. | Menjaga kerahasiaan data teknis, ketelitian, serta profesionalisme dalam setiap kegiatan pengelolaan alat kesehatan. | Melaksanakan tugas lain yang berkaitan dengan pengelolaan, pemeliharaan, dan pengembangan alat kesehatan sesuai arahan pembimbing atau atasan.",Kab. Sleman,,1,Aktif,2026-07-14,2026-07-28,"Program studi: Elektromedik, Teknik Elektro, Teknik Elektromedis, Pendidikan Teknik Elektronika, Teknik Elektromedik | Tingkat pendidikan: Diploma, Sarjana",rs.concat@gmail.com,2026-08-11T05:37:52Z
maganghub,a2410fe7-78a5-4cd2-82c9-9f737f90829b,https://maganghub.kemnaker.go.id/magang-nasional/lowongan/perawat-anastesi-a2410fe7-78a5-4cd2-82c9-9f737f90829b,e0bb9281-d88a-4f74-95cd-dac91e4d7031,Karya Mitra Pratama,maganghub-e0bb9281-d88a-4f74-95cd-dac91e4d7031,Perawat Anastesi,perawat-anastesi-a2410fe7-78a5-4cd2-82c9-9f737f90829b,"1. Orientasi rumah sakit, memahami SOP, K3RS, PPI, etika profesi, mengenal ruang operasi, alat anestesi, dan alur pelayanan. | 2. Membantu persiapan pasien pra-anestesi, menyiapkan alat dan bahan anestesi, melakukan pengecekan mesin anestesi di bawah supervisi. | 3. Mendampingi tindakan anestesi, membantu monitoring tanda vital pasien selama operasi, serta melakukan dokumentasi keperawatan anestesi. | 4. Membantu penanganan pasien di ruang pemulihan (PACU), monitoring pasca-anestesi, pengelolaan nyeri, dan kolaborasi dengan tim bedah. | 5. Melaksanakan praktik yang lebih mandiri sesuai kewenangan di bawah supervisi, membantu penanganan kasus emergensi dan resusitasi dasar. | 6. Melaksanakan pelayanan secara komprehensif di bawah pembimbing, menyusun laporan kegiatan magang, evaluasi kompetensi.",Kab. Sleman,,1,Aktif,2026-07-14,2026-07-28,Program studi: Keperawatan Anestesiologi | Tingkat pendidikan: Diploma,rs.concat@gmail.com,2026-08-11T05:37:54Z
maganghub,a21f9b8d-18c7-4f88-960e-8262a91a6327,https://maganghub.kemnaker.go.id/magang-nasional/lowongan/konten-creator-a21f9b8d-18c7-4f88-960e-8262a91a6327,ca31ed4b-d19f-403f-820f-72c5b608a9b9,PT. Akui Bird Nest Indonesia,maganghub-ca31ed4b-d19f-403f-820f-72c5b608a9b9,Konten Creator,konten-creator-a21f9b8d-18c7-4f88-960e-8262a91a6327,"Content planning, algoritma media sosial (TikTok/Instagram), copywriting industri. Ambil stock shot foto/video kegiatan pabrik/kantor, riset tren audio, buat content calendar bulanan.",Kab. Jombang,,1,Aktif,2026-07-14,2026-07-28,"Program studi: Multimedia, Produksi Media, BroadBand Multimedia, Teknik Multimedia, Teknik Informatika Multimedia | Tingkat pendidikan: Sarjana",legal@akuibirdnest.com,2026-08-11T05:37:56Z
maganghub,a224a27a-fc63-4c14-9ba4-2fe8b2c46747,https://maganghub.kemnaker.go.id/magang-nasional/lowongan/purchasing-a224a27a-fc63-4c14-9ba4-2fe8b2c46747,ca31ed4b-d19f-403f-820f-72c5b608a9b9,PT. Akui Bird Nest Indonesia,maganghub-ca31ed4b-d19f-403f-820f-72c5b608a9b9,Purchasing,purchasing-a224a27a-fc63-4c14-9ba4-2fe8b2c46747,"Bertugas mendukung seluruh proses pengadaan barang dan kebutuhan operasional perusahaan agar berjalan efektif, efisien, dan transparan serta tersedianya pelaporan yang tepat",Kab. Jombang,,1,Aktif,2026-07-14,2026-07-28,"Program studi: Manajemen Industri, Administrasi Logistik, PJJ Teknik Industri, Teknik Logistik, Manajemen Logistik | Tingkat pendidikan: Sarjana",legal@akuibirdnest.com,2026-08-11T05:37:58Z
maganghub,a21f9e43-35b3-4b3b-b970-88fe38182289,https://maganghub.kemnaker.go.id/magang-nasional/lowongan/sekretaris-a21f9e43-35b3-4b3b-b970-88fe38182289,ca31ed4b-d19f-403f-820f-72c5b608a9b9,PT. Akui Bird Nest Indonesia,maganghub-ca31ed4b-d19f-403f-820f-72c5b608a9b9,Sekretaris,sekretaris-a21f9e43-35b3-4b3b-b970-88fe38182289,"Mengatur jadwal rapat internal, menyambut tamu manajemen,Menjadi notulen rapat koordinasi, follow-up tugas ke divisi lain berdasarkan hasil rapat, mengelola arsip surat rahasia.",Kab. Jombang,,1,Aktif,2026-07-14,2026-07-28,"Program studi: Teknik Informatika, Manajemen Sumber Daya Manusia, Sekretari, Kesekretariatan | Tingkat pendidikan: Sarjana",legal@akuibirdnest.com,2026-08-11T05:38:00Z
maganghub,a21fa1a4-9c33-426c-966e-969e49ad2414,https://maganghub.kemnaker.go.id/magang-nasional/lowongan/dcu--document-control-unit-a21fa1a4-9c33-426c-966e-969e49ad2414,ca31ed4b-d19f-403f-820f-72c5b608a9b9,PT. Akui Bird Nest Indonesia,maganghub-ca31ed4b-d19f-403f-820f-72c5b608a9b9,DCU / Document Control Unit,dcu-document-control-unit-a21fa1a4-9c33-426c-966e-969e49ad2414,"Sistem Manajemen Mutu (GMP/HACCP terkait sarang burung walet) ,  alur pembuatan dokumen, retensi dokumen.  Sortir,  scanning, dan filing dokumen fisik",Kab. Jombang,,1,Aktif,2026-07-14,2026-07-28,"Program studi: Teknik Produksi dan Proses Manufaktur, Teknik informatika, Sistem informasi, Teknologi Informatika Multimedia Digital | Tingkat pendidikan: Sarjana, Diploma",legal@akuibirdnest.com,2026-08-11T05:38:02Z
maganghub,a224a896-d1eb-487c-b7dc-9085937e731b,https://maganghub.kemnaker.go.id/magang-nasional/lowongan/mandarin-translator-a224a896-d1eb-487c-b7dc-9085937e731b,ca31ed4b-d19f-403f-820f-72c5b608a9b9,PT. Akui Bird Nest Indonesia,maganghub-ca31ed4b-d19f-403f-820f-72c5b608a9b9,Mandarin Translator,mandarin-translator-a224a896-d1eb-487c-b7dc-9085937e731b,"Melakukan pekerjaan sehari-hari: penerjemahan dokumen sesaui dengan standart yang ditetapkan, handling tamu/buyer, korespondensi bisnis, dan administrasi ekspor.",Kab. Jombang,,1,Aktif,2026-07-14,2026-07-28,"Program studi: Pendidikan Bahasa Mandarin, Bahasa Mandarin dan Kebudayaan Tiongkok, Bahasa Mandarin, Bahasa Mandarin untuk Komunikasi Bisnis dan Profesional, Bahasa Mandarin Untuk Komunikasi Bisnis Dan Profesional | Tingkat pendidikan: Sarjana, Profesi, Diploma",legal@akuibirdnest.com,2026-08-11T05:38:04Z
maganghub,a224a152-9901-4717-9ce6-8942215ac786,https://maganghub.kemnaker.go.id/magang-nasional/lowongan/admin-qc-a224a152-9901-4717-9ce6-8942215ac786,ca31ed4b-d19f-403f-820f-72c5b608a9b9,PT. Akui Bird Nest Indonesia,maganghub-ca31ed4b-d19f-403f-820f-72c5b608a9b9,Admin QC,admin-qc-a224a152-9901-4717-9ce6-8942215ac786,Admin QC bertugas mengelola seluruh data dan dokumentasi mutu dari lapangan menjadi arsip digital yang rapi dan dapat dipertanggung jawaban dari hasil pendokumentasian.,Kab. Jombang,,1,Aktif,2026-07-14,2026-07-28,"Program studi: Teknologi Informasi, Sistem dan Teknologi Informasi, Pendidikan Teknologi Informasi dan Komunikasi, Pendidikan Teknologi Informatika dan Komputer | Tingkat pendidikan: Sarjana",legal@akuibirdnest.com,2026-08-11T05:38:06Z
maganghub,a2411673-386c-4f2d-bf7d-8b5fdec9ab28,https://maganghub.kemnaker.go.id/magang-nasional/lowongan/administrasi-ambulance-rumah-sakit-a2411673-386c-4f2d-bf7d-8b5fdec9ab28,e0bb9281-d88a-4f74-95cd-dac91e4d7031,Karya Mitra Pratama,maganghub-e0bb9281-d88a-4f74-95cd-dac91e4d7031,Administrasi Ambulance Rumah Sakit,administrasi-ambulance-rumah-sakit-a2411673-386c-4f2d-bf7d-8b5fdec9ab28,"Mempelajari profil rumah sakit, visi, misi, budaya kerja, struktur organisasi, serta sistem pelayanan ambulans rumah sakit. | Membantu mengelola administrasi pelayanan ambulans sesuai dengan Standar Operasional Prosedur (SOP) yang berlaku. | Melakukan pencatatan permintaan layanan ambulans, baik untuk rujukan, transfer pasien, maupun pelayanan lainnya. | Membantu mengatur jadwal penggunaan ambulans serta berkoordinasi dengan pengemudi dan tenaga kesehatan yang bertugas. | Melakukan administrasi data pasien pengguna layanan ambulans secara lengkap, akurat, dan sesuai ketentuan rumah sakit. | Membantu menyusun dan mengarsipkan dokumen perjalanan ambulans, surat rujukan, berita acara, serta dokumen administrasi lainnya. | Melakukan pencatatan penggunaan kendaraan ambulans, termasuk kilometer kendaraan, bahan bakar, dan jadwal pemeliharaan kendaraan. | Berkoordinasi dengan Instalasi Gawat Darurat (IGD), ruang perawatan, fasilitas kesehatan rujukan, dan unit terkait dalam mendukung kelancaran pelayanan ambulans. | Mengoperasikan sistem informasi atau aplikasi administrasi ambulans sesuai dengan kebijakan rumah sakit. | Membantu menyusun laporan operasional harian, mingguan, dan bulanan terkait penggunaan ambulans dan aktivitas pelayanan. | Membantu memonitor kelengkapan dokumen kendaraan, perizinan, serta administrasi operasional ambulans agar selalu sesuai ketentuan. | Menjaga kerahasiaan data pasien, dokumen pelayanan, dan informasi rumah sakit sesuai dengan peraturan yang berlaku. | Memberikan pelayanan administrasi yang cepat, ramah, responsif, dan profesional kepada pasien maupun keluarga pasien. | Menjaga ketelitian, kedisiplinan, serta profesionalisme dalam setiap kegiatan administrasi pelayanan ambulans rumah sakit. | Melaksanakan tugas lain yang berkaitan dengan administrasi pelayanan ambulans sesuai arahan pembimbing atau atasan.",Kab. Sleman,,1,Aktif,2026-07-14,2026-07-28,"Program studi: Manajemen, Administrasi Rumah Sakit, Kesehatan Masyarakat, Administrasi Perkantoran | Tingkat pendidikan: Diploma, Sarjana",rs.concat@gmail.com,2026-08-11T05:38:08Z
maganghub,a21f9a3f-e31e-47a9-b939-acd2a95c2f03,https://maganghub.kemnaker.go.id/magang-nasional/lowongan/desain-grafis-a21f9a3f-e31e-47a9-b939-acd2a95c2f03,ca31ed4b-d19f-403f-820f-72c5b608a9b9,PT. Akui Bird Nest Indonesia,maganghub-ca31ed4b-d19f-403f-820f-72c5b608a9b9,Desain Grafis,desain-grafis-a21f9a3f-e31e-47a9-b939-acd2a95c2f03,"Identifikasi kebutuhan perusahaan, layouting, tipografi, optimalisasi tools (Canva/Photoshop/Illustrator). Membuat desain seperti poster lowongan kerja, desain pengumuman internal perusahaan, edit foto produk simple.",Kab. Jombang,,1,Aktif,2026-07-14,2026-07-28,"Program studi: Desain Komunikasi Visual, Teknologi Rekayasa Multimedia Grafis, Desain Grafis | Tingkat pendidikan: Sarjana",legal@akuibirdnest.com,2026-08-11T05:38:10Z
maganghub,a243ba5e-3df3-49b6-8747-1510db3e061a,https://maganghub.kemnaker.go.id/magang-nasional/lowongan/pmc-intern---dm-a243ba5e-3df3-49b6-8747-1510db3e061a,b0f6fd50-3c61-4e12-a97d-79f80e9620b3,Surya Citra Televisi,maganghub-b0f6fd50-3c61-4e12-a97d-79f80e9620b3,PMC Intern - DM,pmc-intern-dm-a243ba5e-3df3-49b6-8747-1510db3e061a,"'- Mampu membantu dalam perencanaan dan pengelolaan aspek treatment sponsor serta memastikan kesesuaian budget (termasuk Cost Concern). | - Memiliki kemampuan komunikasi dan negosiasi dasar untuk berinteraksi dengan tim internal (Produksi, Editing) dan eksternal (Klien). | - Mampu mengorganisir dan memantau aktivitas produksi untuk memastikan exposure sponsor terlaksana sesuai dengan kesepakatan. | - Memiliki kemampuan dasar identifikasi dan pemecahan masalah (troubleshooting) yang muncul selama proses eksekusi di lapangan.",Kota Adm. Jakarta Pusat,,1,Aktif,2026-07-14,2026-07-28,"Program studi: Manajemen & Produksi Film Video & TV, Pengelolaan Konvensi dan Acara, Ilmu Komunikasi, Teknologi Multimedia dan Broadcasting | Tingkat pendidikan: Diploma, Sarjana",permit@sctv.co.id,2026-08-11T05:38:11Z
maganghub,a243a56a-6dcd-4d09-8f9e-db3eea62405d,https://maganghub.kemnaker.go.id/magang-nasional/lowongan/scheduling-intern-a243a56a-6dcd-4d09-8f9e-db3eea62405d,b0f6fd50-3c61-4e12-a97d-79f80e9620b3,Surya Citra Televisi,maganghub-b0f6fd50-3c61-4e12-a97d-79f80e9620b3,Scheduling Intern,scheduling-intern-a243a56a-6dcd-4d09-8f9e-db3eea62405d,'- Membantu menyusun dan memperbarui jadwal penayangan program televisi sesuai kebutuhan operasional. | - Mengolah dan memonitor data pendukung untuk proses penyusunan jadwal program. | - Membantu memastikan jadwal penayangan program tersusun secara akurat dan tepat waktu. | - Menyusun laporan serta melakukan dokumentasi terkait aktivitas scheduling. | - Berkoordinasi dengan tim terkait untuk mendukung proses perencanaan dan penjadwalan program.,Kota Adm. Jakarta Pusat,,1,Aktif,2026-07-14,2026-07-28,"Program studi: Penyiaran, Manajemen, Sistem Informasi, Ilmu Komunikasi, Statistika | Tingkat pendidikan: Diploma, Sarjana",permit@sctv.co.id,2026-08-11T05:38:13Z
maganghub,a243b940-13cd-480b-8568-ebc3e0721cac,https://maganghub.kemnaker.go.id/magang-nasional/lowongan/photographer-intern---kly-a243b940-13cd-480b-8568-ebc3e0721cac,b0f6fd50-3c61-4e12-a97d-79f80e9620b3,Surya Citra Televisi,maganghub-b0f6fd50-3c61-4e12-a97d-79f80e9620b3,Photographer Intern - KLY,photographer-intern-kly-a243b940-13cd-480b-8568-ebc3e0721cac,"1. Membuat foto dari segi fotografi dan paham tentang kode etik jurnalis di dunia foto, | 2. Mengoperasikan lampu studio agar diaplikasikan menjadi sebuah foto yang diambil di dalam studio baik itu objek orang ataupun benda. | 3. Mengedit foto di aplikasi Photoshop dan juga aplikasi editing foto dan sejenisnya.",Kota Adm. Jakarta Pusat,,1,Aktif,2026-07-14,2026-07-28,"Program studi: Multimedia, Desain Komunikasi Visual, Fotografi, Manajemen Produksi Media | Tingkat pendidikan: Diploma, Sarjana",permit@sctv.co.id,2026-08-11T05:38:15Z
maganghub,a243998a-311a-43b1-86ad-6c2687a24e1e,https://maganghub.kemnaker.go.id/magang-nasional/lowongan/it-logistic-intern-a243998a-311a-43b1-86ad-6c2687a24e1e,b0f6fd50-3c61-4e12-a97d-79f80e9620b3,Surya Citra Televisi,maganghub-b0f6fd50-3c61-4e12-a97d-79f80e9620b3,IT Logistic Intern,it-logistic-intern-a243998a-311a-43b1-86ad-6c2687a24e1e,"'- Membantu melakukan pembaruan data aset IT pada sistem GLPI dan AMS. | - Mendukung proses administrasi, dokumentasi, dan inventarisasi logistik IT. | - Membantu memastikan data aset dan perangkat IT terdokumentasi secara akurat. | - Berkoordinasi dengan tim terkait dalam pengelolaan aset dan kebutuhan logistik IT. | - Membantu pelaksanaan tugas operasional dan administratif lainnya yang berkaitan dengan logistik IT.",Kota Adm. Jakarta Pusat,,1,Aktif,2026-07-14,2026-07-28,"Program studi: Teknik Informatika, Teknologi Informasi, Sistem Komputer, Sistem Informasi, Manajemen Informatika | Tingkat pendidikan: Diploma, Sarjana",permit@sctv.co.id,2026-08-11T05:38:17Z
maganghub,a2439edd-89dd-449b-8782-18211b75fe73,https://maganghub.kemnaker.go.id/magang-nasional/lowongan/network-&-system-intern-a2439edd-89dd-449b-8782-18211b75fe73,b0f6fd50-3c61-4e12-a97d-79f80e9620b3,Surya Citra Televisi,maganghub-b0f6fd50-3c61-4e12-a97d-79f80e9620b3,Network & System Intern,network-system-intern-a2439edd-89dd-449b-8782-18211b75fe73,'- Membantu tim dalam kegiatan administrasi dan operasional sistem serta jaringan. | - Mendukung proses monitoring dan troubleshooting dasar pada infrastruktur IT. | - Membantu penyusunan dan pembaruan dokumentasi teknis (technical documentation). | - Berkoordinasi dengan tim terkait untuk mendukung implementasi dan pemeliharaan sistem. | - Membantu pelaksanaan tugas operasional lainnya yang berkaitan dengan Network & System Administration.,Kota Adm. Jakarta Pusat,,1,Aktif,2026-07-14,2026-07-28,"Program studi: Teknik Informatika, Sistem Informasi, Teknik Elektro, Teknik Komputer | Tingkat pendidikan: Diploma, Sarjana",permit@sctv.co.id,2026-08-11T05:38:19Z
maganghub,a2439180-2752-4d5f-891a-38b7e48c8b0c,https://maganghub.kemnaker.go.id/magang-nasional/lowongan/on-air-promo-editor-intern-a2439180-2752-4d5f-891a-38b7e48c8b0c,b0f6fd50-3c61-4e12-a97d-79f80e9620b3,Surya Citra Televisi,maganghub-b0f6fd50-3c61-4e12-a97d-79f80e9620b3,On Air Promo Editor Intern,on-air-promo-editor-intern-a2439180-2752-4d5f-891a-38b7e48c8b0c,'- Membantu membuat materi audio visual (A/V) untuk kebutuhan on-air promo program televisi. | - Mengedit video promosi sesuai konsep kreatif dan identitas program. | - Membantu menyusun naskah (script) dan konsep visual untuk materi promo. | - Berkolaborasi dengan tim kreatif dalam proses produksi dan revisi materi promo. | - Memastikan hasil materi promo memenuhi standar kualitas dan siap ditayangkan.,Kota Adm. Jakarta Pusat,,1,Aktif,2026-07-14,2026-07-28,"Program studi: Penyiaran, Multimedia, Film dan Televisi, Ilmu Komunikasi, Desain Komunikasi Visual | Tingkat pendidikan: Diploma, Sarjana",permit@sctv.co.id,2026-08-11T05:38:21Z
maganghub,a2439332-036c-44a0-8ccb-46cfda259934,https://maganghub.kemnaker.go.id/magang-nasional/lowongan/it-sap-functional-intern-a2439332-036c-44a0-8ccb-46cfda259934,b0f6fd50-3c61-4e12-a97d-79f80e9620b3,Surya Citra Televisi,maganghub-b0f6fd50-3c61-4e12-a97d-79f80e9620b3,IT SAP Functional Intern,it-sap-functional-intern-a2439332-036c-44a0-8ccb-46cfda259934,'- Membantu pengelolaan user dan role pada sistem SAP sesuai kebutuhan bisnis. | - Mendukung proses validasi user role dan hak akses (authorization) sesuai prosedur yang berlaku. | - Membantu penyusunan dan pembaruan dokumentasi terkait SAP authorization. | - Melakukan pengecekan data serta memastikan akurasi informasi pada sistem SAP. | - Berkoordinasi dengan tim terkait dalam mendukung operasional dan administrasi SAP.,Kota Adm. Jakarta Pusat,,1,Aktif,2026-07-14,2026-07-28,"Program studi: Teknik Informatika, Teknologi Informasi, Ilmu Komputer, Sistem Informasi, Manajemen Informatika | Tingkat pendidikan: Diploma, Sarjana",permit@sctv.co.id,2026-08-11T05:38:23Z
maganghub,a2439883-979f-4fde-a72c-e4f2b231f269,https://maganghub.kemnaker.go.id/magang-nasional/lowongan/it-ai-engineer-intern-a2439883-979f-4fde-a72c-e4f2b231f269,b0f6fd50-3c61-4e12-a97d-79f80e9620b3,Surya Citra Televisi,maganghub-b0f6fd50-3c61-4e12-a97d-79f80e9620b3,IT AI Engineer Intern,it-ai-engineer-intern-a2439883-979f-4fde-a72c-e4f2b231f269,"'- Membantu mengembangkan aplikasi dan solusi berbasis AI sesuai kebutuhan bisnis. | - Mendukung implementasi fitur yang memanfaatkan LLM dan automation workflow. | - Melakukan testing, debugging, dan evaluasi performa aplikasi AI. | - Berkolaborasi dengan tim dalam proses pengembangan, implementasi, dan dokumentasi proyek AI. | - Melakukan riset sederhana mengenai teknologi dan tools AI untuk mendukung pengembangan solusi.",Kota Adm. Jakarta Pusat,,1,Aktif,2026-07-14,2026-07-28,"Program studi: Teknik Informatika, Teknologi Informasi, Sains Data, Ilmu Komputer, Sistem Informasi | Tingkat pendidikan: Diploma, Sarjana",permit@sctv.co.id,2026-08-11T05:38:25Z
maganghub,a243a107-bdef-49ae-92c2-59434fb552de,https://maganghub.kemnaker.go.id/magang-nasional/lowongan/hcbp-non-tab-intern-a243a107-bdef-49ae-92c2-59434fb552de,9e8ae8ad-d806-4b24-b1b2-270fa31e2b51,PT. Tri Adi Bersama,maganghub-9e8ae8ad-d806-4b24-b1b2-270fa31e2b51,HCBP NON TAB INTERN,hcbp-non-tab-intern-a243a107-bdef-49ae-92c2-59434fb552de,Mendukung proses rekrutmen end-to-end. | Melakukan monitoring administrasi Daily Worker. | Memantau DOJO TitipAja dan menyusun laporan operasional berkala.,Kota Adm. Jakarta Selatan,,1,Aktif,2026-07-14,2026-07-28,"Program studi: Manajemen Sumber Daya Manusia, Psikologi | Tingkat pendidikan: Sarjana",corporate@anteraja.id,2026-08-11T05:38:29Z
maganghub,a2439e86-2ef8-4d7b-8117-ca8b4efa11ff,https://maganghub.kemnaker.go.id/magang-nasional/lowongan/culture-intern-a2439e86-2ef8-4d7b-8117-ca8b4efa11ff,9e8ae8ad-d806-4b24-b1b2-270fa31e2b51,PT. Tri Adi Bersama,maganghub-9e8ae8ad-d806-4b24-b1b2-270fa31e2b51,CULTURE INTERN,culture-intern-a2439e86-2ef8-4d7b-8117-ca8b4efa11ff,"1. Membantu pengelolaan dokumen, arsip, dan database Departemen Culture & Employee Relations. | 2. Menyusun dan memperbarui daftar peserta serta dokumentasi kegiatan. | 3. Menyusun dan memperbarui daftar peserta serta dokumentasi kegiatan. | 4.Membantu persiapan kegiatan employee engagement, seperti town hall, webinar, employee gathering, employee appreciation, dan program internal lainnya | 5. Membantu proses registrasi peserta dan pengumpulan feedback pasca kegiatan | 6. Mendukung distribusi materi komunikasi | 7. Membantu persiapan campaign culture perusahaan | 8. Mengumpulkan data partisipasi karyawan dalam program culture | 9. Mendukung kebutuhan administrasi program | 10. Melakukan input, validasi dan pengolahan data terkait employee engagmenet dan culture program | 11. Mengolah hasil survey karyawan",Kota Adm. Jakarta Selatan,,1,Aktif,2026-07-14,2026-07-28,"Program studi: Manajemen Sumber Daya Manusia, Psikologi, Ilmu Komunikasi, Desain Komunikasi Visual | Tingkat pendidikan: Sarjana",corporate@anteraja.id,2026-08-11T05:38:31Z
maganghub,a243a002-033d-42f9-9b5b-ebe1e289c2ab,https://maganghub.kemnaker.go.id/magang-nasional/lowongan/government-relation-intern-a243a002-033d-42f9-9b5b-ebe1e289c2ab,9e8ae8ad-d806-4b24-b1b2-270fa31e2b51,PT. Tri Adi Bersama,maganghub-9e8ae8ad-d806-4b24-b1b2-270fa31e2b51,GOVERNMENT RELATION INTERN,government-relation-intern-a243a002-033d-42f9-9b5b-ebe1e289c2ab,"Mengelola, mengarsipkan, dan memastikan kelengkapan dokumen administrasi yang berkaitan dengan koordinasi bersama pihak kepolisian | Menyiapkan surat-menyurat dan dokumen pendukung",Kota Adm. Jakarta Selatan,,1,Aktif,2026-07-14,2026-07-28,"Program studi: Manajemen Sumber Daya Manusia, Ilmu Pemerintahan | Tingkat pendidikan: Sarjana",corporate@anteraja.id,2026-08-11T05:38:32Z
maganghub,a2415b0d-5add-4bd6-9dca-c7ee88e2a7a6,https://maganghub.kemnaker.go.id/magang-nasional/lowongan/special-liability-management-a2415b0d-5add-4bd6-9dca-c7ee88e2a7a6,781f5196-3ff3-4cc6-9b95-31068e9f0a3f,Perusahaan Perseroan (Persero) PT. Bahana Pembinaan Usaha Indonesia,maganghub-781f5196-3ff3-4cc6-9b95-31068e9f0a3f,Special Liability Management,special-liability-management-a2415b0d-5add-4bd6-9dca-c7ee88e2a7a6,"a.Membantu program kerja Divisi Special Liability Management; | b.Membantu penyusunan materi/ presentasi/ kajian yang dibutuhkan untuk mendukung program kerja Divisi Special Liability Management; | c.Membantu pembuatan surat-menyurat, laporan penggunaan budget, kegiatan administratif, dan mendukung kebutuhan Kepala Divisi lainnya. | d.Membantu tim dalam menyiapkan bahan presentasi, jika diperlukan. | e.Membantu pelaksanaan tugas-tugas ad-hoc lainnya.",Kota Adm. Jakarta Selatan,,2,Aktif,2026-07-14,2026-07-28,"Program studi: Keuangan, Teknik Sipil, Statistika, Matematika | Tingkat pendidikan: Sarjana",persero.bahana@gmail.com,2026-08-11T05:38:34Z
maganghub,a234dc5c-6601-4427-9186-1f82f147521c,https://maganghub.kemnaker.go.id/magang-nasional/lowongan/administrasi-a234dc5c-6601-4427-9186-1f82f147521c,b1c4f024-f611-463d-a099-ea9a2d6882d0,Indotrans Data,maganghub-b1c4f024-f611-463d-a099-ea9a2d6882d0,Administrasi,administrasi-a234dc5c-6601-4427-9186-1f82f147521c,'-Mengelola dan mengupdate data administrasi perusahaan | -Mengurus dokumen dan arsip perusahaan | -Mengatur pengelolaan inventaris kantor | -Membantu tugas-tugas administratif lainnya sesuai kebutuhan,Kota Adm. Jakarta Selatan,,1,Aktif,2026-07-14,2026-07-28,"Program studi: Administrasi, Manajemen Pemasaran/Marketing | Tingkat pendidikan: Diploma",indotransdataofficial@gmail.com,2026-08-11T05:38:36Z
maganghub,a234fb54-ee6b-4bf8-b93a-d7094706d32e,https://maganghub.kemnaker.go.id/magang-nasional/lowongan/sosial-media-officer-a234fb54-ee6b-4bf8-b93a-d7094706d32e,b1c4f024-f611-463d-a099-ea9a2d6882d0,Indotrans Data,maganghub-b1c4f024-f611-463d-a099-ea9a2d6882d0,Sosial Media Officer,sosial-media-officer-a234fb54-ee6b-4bf8-b93a-d7094706d32e,•	Memahami strategi digital marketing untuk perusahaan ISP. | •	Menyusun content plan dan content calendar. | •	Membuat copywriting yang menarik dan sesuai target audiens. | •	Mendesain konten visual menggunakan Canva. | •	Memproduksi dan mengedit video pendek untuk media sosial. | •	Mengelola publikasi konten dan interaksi di media sosial. | •	Membaca insight media sosial dan membuat laporan evaluasi. | •	Berkontribusi dalam kegiatan branding dan promosi digital PT Indotrans Data secara mandiri dengan supervisi mentor.,Kota Adm. Jakarta Selatan,,1,Aktif,2026-07-14,2026-07-28,"Program studi: Multimedia, Ilmu Komunikasi, Desain Grafis | Tingkat pendidikan: Diploma",indotransdataofficial@gmail.com,2026-08-11T05:38:38Z
maganghub,a2437565-785f-4924-8d4b-10b33d276305,https://maganghub.kemnaker.go.id/magang-nasional/lowongan/it-support-a2437565-785f-4924-8d4b-10b33d276305,019f2726-3c03-70db-a7de-859a9875e7a4,PT. Besturi Delta Medika (Rumah Sakit Manyar Medical Centre),maganghub-019f2726-3c03-70db-a7de-859a9875e7a4,IT Support,it-support-a2437565-785f-4924-8d4b-10b33d276305,"Kurikulum pembelajaran bagi peserta magang di Unit Teknologi Informasi (IT) mencakup orientasi dan pengenalan organisasi serta tugas Unit IT, pengenalan Sistem Informasi Manajemen Rumah Sakit (SIMRS), penerapan etika profesi, keselamatan dan kesehatan kerja (K3), pengelolaan serta pemeliharaan perangkat keras, perangkat lunak, dan jaringan komputer, pengoperasian serta pengembangan sistem informasi sesuai standar operasional, pelayanan bantuan teknis (helpdesk), pengelolaan keamanan data, penyusunan dokumentasi dan pelaporan kegiatan, serta evaluasi hasil magang.",Kota Surabaya,,1,Aktif,2026-07-14,2026-07-28,"Program studi: Ilmu Komputer, Teknologi Komputer, Teknik informatika, Teknik Komputer Dan Jaringan, Manajemen Informatika | Tingkat pendidikan: Diploma, Sarjana",sekretariat@rsmmcsby.co.id,2026-08-11T05:38:40Z
maganghub,a2419548-6b7a-461f-a51d-7884e9099200,https://maganghub.kemnaker.go.id/magang-nasional/lowongan/tenaga-teknis-kefarmasian-a2419548-6b7a-461f-a51d-7884e9099200,019f2726-3c03-70db-a7de-859a9875e7a4,PT. Besturi Delta Medika (Rumah Sakit Manyar Medical Centre),maganghub-019f2726-3c03-70db-a7de-859a9875e7a4,Tenaga Teknis Kefarmasian,tenaga-teknis-kefarmasian-a2419548-6b7a-461f-a51d-7884e9099200,"1.	Membantu apoteker mengecek dan mendata perbekalan Farmasi | 2.	Melakukan penerimaan sediaan farmasi | 3.	Menyimpan, menyusun dan menata sediaan farmasi | 4.	Melayani dan menyiapkan permintaan obat | 5.	Melakukan retur sediaan farmasi yang rusak / kadaluarsa ke Gudang Farmasi | 6. Melakukan pendistribusian obat",Kota Surabaya,,1,Aktif,2026-07-14,2026-07-28,Program studi: Farmasi | Tingkat pendidikan: Diploma,sekretariat@rsmmcsby.co.id,2026-08-11T05:38:42Z
maganghub,a2418782-f653-4661-8a89-b3995498a41e,https://maganghub.kemnaker.go.id/magang-nasional/lowongan/radiografer-a2418782-f653-4661-8a89-b3995498a41e,019f2726-3c03-70db-a7de-859a9875e7a4,PT. Besturi Delta Medika (Rumah Sakit Manyar Medical Centre),maganghub-019f2726-3c03-70db-a7de-859a9875e7a4,Radiografer,radiografer-a2418782-f653-4661-8a89-b3995498a41e,1. Mampu mengelola pendaftaran dan administrasi pasien | 2. Mampu melakukan pemeriksaan x-ray thorax | 3. Mampu melakukan persiapan dan positioning pasien | 4. Mampu melakukan pemeriksaan foto polos radiologi | 5. Mampu melakukan pemeriksaan MRI tanpa kontras | 6. Mampu melakukan pemeriksaan CT scan tanpa kontras | 7. Mampu membantu Kepala Urusan melakukan perencanaan,Kota Surabaya,,1,Aktif,2026-07-14,2026-07-28,Program studi: Radiologi | Tingkat pendidikan: Diploma,sekretariat@rsmmcsby.co.id,2026-08-11T05:38:44Z
maganghub,a2418bb7-d6f7-4ae5-b787-b39ffa690fda,https://maganghub.kemnaker.go.id/magang-nasional/lowongan/pemasaran-a2418bb7-d6f7-4ae5-b787-b39ffa690fda,019f2726-3c03-70db-a7de-859a9875e7a4,PT. Besturi Delta Medika (Rumah Sakit Manyar Medical Centre),maganghub-019f2726-3c03-70db-a7de-859a9875e7a4,Pemasaran,pemasaran-a2418bb7-d6f7-4ae5-b787-b39ffa690fda,1. Pengenalan lingkungan kerja | 2. Kebijakan Rumah Sakit | 3. Pedoman Urusan dan Standar Prosedur Operasional | 4. Uraian Tugas dan tanggung jawab | 5. Tata cara koordinasi anatar unit | 6. Pengolahan data dan pelaporan,Kota Surabaya,,1,Aktif,2026-07-14,2026-07-28,"Program studi: Manajemen Pemasaran/Marketing | Tingkat pendidikan: Sarjana, Diploma",sekretariat@rsmmcsby.co.id,2026-08-11T05:38:46Z
maganghub,a243097f-f5cc-47fb-950f-a5a699c3520a,https://maganghub.kemnaker.go.id/magang-nasional/lowongan/store-operation-administrator-a243097f-f5cc-47fb-950f-a5a699c3520a,019f49d6-ff83-727f-b6fa-1a424d82f76a,Amindoway Jaya,maganghub-019f49d6-ff83-727f-b6fa-1a424d82f76a,Store Operation Administrator,store-operation-administrator-a243097f-f5cc-47fb-950f-a5a699c3520a,"Overview | Mendukung pengelolaan data dan pelaporan performa store, mulai dari pengumpulan dan validasi data KPI hingga penyusunan laporan serta analisis tren performa store. | Tanggung Jawab | •	Mengumpulkan dan mengolah data KPI store. | •	Membantu membuat dashboard dan laporan rutin. | •	Melakukan validasi data traffic, invoice, sales conversion, repeat purchase, dan reorder rate. | •	Membantu analisis tren performa store. | •	Mendukung penyusunan laporan bulanan. | Kualifikasi | •	Fresh graduate. | •	Jurusan Sistem Informasi, Statistik, Matematika, Teknik Industri, Manajemen, atau sejenisnya. | •	Menguasai Microsoft Excel dan PowerPoint. | •	Memiliki kemampuan analitis yang baik. | •	Teliti dan terbiasa bekerja dengan data. | •	Mampu mengolah data dan membuat laporan sederhana.",Kota Adm. Jakarta Selatan,,1,Aktif,2026-07-14,2026-07-28,"Program studi: Sistem Informasi, Administrasi Bisnis, Teknik Sipil, Statistika, Matematika | Tingkat pendidikan: Sarjana",rizal.arnex@amway.com,2026-08-11T05:38:48Z
maganghub,a243834c-ee1a-460f-8507-3fb82d2ef073,https://maganghub.kemnaker.go.id/magang-nasional/lowongan/store-operation-assistant-a243834c-ee1a-460f-8507-3fb82d2ef073,019f49d6-ff83-727f-b6fa-1a424d82f76a,Amindoway Jaya,maganghub-019f49d6-ff83-727f-b6fa-1a424d82f76a,Store Operation Assistant,store-operation-assistant-a243834c-ee1a-460f-8507-3fb82d2ef073,"Overview | Mendukung kelancaran aktivitas operasional harian store, administrasi event dan aktivitas ABO, serta penyusunan laporan mingguan store. | Tanggung Jawab | •	Membantu monitoring aktivitas harian store. | •	Membantu rekap data jumlah pengunjung, invoice, conversion, dan KPI store. | •	Membantu administrasi event dan aktivitas ABO (Amway Business Owner) di store. | •	Melakukan pengecekan kelengkapan materi promosi dan display. | •	Membantu penyusunan laporan mingguan store. | Kualifikasi | •	Fresh graduate. | •	Jurusan Manajemen, Bisnis, Marketing, Komunikasi, atau sejenisnya. | •	Memiliki kemampuan komunikasi yang baik. | •	Detail, proaktif, dan mampu bekerja dalam tim. | •	Menguasai Microsoft Office dasar. | •	Bersedia bekerja di area store.",Kota Adm. Jakarta Selatan,,1,Aktif,2026-07-14,2026-07-28,"Program studi: Manajemen, Bisnis Manajemen Retail, Ilmu Komunikasi, Administrasi Bisnis, Manajemen Pemasaran/Marketing | Tingkat pendidikan: Diploma, Sarjana, Profesi",rizal.arnex@amway.com,2026-08-11T05:38:50Z
maganghub,a2438c66-023e-490f-a3a8-fe9e0a132360,https://maganghub.kemnaker.go.id/magang-nasional/lowongan/store-operation-assistant-a2438c66-023e-490f-a3a8-fe9e0a132360,019f49d6-ff83-727f-b6fa-1a424d82f76a,Amindoway Jaya,maganghub-019f49d6-ff83-727f-b6fa-1a424d82f76a,Store Operation Assistant,store-operation-assistant-a2438c66-023e-490f-a3a8-fe9e0a132360,"Overview | Mendukung kelancaran aktivitas operasional harian store, administrasi event dan aktivitas ABO, serta penyusunan laporan mingguan store. | Tanggung Jawab | •	Membantu monitoring aktivitas harian store. | •	Membantu rekap data jumlah pengunjung, invoice, conversion, dan KPI store. | •	Membantu administrasi event dan aktivitas ABO (Amway Business Owner) di store. | •	Melakukan pengecekan kelengkapan materi promosi dan display. | •	Membantu penyusunan laporan mingguan store. | Kualifikasi | •	Fresh graduate. | •	Jurusan Manajemen, Bisnis, Marketing, Komunikasi, atau sejenisnya. | •	Memiliki kemampuan komunikasi yang baik. | •	Detail, proaktif, dan mampu bekerja dalam tim. | •	Menguasai Microsoft Office dasar. | •	Bersedia bekerja di area store.",Kota Adm. Jakarta Selatan,,1,Aktif,2026-07-14,2026-07-28,"Program studi: Manajemen, Bisnis Manajemen Retail, Ilmu Komunikasi, Administrasi Bisnis, Manajemen Pemasaran/Marketing | Tingkat pendidikan: Diploma, Sarjana, Profesi",rizal.arnex@amway.com,2026-08-11T05:38:52Z
maganghub,a24384c8-f3c5-4929-a522-ca97e45ece55,https://maganghub.kemnaker.go.id/magang-nasional/lowongan/store-operation-assistant-a24384c8-f3c5-4929-a522-ca97e45ece55,019f49d6-ff83-727f-b6fa-1a424d82f76a,Amindoway Jaya,maganghub-019f49d6-ff83-727f-b6fa-1a424d82f76a,Store Operation Assistant,store-operation-assistant-a24384c8-f3c5-4929-a522-ca97e45ece55,"Overview | Mendukung kelancaran aktivitas operasional harian store, administrasi event dan aktivitas ABO, serta penyusunan laporan mingguan store. | Tanggung Jawab | •	Membantu monitoring aktivitas harian store. | •	Membantu rekap data jumlah pengunjung, invoice, conversion, dan KPI store. | •	Membantu administrasi event dan aktivitas ABO (Amway Business Owner) di store. | •	Melakukan pengecekan kelengkapan materi promosi dan display. | •	Membantu penyusunan laporan mingguan store. | Kualifikasi | •	Fresh graduate. | •	Jurusan Manajemen, Bisnis, Marketing, Komunikasi, atau sejenisnya. | •	Memiliki kemampuan komunikasi yang baik. | •	Detail, proaktif, dan mampu bekerja dalam tim. | •	Menguasai Microsoft Office dasar. | •	Bersedia bekerja di area store.",Kota Adm. Jakarta Selatan,,1,Aktif,2026-07-14,2026-07-28,"Program studi: Manajemen, Bisnis Manajemen Retail, Ilmu Komunikasi, Administrasi Bisnis, Manajemen Pemasaran/Marketing | Tingkat pendidikan: Diploma, Sarjana, Profesi",rizal.arnex@amway.com,2026-08-11T05:38:54Z
maganghub,a24386c9-bc44-4143-9b72-8df29978a594,https://maganghub.kemnaker.go.id/magang-nasional/lowongan/store-operation-assistant-a24386c9-bc44-4143-9b72-8df29978a594,019f49d6-ff83-727f-b6fa-1a424d82f76a,Amindoway Jaya,maganghub-019f49d6-ff83-727f-b6fa-1a424d82f76a,Store Operation Assistant,store-operation-assistant-a24386c9-bc44-4143-9b72-8df29978a594,"Overview | Mendukung kelancaran aktivitas operasional harian store, administrasi event dan aktivitas ABO, serta penyusunan laporan mingguan store. | Tanggung Jawab | •	Membantu monitoring aktivitas harian store. | •	Membantu rekap data jumlah pengunjung, invoice, conversion, dan KPI store. | •	Membantu administrasi event dan aktivitas ABO (Amway Business Owner) di store. | •	Melakukan pengecekan kelengkapan materi promosi dan display. | •	Membantu penyusunan laporan mingguan store. | Kualifikasi | •	Fresh graduate. | •	Jurusan Manajemen, Bisnis, Marketing, Komunikasi, atau sejenisnya. | •	Memiliki kemampuan komunikasi yang baik. | •	Detail, proaktif, dan mampu bekerja dalam tim. | •	Menguasai Microsoft Office dasar. | •	Bersedia bekerja di area store.",Kota Adm. Jakarta Selatan,,1,Aktif,2026-07-14,2026-07-28,"Program studi: Manajemen, Bisnis Manajemen Retail, Ilmu Komunikasi, Administrasi Bisnis, Manajemen Pemasaran/Marketing | Tingkat pendidikan: Diploma, Sarjana, Profesi",rizal.arnex@amway.com,2026-08-11T05:38:56Z
maganghub,a243824a-2d79-46c2-b358-6abbe208e90c,https://maganghub.kemnaker.go.id/magang-nasional/lowongan/store-operation-assistant-a243824a-2d79-46c2-b358-6abbe208e90c,019f49d6-ff83-727f-b6fa-1a424d82f76a,Amindoway Jaya,maganghub-019f49d6-ff83-727f-b6fa-1a424d82f76a,Store Operation Assistant,store-operation-assistant-a243824a-2d79-46c2-b358-6abbe208e90c,"Overview | Mendukung kelancaran aktivitas operasional harian store, administrasi event dan aktivitas ABO, serta penyusunan laporan mingguan store. | Tanggung Jawab | •	Membantu monitoring aktivitas harian store. | •	Membantu rekap data jumlah pengunjung, invoice, conversion, dan KPI store. | •	Membantu administrasi event dan aktivitas ABO (Amway Business Owner) di store. | •	Melakukan pengecekan kelengkapan materi promosi dan display. | •	Membantu penyusunan laporan mingguan store. | Kualifikasi | •	Fresh graduate. | •	Jurusan Manajemen, Bisnis, Marketing, Komunikasi, atau sejenisnya. | •	Memiliki kemampuan komunikasi yang baik. | •	Detail, proaktif, dan mampu bekerja dalam tim. | •	Menguasai Microsoft Office dasar. | •	Bersedia bekerja di area store.",Kota Adm. Jakarta Selatan,,1,Aktif,2026-07-14,2026-07-28,"Program studi: Manajemen, Bisnis Manajemen Retail, Ilmu Komunikasi, Administrasi Bisnis, Manajemen Pemasaran | Tingkat pendidikan: Diploma, Sarjana, Profesi",rizal.arnex@amway.com,2026-08-11T05:38:58Z
maganghub,a2437dc6-3a74-4efc-ab29-26659b0903fb,https://maganghub.kemnaker.go.id/magang-nasional/lowongan/store-operation-assistant-a2437dc6-3a74-4efc-ab29-26659b0903fb,019f49d6-ff83-727f-b6fa-1a424d82f76a,Amindoway Jaya,maganghub-019f49d6-ff83-727f-b6fa-1a424d82f76a,Store Operation Assistant,store-operation-assistant-a2437dc6-3a74-4efc-ab29-26659b0903fb,"Overview | Mendukung kelancaran aktivitas operasional harian store, administrasi event dan aktivitas ABO, serta penyusunan laporan mingguan store. | Tanggung Jawab | •	Membantu monitoring aktivitas harian store. | •	Membantu rekap data jumlah pengunjung, invoice, conversion, dan KPI store. | •	Membantu administrasi event dan aktivitas ABO (Amway Business Owner) di store. | •	Melakukan pengecekan kelengkapan materi promosi dan display. | •	Membantu penyusunan laporan mingguan store. | Kualifikasi | •	Fresh graduate. | •	Jurusan Manajemen, Bisnis, Marketing, Komunikasi, atau sejenisnya. | •	Memiliki kemampuan komunikasi yang baik. | •	Detail, proaktif, dan mampu bekerja dalam tim. | •	Menguasai Microsoft Office dasar. | •	Bersedia bekerja di area store.",Kota Adm. Jakarta Selatan,,1,Aktif,2026-07-14,2026-07-28,"Program studi: Manajemen, Bisnis Manajemen Retail, Ilmu Komunikasi, Administrasi Bisnis, Manajemen Pemasaran | Tingkat pendidikan: Diploma, Sarjana, Profesi",rizal.arnex@amway.com,2026-08-11T05:39:00Z
maganghub,a2431ee9-b7f8-457f-902d-a038765cd611,https://maganghub.kemnaker.go.id/magang-nasional/lowongan/store-operation-assistant-a2431ee9-b7f8-457f-902d-a038765cd611,019f49d6-ff83-727f-b6fa-1a424d82f76a,Amindoway Jaya,maganghub-019f49d6-ff83-727f-b6fa-1a424d82f76a,Store Operation Assistant,store-operation-assistant-a2431ee9-b7f8-457f-902d-a038765cd611,"Overview | Mendukung kelancaran aktivitas operasional harian store, administrasi event dan aktivitas ABO, serta penyusunan laporan mingguan store. | Tanggung Jawab | •	Membantu monitoring aktivitas harian store. | •	Membantu rekap data jumlah pengunjung, invoice, conversion, dan KPI store. | •	Membantu administrasi event dan aktivitas ABO (Amway Business Owner) di store. | •	Melakukan pengecekan kelengkapan materi promosi dan display. | •	Membantu penyusunan laporan mingguan store. | Kualifikasi | •	Fresh graduate. | •	Jurusan Manajemen, Bisnis, Marketing, Komunikasi, atau sejenisnya. | •	Memiliki kemampuan komunikasi yang baik. | •	Detail, proaktif, dan mampu bekerja dalam tim. | •	Menguasai Microsoft Office dasar. | •	Bersedia bekerja di area store.",Kota Adm. Jakarta Selatan,,1,Aktif,2026-07-14,2026-07-28,"Program studi: Manajemen Retail, Manajemen, Ilmu Komunikasi, Administrasi Bisnis, Manajemen Pemasaran/Marketing | Tingkat pendidikan: Sarjana, Diploma, Profesi",rizal.arnex@amway.com,2026-08-11T05:39:01Z
maganghub,a243f61a-7d22-49ff-9859-b8f7fa23d738,"https://maganghub.kemnaker.go.id/magang-nasional/lowongan/software-engineer,-programmer.-a243f61a-7d22-49ff-9859-b8f7fa23d738",bda3efcd-5894-47cf-a378-433a47de723e,Panasonic Gobel Life Solutions Manufacturing Indonesia,maganghub-bda3efcd-5894-47cf-a378-433a47de723e,"Software Engineer, Programmer.",software-engineer-programmer-a243f61a-7d22-49ff-9859-b8f7fa23d738,'-  Warehouse Management System pada suatu Perusahaan Manufaktur Elektronik | -  Memberlakukan Digitalisasi pada Warehouse suatu Perusahaan Manufaktur Elektronik,Kab. Bogor,,1,Aktif,2026-07-14,2026-07-28,"Program studi: Teknik Informatika, Logistik, Manajemen Logistik dan Material, Manajemen Logistik Industri Elektronika, Teknik Elektro Industri | Tingkat pendidikan: Diploma, Sarjana",oksen.liem@id.panasonic.com,2026-08-11T05:39:05Z
maganghub,a243d384-2524-45d0-8068-3c0ff298664a,https://maganghub.kemnaker.go.id/magang-nasional/lowongan/software-engineer-a243d384-2524-45d0-8068-3c0ff298664a,bda3efcd-5894-47cf-a378-433a47de723e,Panasonic Gobel Life Solutions Manufacturing Indonesia,maganghub-bda3efcd-5894-47cf-a378-433a47de723e,Software Engineer,software-engineer-a243d384-2524-45d0-8068-3c0ff298664a,"Full stack coding (backend-frontend), web-based application development, test and debug, integrate the app to database, improve usability, maintain security",Kab. Bogor,,1,Aktif,2026-07-14,2026-07-28,"Program studi: Teknik Informatika, Ilmu Komputer | Tingkat pendidikan: Diploma, Sarjana",oksen.liem@id.panasonic.com,2026-08-11T05:39:07Z
maganghub,a243ed1c-e625-4c8b-92f7-7d5069eda7e4,https://maganghub.kemnaker.go.id/magang-nasional/lowongan/qe-quality-engineering-a243ed1c-e625-4c8b-92f7-7d5069eda7e4,bda3efcd-5894-47cf-a378-433a47de723e,Panasonic Gobel Life Solutions Manufacturing Indonesia,maganghub-bda3efcd-5894-47cf-a378-433a47de723e,QE (Quality Engineering),qe-quality-engineering-a243ed1c-e625-4c8b-92f7-7d5069eda7e4,'-  Membuat Improvement yang diperuntukkan quality suatu barang atau produk | -   Membuat Digitalisasi yang diperuntukkan quality suatu barang atau produk,Kab. Bogor,,1,Aktif,2026-07-14,2026-07-28,"Program studi: Teknik Informatika | Tingkat pendidikan: Diploma, Sarjana",oksen.liem@id.panasonic.com,2026-08-11T05:39:09Z
maganghub,a243f023-43f8-43d7-ae00-1396e1cd28c1,https://maganghub.kemnaker.go.id/magang-nasional/lowongan/qe-quality-engineering-a243f023-43f8-43d7-ae00-1396e1cd28c1,bda3efcd-5894-47cf-a378-433a47de723e,Panasonic Gobel Life Solutions Manufacturing Indonesia,maganghub-bda3efcd-5894-47cf-a378-433a47de723e,QE (Quality Engineering),qe-quality-engineering-a243f023-43f8-43d7-ae00-1396e1cd28c1,'-  Membuat Improvement terkait Quality (kualitas) yang diperuntukkan suatu Barang atau Produk | -  Melakukan Digitalisasi terkait Quality (kualitas) yang diperuntukkan suatu Barang atau Produk,Kab. Bogor,,1,Aktif,2026-07-14,2026-07-28,"Program studi: Elektronika, Rekayasa Elektro, Teknik Elektro, Teknik Elektro Industri, Elektronika dan Instrumentasi | Tingkat pendidikan: Diploma, Sarjana",oksen.liem@id.panasonic.com,2026-08-11T05:39:11Z
maganghub,a243d91d-f1f7-4ad6-80c5-cc4ec995c850,https://maganghub.kemnaker.go.id/magang-nasional/lowongan/legal-&-hr-admin-intern-a243d91d-f1f7-4ad6-80c5-cc4ec995c850,bda3efcd-5894-47cf-a378-433a47de723e,Panasonic Gobel Life Solutions Manufacturing Indonesia,maganghub-bda3efcd-5894-47cf-a378-433a47de723e,Legal & HR Admin Intern,legal-hr-admin-intern-a243d91d-f1f7-4ad6-80c5-cc4ec995c850,'- Membantu pencatatan kontrak | - Monitoring masa berlaku | - Update contract register dan support legal. | - Update & Reporting Kontrak Karyawan Waktu Tertentu.,Kab. Bogor,,1,Aktif,2026-07-14,2026-07-28,"Program studi: Manajemen Sumber Daya Manusia, Psikologi, Administrasi Perkantoran, Hukum | Tingkat pendidikan: Diploma, Sarjana",oksen.liem@id.panasonic.com,2026-08-11T05:39:13Z
maganghub,a2438367-a1fc-4384-8c1d-c75f9a086e5d,https://maganghub.kemnaker.go.id/magang-nasional/lowongan/safety-&-environment-intern-a2438367-a1fc-4384-8c1d-c75f9a086e5d,bda3efcd-5894-47cf-a378-433a47de723e,Panasonic Gobel Life Solutions Manufacturing Indonesia,maganghub-bda3efcd-5894-47cf-a378-433a47de723e,Safety & Environment Intern,safety-environment-intern-a2438367-a1fc-4384-8c1d-c75f9a086e5d,"'- Mendukung implementasi & keberlangsungan program-program K3 | - Memantau dan meningkatkan upaya kesehatan kerja | - Membantu pelaksanaan monitoring K3 | - Membantu penyusunan laporan K3, insiden, dan temuan audit | - Mendukung pelaksanaan kampanye K3L | Serta : | - Memiliki pemahaman yang baik terkait Microsoft Office (Word, PowerPoint, dan Excel) | - Mampu mendesain poster, flyer, dsb.",Kab. Bogor,,1,Aktif,2026-07-14,2026-07-28,"Program studi: Ilmu Kesehatan Masyarakat, Kesehatan Masyarakat, Ilmu Gizi | Tingkat pendidikan: Sarjana",oksen.liem@id.panasonic.com,2026-08-11T05:39:15Z
maganghub,a2431f44-9486-40a4-bf18-b538c7930224,https://maganghub.kemnaker.go.id/magang-nasional/lowongan/magang-umum-disabilitas-fisik-a2431f44-9486-40a4-bf18-b538c7930224,671fc9c8-e25a-4722-8b40-e1778b12e015,Sarana Pembangunan Jawa Tengah,maganghub-671fc9c8-e25a-4722-8b40-e1778b12e015,Magang Umum (Disabilitas Fisik),magang-umum-disabilitas-fisik-a2431f44-9486-40a4-bf18-b538c7930224,Membantu Tugas Bagian Umum dan SDM | Check Stock Opname | Menyusun SOP Umum/ SDM | Tugas lain oleh Perusahaan | Tugas lainnya oleh Perusahaan | Penungasan lain oleh Perusahaan,Kota Semarang,,1,Aktif,2026-07-14,2026-07-28,Program studi: Psikologi | Tingkat pendidikan: Sarjana,spjt@spjt.co.id,2026-08-11T05:39:17Z
maganghub,a2396eb2-2875-4643-a5ab-bce53d1d4ebc,https://maganghub.kemnaker.go.id/magang-nasional/lowongan/magang-tenaga-lapangan-proyek-konstruksi-a2396eb2-2875-4643-a5ab-bce53d1d4ebc,671fc9c8-e25a-4722-8b40-e1778b12e015,Sarana Pembangunan Jawa Tengah,maganghub-671fc9c8-e25a-4722-8b40-e1778b12e015,Magang Tenaga Lapangan Proyek Konstruksi,magang-tenaga-lapangan-proyek-konstruksi-a2396eb2-2875-4643-a5ab-bce53d1d4ebc,"Uraian Tugas Magang Tenaga Lapangan Proyek Konstruksi | Membantu pelaksanaan pekerjaan konstruksi di lapangan sesuai dengan gambar kerja, spesifikasi teknis, dan arahan pembimbing lapangan. | Membantu melakukan pengawasan terhadap progres pekerjaan harian di area proyek. | Membantu memastikan penggunaan material, peralatan, dan metode kerja sesuai dengan standar yang ditetapkan. | Membantu melakukan pengukuran, pengecekan dimensi, dan pencatatan hasil pekerjaan di lapangan. | Mendokumentasikan perkembangan pekerjaan melalui foto dan laporan harian. | Membantu menyusun laporan progres pekerjaan, penggunaan material, serta aktivitas tenaga kerja. | Membantu mengidentifikasi kendala di lapangan dan melaporkannya kepada Site Engineer atau Supervisor Proyek. | Membantu memastikan penerapan prosedur Keselamatan dan Kesehatan Kerja (K3) di area proyek. | Membantu melakukan pemeriksaan kualitas pekerjaan (quality control) sesuai dengan standar mutu yang berlaku. | Berkoordinasi dengan tim proyek, mandor, dan pihak terkait untuk mendukung kelancaran pelaksanaan pekerjaan. | Membantu pengelolaan administrasi lapangan, seperti pencatatan material masuk, alat kerja, dan absensi tenaga kerja apabila diperlukan. | Melaksanakan tugas lain yang diberikan oleh pembimbing magang atau atasan sesuai dengan kebutuhan proyek.",Kota Semarang,,1,Aktif,2026-07-14,2026-07-28,Program studi: Teknik Sipil | Tingkat pendidikan: Sarjana,spjt@spjt.co.id,2026-08-11T05:39:19Z
maganghub,a2437476-40d4-49d5-88f9-33bc36a085d9,https://maganghub.kemnaker.go.id/magang-nasional/lowongan/staff-elektronika-design-a2437476-40d4-49d5-88f9-33bc36a085d9,019f44b4-1230-7356-bc01-8e65959733e4,Panasonic Gobel Life Solutions Manufacturing Indonesia,maganghub-019f44b4-1230-7356-bc01-8e65959733e4,Staff Elektronika design,staff-elektronika-design-a2437476-40d4-49d5-88f9-33bc36a085d9,"Design rangkaian eletronika dan Programming lampu, melakukan evaluasi lampu dimana dapat mengetahui prinsip kerja lampu tersebut, membuat design PCB dan LED Module",Kab. Pasuruan,,1,Aktif,2026-07-14,2026-07-28,"Program studi: Elektronika, Teknik Elektro | Tingkat pendidikan: Sarjana, Diploma",pli.info@id.panasonic.com,2026-08-11T05:39:21Z
maganghub,a2437088-ec15-462d-8588-38a82a08e796,https://maganghub.kemnaker.go.id/magang-nasional/lowongan/staff-development-a2437088-ec15-462d-8588-38a82a08e796,019f44b4-1230-7356-bc01-8e65959733e4,Panasonic Gobel Life Solutions Manufacturing Indonesia,maganghub-019f44b4-1230-7356-bc01-8e65959733e4,Staff Development,staff-development-a2437088-ec15-462d-8588-38a82a08e796,"Melakukan pengujian karakteristik komponen analog, melakukan kalibrasi dan operasional alat ukur laboratorium (Osiloskop & Multimeter), serta mendokumentasikan data pengukuran sirkuit dasar DC/AC untuk validasi desain awal. Melakukan troubleshooting dan perbaikan kesalahan (fault-finding) pada prototipe sirkuit elektronika, melakukan uji kelayakan fungsional untuk skala produksi, serta menyusun laporan teknis hasil pengujian keandalan perangkat hardware.",Kab. Pasuruan,,1,Aktif,2026-07-14,2026-07-28,"Program studi: Elektronika, Elektronika Industri, Elektronika dan Instrumentasi | Tingkat pendidikan: Sarjana, Diploma",pli.info@id.panasonic.com,2026-08-11T05:39:23Z
