source;source_id;source_url;perusahaan_source_id;perusahaan_nama;perusahaan_id;judul;slug;deskripsi;lokasi;durasi;kuota;status;tgl_buka;tgl_tutup;syarat;kontak_email;scraped_at;source,source_id,source_url,perusahaan_source_id,perusahaan_nama,perusahaan_id,judul,slug,deskripsi,lokasi,durasi,kuota,status,tgl_buka,tgl_tutup,syarat,kontak_email,scraped_at;;
maganghub;a24403e7-10f4-4de3-bfd9-c9dc80e1d7f1;https://maganghub.kemnaker.go.id/magang-nasional/lowongan/human-resource-officer-a24403e7-10f4-4de3-bfd9-c9dc80e1d7f1;0687374a-5e3d-435b-ad45-96635b6333dc;Direktorat Pengendalian Operasi Armada;maganghub-0687374a-5e3d-435b-ad45-96635b6333dc;Human Resource Officer;human-resource-officer-a24403e7-10f4-4de3-bfd9-c9dc80e1d7f1;Membantu melakukan pengumpulan data dan analisis manajemen SDM Aparatur, menyusun profil kompetensi dan potensi psikologis, membantu dalam proses administrasi manajemen SDM Aparatur dan penyusunan laporan kegiatan manajemen SDM Aparatur;Kota Adm. Jakarta Pusat;;1;Aktif;14/07/2026;28/07/2026;Program studi: Manajemen Sumber Daya Manusia, Psikologi, Ilmu Administrasi Publik | Tingkat pendidikan: Sarjana;;2026-08-11T05:52:12Z;"maganghub,a24403e7-10f4-4de3-bfd9-c9dc80e1d7f1,https://maganghub.kemnaker.go.id/magang-nasional/lowongan/human-resource-officer-a24403e7-10f4-4de3-bfd9-c9dc80e1d7f1,0687374a-5e3d-435b-ad45-96635b6333dc,Direktorat Pengendalian Operasi Armada,maganghub-0687374a-5e3d-435b-ad45-96635b6333dc,Human Resource Officer,human-resource-officer-a24403e7-10f4-4de3-bfd9-c9dc80e1d7f1,""Membantu melakukan pengumpulan data dan analisis manajemen SDM Aparatur, menyusun profil kompetensi dan potensi psikologis, membantu dalam proses administrasi manajemen SDM Aparatur dan penyusunan laporan kegiatan manajemen SDM Aparatur"",Kota Adm. Jakarta Pusat,,1,Aktif,2026-07-14,2026-07-28,""Program studi: Manajemen Sumber Daya Manusia, Psikologi, Ilmu Administrasi Publik | Tingkat pendidikan: Sarjana"",,2026-08-11T05:52:12Z";;
maganghub;a243fd53-05ce-41c3-8e54-cab365fa2469;https://maganghub.kemnaker.go.id/magang-nasional/lowongan/petugas-kearsipan-a243fd53-05ce-41c3-8e54-cab365fa2469;0687374a-5e3d-435b-ad45-96635b6333dc;Direktorat Pengendalian Operasi Armada;maganghub-0687374a-5e3d-435b-ad45-96635b6333dc;Petugas Kearsipan;petugas-kearsipan-a243fd53-05ce-41c3-8e54-cab365fa2469;Membantu pengelolaan arsip dinamis dan statis, melakukan pencatatan dan penyimpanan dokumen sesuai sistem kearsipan, serta memastikan ketertiban administrasi dokumen;Kota Adm. Jakarta Pusat;;1;Aktif;14/07/2026;28/07/2026;Program studi: Kearsipan, Kearsipan Digital, Informasi, Perpustakaan & Kearsipan | Tingkat pendidikan: Diploma, Sarjana;;2026-08-11T05:52:14Z;"maganghub,a243fd53-05ce-41c3-8e54-cab365fa2469,https://maganghub.kemnaker.go.id/magang-nasional/lowongan/petugas-kearsipan-a243fd53-05ce-41c3-8e54-cab365fa2469,0687374a-5e3d-435b-ad45-96635b6333dc,Direktorat Pengendalian Operasi Armada,maganghub-0687374a-5e3d-435b-ad45-96635b6333dc,Petugas Kearsipan,petugas-kearsipan-a243fd53-05ce-41c3-8e54-cab365fa2469,""Membantu pengelolaan arsip dinamis dan statis, melakukan pencatatan dan penyimpanan dokumen sesuai sistem kearsipan, serta memastikan ketertiban administrasi dokumen"",Kota Adm. Jakarta Pusat,,1,Aktif,2026-07-14,2026-07-28,""Program studi: Kearsipan, Kearsipan Digital, Informasi, Perpustakaan & Kearsipan | Tingkat pendidikan: Diploma, Sarjana"",,2026-08-11T05:52:14Z";;
maganghub;a23fcc94-bb7a-46e9-8697-2ab20b902a80;https://maganghub.kemnaker.go.id/magang-nasional/lowongan/pengelola-bmn-a23fcc94-bb7a-46e9-8697-2ab20b902a80;50028fe7-6c71-4039-a1d8-be4112d7dfe6;LEMBAGA PEMASYARAKATAN KELAS IIB BANJAR;maganghub-50028fe7-6c71-4039-a1d8-be4112d7dfe6;PENGELOLA BMN;pengelola-bmn-a23fcc94-bb7a-46e9-8697-2ab20b902a80;1. Mengelola aset dan inventaris milik negara di unit kerja.2. Mencatat penerimaan, pemakaian, dan penghapusan barang.3. Melakukan inventarisasi berkala.4. Menyusun laporan aset sesuai ketentuan.;Kota Banjar;;1;Aktif;14/07/2026;28/07/2026;Program studi: Manajemen Aset Publik | Tingkat pendidikan: Sarjana;;2026-08-11T05:52:16Z;"maganghub,a23fcc94-bb7a-46e9-8697-2ab20b902a80,https://maganghub.kemnaker.go.id/magang-nasional/lowongan/pengelola-bmn-a23fcc94-bb7a-46e9-8697-2ab20b902a80,50028fe7-6c71-4039-a1d8-be4112d7dfe6,LEMBAGA PEMASYARAKATAN KELAS IIB BANJAR,maganghub-50028fe7-6c71-4039-a1d8-be4112d7dfe6,PENGELOLA BMN,pengelola-bmn-a23fcc94-bb7a-46e9-8697-2ab20b902a80,""1. Mengelola aset dan inventaris milik negara di unit kerja.2. Mencatat penerimaan, pemakaian, dan penghapusan barang.3. Melakukan inventarisasi berkala.4. Menyusun laporan aset sesuai ketentuan."",Kota Banjar,,1,Aktif,2026-07-14,2026-07-28,Program studi: Manajemen Aset Publik | Tingkat pendidikan: Sarjana,,2026-08-11T05:52:16Z";;
maganghub;a23fc6d1-b62e-486a-8c33-b519b69a81a1;https://maganghub.kemnaker.go.id/magang-nasional/lowongan/psikologi-a23fc6d1-b62e-486a-8c33-b519b69a81a1;50028fe7-6c71-4039-a1d8-be4112d7dfe6;LEMBAGA PEMASYARAKATAN KELAS IIB BANJAR;maganghub-50028fe7-6c71-4039-a1d8-be4112d7dfe6;PSIKOLOGI;psikologi-a23fc6d1-b62e-486a-8c33-b519b69a81a1;1. Melaksanakan asesmen psikologis | 2. Memberikan konseling dan rekomendasi psikologis sesuai kebutuhan satuan kerja. | 3. Menyusun laporan hasil asesmen dan rekomendasi psikologis secara profesional. | 4. Membantu dalam kegiatan pengembangan SDM dan peningkatan kesejahteraan mental pegawai. | 5. Melakukan observasi dan evaluasi terhadap kondisi psikologis lingkungan kerja.;Kota Banjar;;1;Aktif;14/07/2026;28/07/2026;Program studi: Psikologi | Tingkat pendidikan: Sarjana;;2026-08-11T05:52:18Z;maganghub,a23fc6d1-b62e-486a-8c33-b519b69a81a1,https://maganghub.kemnaker.go.id/magang-nasional/lowongan/psikologi-a23fc6d1-b62e-486a-8c33-b519b69a81a1,50028fe7-6c71-4039-a1d8-be4112d7dfe6,LEMBAGA PEMASYARAKATAN KELAS IIB BANJAR,maganghub-50028fe7-6c71-4039-a1d8-be4112d7dfe6,PSIKOLOGI,psikologi-a23fc6d1-b62e-486a-8c33-b519b69a81a1,1. Melaksanakan asesmen psikologis | 2. Memberikan konseling dan rekomendasi psikologis sesuai kebutuhan satuan kerja. | 3. Menyusun laporan hasil asesmen dan rekomendasi psikologis secara profesional. | 4. Membantu dalam kegiatan pengembangan SDM dan peningkatan kesejahteraan mental pegawai. | 5. Melakukan observasi dan evaluasi terhadap kondisi psikologis lingkungan kerja.,Kota Banjar,,1,Aktif,2026-07-14,2026-07-28,Program studi: Psikologi | Tingkat pendidikan: Sarjana,,2026-08-11T05:52:18Z;;
maganghub;a23fcd1e-5f05-4f45-b03c-93738a5dcfad;https://maganghub.kemnaker.go.id/magang-nasional/lowongan/pengelola-kehumasan-a23fcd1e-5f05-4f45-b03c-93738a5dcfad;50028fe7-6c71-4039-a1d8-be4112d7dfe6;LEMBAGA PEMASYARAKATAN KELAS IIB BANJAR;maganghub-50028fe7-6c71-4039-a1d8-be4112d7dfe6;PENGELOLA KEHUMASAN;pengelola-kehumasan-a23fcd1e-5f05-4f45-b03c-93738a5dcfad;1. Menyusun materi layanan informasi untuk media elektronik | 2. Menyusun berita pelayanan informasi dan kehumasan melalui media: cetak, elektornik dan daring (online) | 3. Menyusun naskah pelayanan informasi dan kehumasan dalam bentuk: ceramah, piodato, dan bahan tayang | 4. Menyelenggarakan penerbitan materi pelayanan informasi untuk media cetak, elektronik, dan daring (online) | 5. Melaksanakan tugas peliputan kegiatan kelembagaan dalan bentuk foto dan video;Kota Banjar;;1;Aktif;14/07/2026;28/07/2026;Program studi: Komunikasi | Tingkat pendidikan: Sarjana;;2026-08-11T05:52:20Z;"maganghub,a23fcd1e-5f05-4f45-b03c-93738a5dcfad,https://maganghub.kemnaker.go.id/magang-nasional/lowongan/pengelola-kehumasan-a23fcd1e-5f05-4f45-b03c-93738a5dcfad,50028fe7-6c71-4039-a1d8-be4112d7dfe6,LEMBAGA PEMASYARAKATAN KELAS IIB BANJAR,maganghub-50028fe7-6c71-4039-a1d8-be4112d7dfe6,PENGELOLA KEHUMASAN,pengelola-kehumasan-a23fcd1e-5f05-4f45-b03c-93738a5dcfad,""1. Menyusun materi layanan informasi untuk media elektronik | 2. Menyusun berita pelayanan informasi dan kehumasan melalui media: cetak, elektornik dan daring (online) | 3. Menyusun naskah pelayanan informasi dan kehumasan dalam bentuk: ceramah, piodato, dan bahan tayang | 4. Menyelenggarakan penerbitan materi pelayanan informasi untuk media cetak, elektronik, dan daring (online) | 5. Melaksanakan tugas peliputan kegiatan kelembagaan dalan bentuk foto dan video"",Kota Banjar,,1,Aktif,2026-07-14,2026-07-28,Program studi: Komunikasi | Tingkat pendidikan: Sarjana,,2026-08-11T05:52:20Z";;
maganghub;a23fc74e-83f4-45ab-8ad4-3b6fe0fca452;https://maganghub.kemnaker.go.id/magang-nasional/lowongan/psikiater-a23fc74e-83f4-45ab-8ad4-3b6fe0fca452;50028fe7-6c71-4039-a1d8-be4112d7dfe6;LEMBAGA PEMASYARAKATAN KELAS IIB BANJAR;maganghub-50028fe7-6c71-4039-a1d8-be4112d7dfe6;PSIKIATER;psikiater-a23fc74e-83f4-45ab-8ad4-3b6fe0fca452;1. Menangani gangguan kesehatan jiwa warga binaan atau pegawai.2. Melakukan asesmen psikologis dan terapi.3. Menyusun laporan perkembangan pasien.4. Memberikan rekomendasi tindak lanjut pemulihan.;Kota Banjar;;1;Aktif;14/07/2026;28/07/2026;Program studi: Kedokteran | Tingkat pendidikan: Sarjana;;2026-08-11T05:52:22Z;maganghub,a23fc74e-83f4-45ab-8ad4-3b6fe0fca452,https://maganghub.kemnaker.go.id/magang-nasional/lowongan/psikiater-a23fc74e-83f4-45ab-8ad4-3b6fe0fca452,50028fe7-6c71-4039-a1d8-be4112d7dfe6,LEMBAGA PEMASYARAKATAN KELAS IIB BANJAR,maganghub-50028fe7-6c71-4039-a1d8-be4112d7dfe6,PSIKIATER,psikiater-a23fc74e-83f4-45ab-8ad4-3b6fe0fca452,1. Menangani gangguan kesehatan jiwa warga binaan atau pegawai.2. Melakukan asesmen psikologis dan terapi.3. Menyusun laporan perkembangan pasien.4. Memberikan rekomendasi tindak lanjut pemulihan.,Kota Banjar,,1,Aktif,2026-07-14,2026-07-28,Program studi: Kedokteran | Tingkat pendidikan: Sarjana,,2026-08-11T05:52:22Z;;
maganghub;a241583a-0fc2-404e-8688-f5efa7f188cc;https://maganghub.kemnaker.go.id/magang-nasional/lowongan/pengelola-sdm-a241583a-0fc2-404e-8688-f5efa7f188cc;50028fe7-6c71-4039-a1d8-be4112d7dfe6;LEMBAGA PEMASYARAKATAN KELAS IIB BANJAR;maganghub-50028fe7-6c71-4039-a1d8-be4112d7dfe6;PENGELOLA SDM;pengelola-sdm-a241583a-0fc2-404e-8688-f5efa7f188cc;1. Mengumpulkan data dan informasi yang relevan untuk bahan perumusan kebijakan. | 2. Membantu penyusunan naskah akademik, konsep kebijakan, atau pedoman pelaksanaan. | 3. Melakukan analisis sederhana terhadap data pendukung kebijakan. | 4. Menyusun bahan paparan, notulensi, dan laporan hasil rapat kebijakan. | 5. Mengarsipkan dokumen kebijakan dan referensi pendukung.;Kota Banjar;;1;Aktif;14/07/2026;28/07/2026;Program studi: Ilmu Ekonomi, Ilmu Administrasi Publik, Ilmu Hukum, Ilmu Pemerintahan | Tingkat pendidikan: Sarjana;;2026-08-11T05:52:24Z;"maganghub,a241583a-0fc2-404e-8688-f5efa7f188cc,https://maganghub.kemnaker.go.id/magang-nasional/lowongan/pengelola-sdm-a241583a-0fc2-404e-8688-f5efa7f188cc,50028fe7-6c71-4039-a1d8-be4112d7dfe6,LEMBAGA PEMASYARAKATAN KELAS IIB BANJAR,maganghub-50028fe7-6c71-4039-a1d8-be4112d7dfe6,PENGELOLA SDM,pengelola-sdm-a241583a-0fc2-404e-8688-f5efa7f188cc,""1. Mengumpulkan data dan informasi yang relevan untuk bahan perumusan kebijakan. | 2. Membantu penyusunan naskah akademik, konsep kebijakan, atau pedoman pelaksanaan. | 3. Melakukan analisis sederhana terhadap data pendukung kebijakan. | 4. Menyusun bahan paparan, notulensi, dan laporan hasil rapat kebijakan. | 5. Mengarsipkan dokumen kebijakan dan referensi pendukung."",Kota Banjar,,1,Aktif,2026-07-14,2026-07-28,""Program studi: Ilmu Ekonomi, Ilmu Administrasi Publik, Ilmu Hukum, Ilmu Pemerintahan | Tingkat pendidikan: Sarjana"",,2026-08-11T05:52:24Z";;
maganghub;a23fcc05-e9bc-4bb0-9d4a-2f870d8b06f8;https://maganghub.kemnaker.go.id/magang-nasional/lowongan/perawat-kesehatan-a23fcc05-e9bc-4bb0-9d4a-2f870d8b06f8;50028fe7-6c71-4039-a1d8-be4112d7dfe6;LEMBAGA PEMASYARAKATAN KELAS IIB BANJAR;maganghub-50028fe7-6c71-4039-a1d8-be4112d7dfe6;PERAWAT KESEHATAN;perawat-kesehatan-a23fcc05-e9bc-4bb0-9d4a-2f870d8b06f8;1. Memberikan perawatan kesehatan umum dan tindakan medis ringan.2. Menyusun catatan perkembangan pasien.3. Menjaga ketersediaan alat medis sederhana.4. Menyampaikan laporan kepada dokter atau pimpinan medis.;Kota Banjar;;1;Aktif;14/07/2026;28/07/2026;Program studi: Ilmu Gizi | Tingkat pendidikan: Sarjana;;2026-08-11T05:52:26Z;maganghub,a23fcc05-e9bc-4bb0-9d4a-2f870d8b06f8,https://maganghub.kemnaker.go.id/magang-nasional/lowongan/perawat-kesehatan-a23fcc05-e9bc-4bb0-9d4a-2f870d8b06f8,50028fe7-6c71-4039-a1d8-be4112d7dfe6,LEMBAGA PEMASYARAKATAN KELAS IIB BANJAR,maganghub-50028fe7-6c71-4039-a1d8-be4112d7dfe6,PERAWAT KESEHATAN,perawat-kesehatan-a23fcc05-e9bc-4bb0-9d4a-2f870d8b06f8,1. Memberikan perawatan kesehatan umum dan tindakan medis ringan.2. Menyusun catatan perkembangan pasien.3. Menjaga ketersediaan alat medis sederhana.4. Menyampaikan laporan kepada dokter atau pimpinan medis.,Kota Banjar,,1,Aktif,2026-07-14,2026-07-28,Program studi: Ilmu Gizi | Tingkat pendidikan: Sarjana,,2026-08-11T05:52:26Z;;
maganghub;a23fc652-2b53-400a-b1af-a88d4a8589c3;https://maganghub.kemnaker.go.id/magang-nasional/lowongan/perawat-a23fc652-2b53-400a-b1af-a88d4a8589c3;50028fe7-6c71-4039-a1d8-be4112d7dfe6;LEMBAGA PEMASYARAKATAN KELAS IIB BANJAR;maganghub-50028fe7-6c71-4039-a1d8-be4112d7dfe6;PERAWAT;perawat-a23fc652-2b53-400a-b1af-a88d4a8589c3;1. Memberikan perawatan medis dasar bagi pegawai dan warga binaan. | 2. Membantu dokter dalam tindakan medis. | 3. Melakukan pencatatan dan pelaporan kondisi pasien. | 4. Menjaga kebersihan serta kesiapan ruang perawatan.;Kota Banjar;;1;Aktif;14/07/2026;28/07/2026;Program studi: Keperawatan | Tingkat pendidikan: Sarjana;;2026-08-11T05:52:28Z;maganghub,a23fc652-2b53-400a-b1af-a88d4a8589c3,https://maganghub.kemnaker.go.id/magang-nasional/lowongan/perawat-a23fc652-2b53-400a-b1af-a88d4a8589c3,50028fe7-6c71-4039-a1d8-be4112d7dfe6,LEMBAGA PEMASYARAKATAN KELAS IIB BANJAR,maganghub-50028fe7-6c71-4039-a1d8-be4112d7dfe6,PERAWAT,perawat-a23fc652-2b53-400a-b1af-a88d4a8589c3,1. Memberikan perawatan medis dasar bagi pegawai dan warga binaan. | 2. Membantu dokter dalam tindakan medis. | 3. Melakukan pencatatan dan pelaporan kondisi pasien. | 4. Menjaga kebersihan serta kesiapan ruang perawatan.,Kota Banjar,,1,Aktif,2026-07-14,2026-07-28,Program studi: Keperawatan | Tingkat pendidikan: Sarjana,,2026-08-11T05:52:28Z;;
maganghub;a23fcec3-4cf0-4f8e-b772-1aa9ba316aef;https://maganghub.kemnaker.go.id/magang-nasional/lowongan/pengelola-sdm-a23fcec3-4cf0-4f8e-b772-1aa9ba316aef;50028fe7-6c71-4039-a1d8-be4112d7dfe6;LEMBAGA PEMASYARAKATAN KELAS IIB BANJAR;maganghub-50028fe7-6c71-4039-a1d8-be4112d7dfe6;PENGELOLA SDM;pengelola-sdm-a23fcec3-4cf0-4f8e-b772-1aa9ba316aef;1. Mengumpulkan data dan informasi yang relevan untuk bahan perumusan kebijakan. | 2. Membantu penyusunan naskah akademik, konsep kebijakan, atau pedoman pelaksanaan. | 3. Melakukan analisis sederhana terhadap data pendukung kebijakan. | 4. Menyusun bahan paparan, notulensi, dan laporan hasil rapat kebijakan. | 5. Mengarsipkan dokumen kebijakan dan referensi pendukung.;Kota Banjar;;1;Aktif;14/07/2026;28/07/2026;Program studi: Manajemen | Tingkat pendidikan: Sarjana;;2026-08-11T05:52:30Z;"maganghub,a23fcec3-4cf0-4f8e-b772-1aa9ba316aef,https://maganghub.kemnaker.go.id/magang-nasional/lowongan/pengelola-sdm-a23fcec3-4cf0-4f8e-b772-1aa9ba316aef,50028fe7-6c71-4039-a1d8-be4112d7dfe6,LEMBAGA PEMASYARAKATAN KELAS IIB BANJAR,maganghub-50028fe7-6c71-4039-a1d8-be4112d7dfe6,PENGELOLA SDM,pengelola-sdm-a23fcec3-4cf0-4f8e-b772-1aa9ba316aef,""1. Mengumpulkan data dan informasi yang relevan untuk bahan perumusan kebijakan. | 2. Membantu penyusunan naskah akademik, konsep kebijakan, atau pedoman pelaksanaan. | 3. Melakukan analisis sederhana terhadap data pendukung kebijakan. | 4. Menyusun bahan paparan, notulensi, dan laporan hasil rapat kebijakan. | 5. Mengarsipkan dokumen kebijakan dan referensi pendukung."",Kota Banjar,,1,Aktif,2026-07-14,2026-07-28,Program studi: Manajemen | Tingkat pendidikan: Sarjana,,2026-08-11T05:52:30Z";;
maganghub;a2435486-bf20-4559-98aa-dd3737749316;https://maganghub.kemnaker.go.id/magang-nasional/lowongan/asisten-pengelola-keuangan-a2435486-bf20-4559-98aa-dd3737749316;fb796217-a8e9-49f0-a68f-363446956775;BPS Kabupaten Batang;maganghub-fb796217-a8e9-49f0-a68f-363446956775;Asisten Pengelola Keuangan;asisten-pengelola-keuangan-a2435486-bf20-4559-98aa-dd3737749316;Membantu proses pengelolaan administrasi keuangan, termasuk pencatatan transaksi, verifikasi dokumen pendukung, penyusunan laporan keuangan, serta memastikan kepatuhan pada aturan pengelolaan anggaran. Diutamakan juga memiliki kemampuan publisitas hasil statistik dalam infografis, videografis, menguasai canva, capcut/video editor lainnya. Mampu bekerja dalam tim dengan ritme kerja yang cepat dan dinamis;Kab. Batang;;1;Aktif;14/07/2026;28/07/2026;Program studi: Manajemen Keuangan, Administrasi BIsnis, Akuntansi Keuangan, Administrasi, Akuntansi | Tingkat pendidikan: Diploma, Sarjana;;2026-08-11T05:52:32Z;"maganghub,a2435486-bf20-4559-98aa-dd3737749316,https://maganghub.kemnaker.go.id/magang-nasional/lowongan/asisten-pengelola-keuangan-a2435486-bf20-4559-98aa-dd3737749316,fb796217-a8e9-49f0-a68f-363446956775,BPS Kabupaten Batang,maganghub-fb796217-a8e9-49f0-a68f-363446956775,Asisten Pengelola Keuangan,asisten-pengelola-keuangan-a2435486-bf20-4559-98aa-dd3737749316,""Membantu proses pengelolaan administrasi keuangan, termasuk pencatatan transaksi, verifikasi dokumen pendukung, penyusunan laporan keuangan, serta memastikan kepatuhan pada aturan pengelolaan anggaran. Diutamakan juga memiliki kemampuan publisitas hasil statistik dalam infografis, videografis, menguasai canva, capcut/video editor lainnya. Mampu bekerja dalam tim dengan ritme kerja yang cepat dan dinamis"",Kab. Batang,,1,Aktif,2026-07-14,2026-07-28,""Program studi: Manajemen Keuangan, Administrasi BIsnis, Akuntansi Keuangan, Administrasi, Akuntansi | Tingkat pendidikan: Diploma, Sarjana"",,2026-08-11T05:52:32Z";;
maganghub;a23fad66-e293-438a-b113-e06e5fb6dc68;https://maganghub.kemnaker.go.id/magang-nasional/lowongan/asisten-pengelola-keuangan-a23fad66-e293-438a-b113-e06e5fb6dc68;83348991-f889-41c5-85ee-e90b98691c6f;BPS Kabupaten Batang Hari;maganghub-83348991-f889-41c5-85ee-e90b98691c6f;Asisten Pengelola Keuangan;asisten-pengelola-keuangan-a23fad66-e293-438a-b113-e06e5fb6dc68;Membantu proses pengelolaan administrasi keuangan, termasuk pencatatan transaksi, verifikasi dokumen pendukung, penyusunan laporan keuangan, serta memastikan kepatuhan pada aturan pengelolaan anggaran.;Kab. Batanghari;;1;Aktif;14/07/2026;28/07/2026;Program studi: Manajemen Keuangan, Perpajakan, Akuntansi Sektor Publik, Administrasi Bisnis, Akuntansi | Tingkat pendidikan: Diploma, Sarjana;;2026-08-11T05:52:34Z;"maganghub,a23fad66-e293-438a-b113-e06e5fb6dc68,https://maganghub.kemnaker.go.id/magang-nasional/lowongan/asisten-pengelola-keuangan-a23fad66-e293-438a-b113-e06e5fb6dc68,83348991-f889-41c5-85ee-e90b98691c6f,BPS Kabupaten Batang Hari,maganghub-83348991-f889-41c5-85ee-e90b98691c6f,Asisten Pengelola Keuangan,asisten-pengelola-keuangan-a23fad66-e293-438a-b113-e06e5fb6dc68,""Membantu proses pengelolaan administrasi keuangan, termasuk pencatatan transaksi, verifikasi dokumen pendukung, penyusunan laporan keuangan, serta memastikan kepatuhan pada aturan pengelolaan anggaran."",Kab. Batanghari,,1,Aktif,2026-07-14,2026-07-28,""Program studi: Manajemen Keuangan, Perpajakan, Akuntansi Sektor Publik, Administrasi Bisnis, Akuntansi | Tingkat pendidikan: Diploma, Sarjana"",,2026-08-11T05:52:34Z";;
maganghub;a23fb0b0-a2a4-49e5-9bab-6660ce010e74;https://maganghub.kemnaker.go.id/magang-nasional/lowongan/asisten-arsiparis-a23fb0b0-a2a4-49e5-9bab-6660ce010e74;83348991-f889-41c5-85ee-e90b98691c6f;BPS Kabupaten Batang Hari;maganghub-83348991-f889-41c5-85ee-e90b98691c6f;Asisten Arsiparis;asisten-arsiparis-a23fb0b0-a2a4-49e5-9bab-6660ce010e74;"Mendukung penyusunan, pengelolaan, penyimpanan, dan pemeliharaan arsip; memastikan arsip mudah diakses; serta membantu kegiatan pemindahan, digitalisasi, dan pemusnahan arsip sesuai ketentuan.";Kab. Batanghari;;1;Aktif;14/07/2026;28/07/2026;Program studi: Kearsipan, Administrasi Publik, Administrasi Perkantoran, Administrasi Negara | Tingkat pendidikan: Diploma, Sarjana;;2026-08-11T05:52:36Z;"maganghub,a23fb0b0-a2a4-49e5-9bab-6660ce010e74,https://maganghub.kemnaker.go.id/magang-nasional/lowongan/asisten-arsiparis-a23fb0b0-a2a4-49e5-9bab-6660ce010e74,83348991-f889-41c5-85ee-e90b98691c6f,BPS Kabupaten Batang Hari,maganghub-83348991-f889-41c5-85ee-e90b98691c6f,Asisten Arsiparis,asisten-arsiparis-a23fb0b0-a2a4-49e5-9bab-6660ce010e74,""Mendukung penyusunan, pengelolaan, penyimpanan, dan pemeliharaan arsip"; memastikan arsip mudah diakses;" serta membantu kegiatan pemindahan, digitalisasi, dan pemusnahan arsip sesuai ketentuan."",Kab. Batanghari,,1,Aktif,2026-07-14,2026-07-28,""Program studi: Kearsipan, Administrasi Publik, Administrasi Perkantoran, Administrasi Negara | Tingkat pendidikan: Diploma, Sarjana"",,2026-08-11T05:52:36Z"
maganghub;a2420de8-b501-4977-9141-2655b7095069;https://maganghub.kemnaker.go.id/magang-nasional/lowongan/perawat-kesehatan-a2420de8-b501-4977-9141-2655b7095069;ae260cc2-db30-41ca-9ff0-c9c2655279f2;LEMBAGA PEMASYARAKATAN KELAS IIB BANGKO;maganghub-ae260cc2-db30-41ca-9ff0-c9c2655279f2;PERAWAT KESEHATAN;perawat-kesehatan-a2420de8-b501-4977-9141-2655b7095069;1. Memberikan perawatan kesehatan umum dan tindakan medis ringan. | 2. Menyusun catatan perkembangan pasien. | 3. Menjaga ketersediaan alat medis sederhana. | 4. Menyampaikan laporan kepada dokter atau pimpinan medis.;Kab. Merangin;;1;Aktif;14/07/2026;28/07/2026;Program studi: Ilmu Gizi | Tingkat pendidikan: Sarjana;;2026-08-11T05:52:38Z;maganghub,a2420de8-b501-4977-9141-2655b7095069,https://maganghub.kemnaker.go.id/magang-nasional/lowongan/perawat-kesehatan-a2420de8-b501-4977-9141-2655b7095069,ae260cc2-db30-41ca-9ff0-c9c2655279f2,LEMBAGA PEMASYARAKATAN KELAS IIB BANGKO,maganghub-ae260cc2-db30-41ca-9ff0-c9c2655279f2,PERAWAT KESEHATAN,perawat-kesehatan-a2420de8-b501-4977-9141-2655b7095069,1. Memberikan perawatan kesehatan umum dan tindakan medis ringan. | 2. Menyusun catatan perkembangan pasien. | 3. Menjaga ketersediaan alat medis sederhana. | 4. Menyampaikan laporan kepada dokter atau pimpinan medis.,Kab. Merangin,,1,Aktif,2026-07-14,2026-07-28,Program studi: Ilmu Gizi | Tingkat pendidikan: Sarjana,,2026-08-11T05:52:38Z;;
maganghub;a243791e-f46f-4961-89eb-3811c1834c57;https://maganghub.kemnaker.go.id/magang-nasional/lowongan/pengelola-bmn-a243791e-f46f-4961-89eb-3811c1834c57;dea6a951-ca14-449d-be9c-33dd41f13ad5;LEMBAGA PEMASYARAKATAN KELAS IIB SELAT PANJANG;maganghub-dea6a951-ca14-449d-be9c-33dd41f13ad5;PENGELOLA BMN;pengelola-bmn-a243791e-f46f-4961-89eb-3811c1834c57;1. Mengelola aset dan inventaris milik negara di unit kerja. | 2. Mencatat penerimaan, pemakaian, dan penghapusan barang. | 3. Melakukan inventarisasi berkala. | 4. Menyusun laporan aset sesuai ketentuan.;Kab. Kepulauan Meranti;;1;Aktif;14/07/2026;28/07/2026;Program studi: Manajemen Aset Publik | Tingkat pendidikan: Sarjana;;2026-08-11T05:52:39Z;"maganghub,a243791e-f46f-4961-89eb-3811c1834c57,https://maganghub.kemnaker.go.id/magang-nasional/lowongan/pengelola-bmn-a243791e-f46f-4961-89eb-3811c1834c57,dea6a951-ca14-449d-be9c-33dd41f13ad5,LEMBAGA PEMASYARAKATAN KELAS IIB SELAT PANJANG,maganghub-dea6a951-ca14-449d-be9c-33dd41f13ad5,PENGELOLA BMN,pengelola-bmn-a243791e-f46f-4961-89eb-3811c1834c57,""1. Mengelola aset dan inventaris milik negara di unit kerja. | 2. Mencatat penerimaan, pemakaian, dan penghapusan barang. | 3. Melakukan inventarisasi berkala. | 4. Menyusun laporan aset sesuai ketentuan."",Kab. Kepulauan Meranti,,1,Aktif,2026-07-14,2026-07-28,Program studi: Manajemen Aset Publik | Tingkat pendidikan: Sarjana,,2026-08-11T05:52:39Z";;
maganghub;a24376e3-9f2b-4a36-9ba3-a83550ac6c99;https://maganghub.kemnaker.go.id/magang-nasional/lowongan/pembinaan-kepribadian-a24376e3-9f2b-4a36-9ba3-a83550ac6c99;dea6a951-ca14-449d-be9c-33dd41f13ad5;LEMBAGA PEMASYARAKATAN KELAS IIB SELAT PANJANG;maganghub-dea6a951-ca14-449d-be9c-33dd41f13ad5;PEMBINAAN KEPRIBADIAN;pembinaan-kepribadian-a24376e3-9f2b-4a36-9ba3-a83550ac6c99;1.Menyusun dan melaksanakan program pembinaan kepribadian melalui kegiatan seni tari, seni musik, dan aktivitas kreatif lainnya bagi warga binaan. 2.Membimbing dan melatih warga binaan dalam pengembangan keterampilan seni sebagai sarana pembentukan kara;Kab. Kepulauan Meranti;;1;Aktif;14/07/2026;28/07/2026;Program studi: Seni Musik | Tingkat pendidikan: Sarjana;;2026-08-11T05:52:41Z;"maganghub,a24376e3-9f2b-4a36-9ba3-a83550ac6c99,https://maganghub.kemnaker.go.id/magang-nasional/lowongan/pembinaan-kepribadian-a24376e3-9f2b-4a36-9ba3-a83550ac6c99,dea6a951-ca14-449d-be9c-33dd41f13ad5,LEMBAGA PEMASYARAKATAN KELAS IIB SELAT PANJANG,maganghub-dea6a951-ca14-449d-be9c-33dd41f13ad5,PEMBINAAN KEPRIBADIAN,pembinaan-kepribadian-a24376e3-9f2b-4a36-9ba3-a83550ac6c99,""1.Menyusun dan melaksanakan program pembinaan kepribadian melalui kegiatan seni tari, seni musik, dan aktivitas kreatif lainnya bagi warga binaan. 2.Membimbing dan melatih warga binaan dalam pengembangan keterampilan seni sebagai sarana pembentukan kara"",Kab. Kepulauan Meranti,,1,Aktif,2026-07-14,2026-07-28,Program studi: Seni Musik | Tingkat pendidikan: Sarjana,,2026-08-11T05:52:41Z";;
maganghub;a2420d01-0022-4d38-9e7b-15ad89c97cab;https://maganghub.kemnaker.go.id/magang-nasional/lowongan/pengelola-kegiatan-kerja-a2420d01-0022-4d38-9e7b-15ad89c97cab;ae260cc2-db30-41ca-9ff0-c9c2655279f2;LEMBAGA PEMASYARAKATAN KELAS IIB BANGKO;maganghub-ae260cc2-db30-41ca-9ff0-c9c2655279f2;PENGELOLA KEGIATAN KERJA;pengelola-kegiatan-kerja-a2420d01-0022-4d38-9e7b-15ad89c97cab;"1.	Menyusun rencana dan mengelola kegiatan kerja warga binaan di bidang pertanian, peternakan, perikanan, atau perkebunan sesuai dengan potensi dan sarana yang tersedia. | 2.	Membimbing dan mengawasi pelaksanaan kegiatan kerja warga binaan agar sesuai dengan standar teknis, keselamatan kerja, dan tujuan pembinaan kemandirian. | 3.	Mengembangkan program pelatihan keterampilan dan kewirausahaan di bidang pertanian, peternakan, perikanan, atau perkebunan sebagai bekal reintegrasi sosial warga binaan. | 4.	Melakukan pemantauan dan evaluasi terhadap hasil pelaksanaan kegiatan kerja serta produktivitas program pembinaan kemandirian. | 5.	Mengelola sarana, prasarana, bahan, dan hasil produksi kegiatan kerja untuk mendukung keberlangsungan program pembinaan. | 6.	Berkoordinasi dengan unit kerja, instansi terkait, dan mitra kerja dalam pengembangan kegiatan kerja dan pemasaran hasil produksi sesuai ketentuan yang berlaku. | 7.	Menyusun dokumentasi, laporan pelaksanaan, dan evaluasi kegiatan kerja sebagai bahan pengambilan kebijakan dan peningkatan kualitas program pembinaan.";Kab. Merangin;;1;Aktif;14/07/2026;28/07/2026;Program studi: Budidaya Perkebunan | Tingkat pendidikan: Sarjana;;2026-08-11T05:52:43Z;"maganghub,a2420d01-0022-4d38-9e7b-15ad89c97cab,https://maganghub.kemnaker.go.id/magang-nasional/lowongan/pengelola-kegiatan-kerja-a2420d01-0022-4d38-9e7b-15ad89c97cab,ae260cc2-db30-41ca-9ff0-c9c2655279f2,LEMBAGA PEMASYARAKATAN KELAS IIB BANGKO,maganghub-ae260cc2-db30-41ca-9ff0-c9c2655279f2,PENGELOLA KEGIATAN KERJA,pengelola-kegiatan-kerja-a2420d01-0022-4d38-9e7b-15ad89c97cab,""1.	Menyusun rencana dan mengelola kegiatan kerja warga binaan di bidang pertanian, peternakan, perikanan, atau perkebunan sesuai dengan potensi dan sarana yang tersedia. | 2.	Membimbing dan mengawasi pelaksanaan kegiatan kerja warga binaan agar sesuai dengan standar teknis, keselamatan kerja, dan tujuan pembinaan kemandirian. | 3.	Mengembangkan program pelatihan keterampilan dan kewirausahaan di bidang pertanian, peternakan, perikanan, atau perkebunan sebagai bekal reintegrasi sosial warga binaan. | 4.	Melakukan pemantauan dan evaluasi terhadap hasil pelaksanaan kegiatan kerja serta produktivitas program pembinaan kemandirian. | 5.	Mengelola sarana, prasarana, bahan, dan hasil produksi kegiatan kerja untuk mendukung keberlangsungan program pembinaan. | 6.	Berkoordinasi dengan unit kerja, instansi terkait, dan mitra kerja dalam pengembangan kegiatan kerja dan pemasaran hasil produksi sesuai ketentuan yang berlaku. | 7.	Menyusun dokumentasi, laporan pelaksanaan, dan evaluasi kegiatan kerja sebagai bahan pengambilan kebijakan dan peningkatan kualitas program pembinaan."",Kab. Merangin,,1,Aktif,2026-07-14,2026-07-28,Program studi: Budidaya Perkebunan | Tingkat pendidikan: Sarjana,,2026-08-11T05:52:43Z";;
maganghub;a24379b8-93cb-4eb8-9dcb-8266d5cb56e2;https://maganghub.kemnaker.go.id/magang-nasional/lowongan/pengelola-kehumasan-a24379b8-93cb-4eb8-9dcb-8266d5cb56e2;dea6a951-ca14-449d-be9c-33dd41f13ad5;LEMBAGA PEMASYARAKATAN KELAS IIB SELAT PANJANG;maganghub-dea6a951-ca14-449d-be9c-33dd41f13ad5;PENGELOLA KEHUMASAN;pengelola-kehumasan-a24379b8-93cb-4eb8-9dcb-8266d5cb56e2;1. Menyusun materi layanan informasi untuk media elektronik | 2. Menyusun berita pelayanan informasi dan kehumasan melalui media: cetak, elektornik dan daring (online) | 3. Menyusun naskah pelayanan informasi dan kehumasan dalam bentuk: ceramah, piodato, dan bahan tayang | 4. Menyelenggarakan penerbitan materi pelayanan informasi untuk media cetak, elektronik, dan daring (online) | 5. Melaksanakan tugas peliputan kegiatan kelembagaan dalan bentuk foto dan video;Kab. Kepulauan Meranti;;1;Aktif;14/07/2026;28/07/2026;Program studi: Ilmu Komunikasi | Tingkat pendidikan: Sarjana;;2026-08-11T05:52:45Z;"maganghub,a24379b8-93cb-4eb8-9dcb-8266d5cb56e2,https://maganghub.kemnaker.go.id/magang-nasional/lowongan/pengelola-kehumasan-a24379b8-93cb-4eb8-9dcb-8266d5cb56e2,dea6a951-ca14-449d-be9c-33dd41f13ad5,LEMBAGA PEMASYARAKATAN KELAS IIB SELAT PANJANG,maganghub-dea6a951-ca14-449d-be9c-33dd41f13ad5,PENGELOLA KEHUMASAN,pengelola-kehumasan-a24379b8-93cb-4eb8-9dcb-8266d5cb56e2,""1. Menyusun materi layanan informasi untuk media elektronik | 2. Menyusun berita pelayanan informasi dan kehumasan melalui media: cetak, elektornik dan daring (online) | 3. Menyusun naskah pelayanan informasi dan kehumasan dalam bentuk: ceramah, piodato, dan bahan tayang | 4. Menyelenggarakan penerbitan materi pelayanan informasi untuk media cetak, elektronik, dan daring (online) | 5. Melaksanakan tugas peliputan kegiatan kelembagaan dalan bentuk foto dan video"",Kab. Kepulauan Meranti,,1,Aktif,2026-07-14,2026-07-28,Program studi: Ilmu Komunikasi | Tingkat pendidikan: Sarjana,,2026-08-11T05:52:45Z";;
maganghub;a22af879-ba75-42ee-a503-32beecd74e7b;https://maganghub.kemnaker.go.id/magang-nasional/lowongan/reporting-&-data-visualization-intern-a22af879-ba75-42ee-a503-32beecd74e7b;9b52b1bd-6980-4d77-ac60-f5f41eb00ec9;Indo Trans Teknologi;maganghub-9b52b1bd-6980-4d77-ac60-f5f41eb00ec9;Reporting & Data Visualization Intern;reporting-data-visualization-intern-a22af879-ba75-42ee-a503-32beecd74e7b;1. Collect data from various operational divisions. | 2. Perform data cleaning and validation before processing data into reports. | 3. Develop and maintain dashboards using Looker Studio. | 4. Design informative, interactive, and user-friendly dashboards to support management decision-making. | 5. Regularly update dashboards based on operational reporting requirements. | 6. Create KPI and performance visualizations for each operational team. | 7. Collaborate with stakeholders to understand reporting and dashboard requirements. | 8. Identify opportunities to automate reporting processes and improve reporting efficiency. | 9. Maintain documentation for dashboards and data sources to ensure long-term usability and ease of maintenance.;Kota Adm. Jakarta Selatan;;1;Aktif;14/07/2026;28/07/2026;Program studi: Teknik Informatika, Sains Data, Sistem Informasi, Statistika | Tingkat pendidikan: Sarjana;contact@transtrack.id;2026-08-11T05:52:49Z;"maganghub,a22af879-ba75-42ee-a503-32beecd74e7b,https://maganghub.kemnaker.go.id/magang-nasional/lowongan/reporting-&-data-visualization-intern-a22af879-ba75-42ee-a503-32beecd74e7b,9b52b1bd-6980-4d77-ac60-f5f41eb00ec9,Indo Trans Teknologi,maganghub-9b52b1bd-6980-4d77-ac60-f5f41eb00ec9,Reporting & Data Visualization Intern,reporting-data-visualization-intern-a22af879-ba75-42ee-a503-32beecd74e7b,""1. Collect data from various operational divisions. | 2. Perform data cleaning and validation before processing data into reports. | 3. Develop and maintain dashboards using Looker Studio. | 4. Design informative, interactive, and user-friendly dashboards to support management decision-making. | 5. Regularly update dashboards based on operational reporting requirements. | 6. Create KPI and performance visualizations for each operational team. | 7. Collaborate with stakeholders to understand reporting and dashboard requirements. | 8. Identify opportunities to automate reporting processes and improve reporting efficiency. | 9. Maintain documentation for dashboards and data sources to ensure long-term usability and ease of maintenance."",Kota Adm. Jakarta Selatan,,1,Aktif,2026-07-14,2026-07-28,""Program studi: Teknik Informatika, Sains Data, Sistem Informasi, Statistika | Tingkat pendidikan: Sarjana"",contact@transtrack.id,2026-08-11T05:52:49Z";;
maganghub;a228dce6-3cc8-49ae-9888-712f8f9530d8;https://maganghub.kemnaker.go.id/magang-nasional/lowongan/maritime-solution-jakarta-a228dce6-3cc8-49ae-9888-712f8f9530d8;9b52b1bd-6980-4d77-ac60-f5f41eb00ec9;Indo Trans Teknologi;maganghub-9b52b1bd-6980-4d77-ac60-f5f41eb00ec9;Maritime Solution (Jakarta);maritime-solution-jakarta-a228dce6-3cc8-49ae-9888-712f8f9530d8;Melakukan Pengetesan Perangkat RnD | Melakukan Perakitan panel | Melakukan Instalsi perangkat RnD | Melakukan Pembuatan draft Dokumentasi | Melakukan Perbantuan untuk  melakukan QC;Kota Adm. Jakarta Selatan;;1;Aktif;14/07/2026;28/07/2026;Program studi: Teknik Elektro | Tingkat pendidikan: Sarjana;contact@transtrack.id;2026-08-11T05:52:51Z;maganghub,a228dce6-3cc8-49ae-9888-712f8f9530d8,https://maganghub.kemnaker.go.id/magang-nasional/lowongan/maritime-solution-jakarta-a228dce6-3cc8-49ae-9888-712f8f9530d8,9b52b1bd-6980-4d77-ac60-f5f41eb00ec9,Indo Trans Teknologi,maganghub-9b52b1bd-6980-4d77-ac60-f5f41eb00ec9,Maritime Solution (Jakarta),maritime-solution-jakarta-a228dce6-3cc8-49ae-9888-712f8f9530d8,Melakukan Pengetesan Perangkat RnD | Melakukan Perakitan panel | Melakukan Instalsi perangkat RnD | Melakukan Pembuatan draft Dokumentasi | Melakukan Perbantuan untuk  melakukan QC,Kota Adm. Jakarta Selatan,,1,Aktif,2026-07-14,2026-07-28,Program studi: Teknik Elektro | Tingkat pendidikan: Sarjana,contact@transtrack.id,2026-08-11T05:52:51Z;;
maganghub;a2353598-8fca-4265-9e42-9bece257f824;https://maganghub.kemnaker.go.id/magang-nasional/lowongan/fullstack-engineer-iot-platform-a2353598-8fca-4265-9e42-9bece257f824;9b52b1bd-6980-4d77-ac60-f5f41eb00ec9;Indo Trans Teknologi;maganghub-9b52b1bd-6980-4d77-ac60-f5f41eb00ec9;Fullstack Engineer IoT Platform;fullstack-engineer-iot-platform-a2353598-8fca-4265-9e42-9bece257f824;"Kualifikasi | - Punya dasar programming, terutama di salah beberapa bahasa: JavaScript/TypeScript, Go, Python, atau Rust. | - Paham dasar backend, database, dan Linux. | - Tertarik dengan IoT platform, data pipeline, dan system integration. | - Mau belajar, teliti, dan bisa bekerja dalam tim. | - Nilai plus jika familiar dengan PostgreSQL, Docker, Redis, MQTT, atau monitoring tools (Grafana, Zabbix). | Job Description | - Membantu implementasi fitur backend sederhana untuk IoT platform. | - Membantu integrasi dan testing data dari device ke sistem. | - Membantu troubleshooting issue data, API, atau service. | - Membantu dokumentasi teknis dan pencatatan hasil pekerjaan. | - Membantu monitoring basic service dan log jika dibutuhkan. | - Mempelajari alur data dari device, gateway, sampai ke platform.""";Kota Adm. Jakarta Selatan;;1;Aktif;14/07/2026;28/07/2026;Program studi: Informatika, Sistem Informasi, Teknik Elektro, Teknik Komputer | Tingkat pendidikan: Diploma, Sarjana;contact@transtrack.id;2026-08-11T05:52:53Z;"maganghub,a2353598-8fca-4265-9e42-9bece257f824,https://maganghub.kemnaker.go.id/magang-nasional/lowongan/fullstack-engineer-iot-platform-a2353598-8fca-4265-9e42-9bece257f824,9b52b1bd-6980-4d77-ac60-f5f41eb00ec9,Indo Trans Teknologi,maganghub-9b52b1bd-6980-4d77-ac60-f5f41eb00ec9,Fullstack Engineer IoT Platform,fullstack-engineer-iot-platform-a2353598-8fca-4265-9e42-9bece257f824,""Kualifikasi | - Punya dasar programming, terutama di salah beberapa bahasa: JavaScript/TypeScript, Go, Python, atau Rust. | - Paham dasar backend, database, dan Linux. | - Tertarik dengan IoT platform, data pipeline, dan system integration. | - Mau belajar, teliti, dan bisa bekerja dalam tim. | - Nilai plus jika familiar dengan PostgreSQL, Docker, Redis, MQTT, atau monitoring tools (Grafana, Zabbix). | Job Description | - Membantu implementasi fitur backend sederhana untuk IoT platform. | - Membantu integrasi dan testing data dari device ke sistem. | - Membantu troubleshooting issue data, API, atau service. | - Membantu dokumentasi teknis dan pencatatan hasil pekerjaan. | - Membantu monitoring basic service dan log jika dibutuhkan. | - Mempelajari alur data dari device, gateway, sampai ke platform."""""",Kota Adm. Jakarta Selatan,,1,Aktif,2026-07-14,2026-07-28,""Program studi: Informatika, Sistem Informasi, Teknik Elektro, Teknik Komputer | Tingkat pendidikan: Diploma, Sarjana"",contact@transtrack.id,2026-08-11T05:52:53Z";;
maganghub;a233323b-0484-4f46-8574-4328b6486ff8;https://maganghub.kemnaker.go.id/magang-nasional/lowongan/social-media-specialist-intern-a233323b-0484-4f46-8574-4328b6486ff8;9b52b1bd-6980-4d77-ac60-f5f41eb00ec9;Indo Trans Teknologi;maganghub-9b52b1bd-6980-4d77-ac60-f5f41eb00ec9;Social Media Specialist Intern;social-media-specialist-intern-a233323b-0484-4f46-8574-4328b6486ff8;1. Membantu proses pembuatan konten dan materi digital untuk kebutuhan TransTRACK maupun Academy. | 2. Mendukung kegiatan produksi konten dengan berperan sebagai talent sesuai kebutuhan. | 3. Membantu proses pengambilan foto dan video (content shooting) untuk berbagai kegiatan dan acara offline.;Kota Adm. Jakarta Selatan;;1;Aktif;14/07/2026;28/07/2026;Program studi: Ilmu Komunikasi, Desain Komunikasi Visual | Tingkat pendidikan: Sarjana;contact@transtrack.id;2026-08-11T05:52:55Z;"maganghub,a233323b-0484-4f46-8574-4328b6486ff8,https://maganghub.kemnaker.go.id/magang-nasional/lowongan/social-media-specialist-intern-a233323b-0484-4f46-8574-4328b6486ff8,9b52b1bd-6980-4d77-ac60-f5f41eb00ec9,Indo Trans Teknologi,maganghub-9b52b1bd-6980-4d77-ac60-f5f41eb00ec9,Social Media Specialist Intern,social-media-specialist-intern-a233323b-0484-4f46-8574-4328b6486ff8,1. Membantu proses pembuatan konten dan materi digital untuk kebutuhan TransTRACK maupun Academy. | 2. Mendukung kegiatan produksi konten dengan berperan sebagai talent sesuai kebutuhan. | 3. Membantu proses pengambilan foto dan video (content shooting) untuk berbagai kegiatan dan acara offline.,Kota Adm. Jakarta Selatan,,1,Aktif,2026-07-14,2026-07-28,""Program studi: Ilmu Komunikasi, Desain Komunikasi Visual | Tingkat pendidikan: Sarjana"",contact@transtrack.id,2026-08-11T05:52:55Z";;
maganghub;a2417a2c-6809-4f56-b229-c0bd3f91b97a;https://maganghub.kemnaker.go.id/magang-nasional/lowongan/strategic-performance-management-&-analytics-intern-a2417a2c-6809-4f56-b229-c0bd3f91b97a;3d73a917-9728-48bd-a1d1-f440924db7e6;Perusahaan Perseroan (Persero) PT Aviasi Pariwisata Indonesia Disingkat PT Aviasi Pariwisata Indonesia (Persero);maganghub-3d73a917-9728-48bd-a1d1-f440924db7e6;Strategic Performance Management & Analytics Intern;strategic-performance-management-analytics-intern-a2417a2c-6809-4f56-b229-c0bd3f91b97a;a. Memahami konsep Strategic Performance Management dan keterkaitannya dengan strategi perusahaan. | b. Mendukung proses penyusunan, monitoring, dan evaluasi Key Performance Indicators (KPI) perusahaan. | c. Membantu pengumpulan, pengolahan, dan analisis data kinerja organisasi sebagai dasar pengambilan keputusan. | d. Mendukung penyusunan dashboard, laporan manajemen, dan rekomendasi peningkatan kinerja berbasis data. | e. Mengembangkan kemampuan analitis, berpikir strategis, komunikasi bisnis, serta pemanfaatan data analytics dalam mendukung transformasi organisasi.;Kota Adm. Jakarta Pusat;;1;Aktif;14/07/2026;28/07/2026;Program studi: Akuntansi Manajemen, Akuntansi Perpajakan, Pajak, Akuntansi Keuangan Perusahaan, Akuntansi | Tingkat pendidikan: Sarjana;legal@injourney.id;2026-08-11T05:52:57Z;"maganghub,a2417a2c-6809-4f56-b229-c0bd3f91b97a,https://maganghub.kemnaker.go.id/magang-nasional/lowongan/strategic-performance-management-&-analytics-intern-a2417a2c-6809-4f56-b229-c0bd3f91b97a,3d73a917-9728-48bd-a1d1-f440924db7e6,Perusahaan Perseroan (Persero) PT Aviasi Pariwisata Indonesia Disingkat PT Aviasi Pariwisata Indonesia (Persero),maganghub-3d73a917-9728-48bd-a1d1-f440924db7e6,Strategic Performance Management & Analytics Intern,strategic-performance-management-analytics-intern-a2417a2c-6809-4f56-b229-c0bd3f91b97a,""a. Memahami konsep Strategic Performance Management dan keterkaitannya dengan strategi perusahaan. | b. Mendukung proses penyusunan, monitoring, dan evaluasi Key Performance Indicators (KPI) perusahaan. | c. Membantu pengumpulan, pengolahan, dan analisis data kinerja organisasi sebagai dasar pengambilan keputusan. | d. Mendukung penyusunan dashboard, laporan manajemen, dan rekomendasi peningkatan kinerja berbasis data. | e. Mengembangkan kemampuan analitis, berpikir strategis, komunikasi bisnis, serta pemanfaatan data analytics dalam mendukung transformasi organisasi."",Kota Adm. Jakarta Pusat,,1,Aktif,2026-07-14,2026-07-28,""Program studi: Akuntansi Manajemen, Akuntansi Perpajakan, Pajak, Akuntansi Keuangan Perusahaan, Akuntansi | Tingkat pendidikan: Sarjana"",legal@injourney.id,2026-08-11T05:52:57Z";;
maganghub;a2417711-e2c5-4b54-9e48-0de7f89ac5b3;https://maganghub.kemnaker.go.id/magang-nasional/lowongan/human-capital-strategy-intern-a2417711-e2c5-4b54-9e48-0de7f89ac5b3;3d73a917-9728-48bd-a1d1-f440924db7e6;Perusahaan Perseroan (Persero) PT Aviasi Pariwisata Indonesia Disingkat PT Aviasi Pariwisata Indonesia (Persero);maganghub-3d73a917-9728-48bd-a1d1-f440924db7e6;Human Capital Strategy Intern;human-capital-strategy-intern-a2417711-e2c5-4b54-9e48-0de7f89ac5b3;a. Memahami konsep Human Capital Strategy yang selaras dengan strategi bisnis perusahaan. | b. Mendukung penyusunan, implementasi, dan monitoring inisiatif strategis Human Capital. | c. Membantu pengolahan data SDM, penyusunan dashboard, dan analisis Human Capital sebagai dasar pengambilan keputusan. | d. Mendukung penyusunan kebijakan, program transformasi SDM, dan perencanaan kebutuhan tenaga kerja. | e. Mengembangkan kemampuan berpikir strategis, analisis data, komunikasi bisnis, dan kolaborasi lintas fungsi.;Kota Adm. Jakarta Pusat;;1;Aktif;14/07/2026;28/07/2026;Program studi: Manajemen Sumber Daya Manusia, Teknik Industri, Psikologi | Tingkat pendidikan: Sarjana;legal@injourney.id;2026-08-11T05:52:58Z;"maganghub,a2417711-e2c5-4b54-9e48-0de7f89ac5b3,https://maganghub.kemnaker.go.id/magang-nasional/lowongan/human-capital-strategy-intern-a2417711-e2c5-4b54-9e48-0de7f89ac5b3,3d73a917-9728-48bd-a1d1-f440924db7e6,Perusahaan Perseroan (Persero) PT Aviasi Pariwisata Indonesia Disingkat PT Aviasi Pariwisata Indonesia (Persero),maganghub-3d73a917-9728-48bd-a1d1-f440924db7e6,Human Capital Strategy Intern,human-capital-strategy-intern-a2417711-e2c5-4b54-9e48-0de7f89ac5b3,""a. Memahami konsep Human Capital Strategy yang selaras dengan strategi bisnis perusahaan. | b. Mendukung penyusunan, implementasi, dan monitoring inisiatif strategis Human Capital. | c. Membantu pengolahan data SDM, penyusunan dashboard, dan analisis Human Capital sebagai dasar pengambilan keputusan. | d. Mendukung penyusunan kebijakan, program transformasi SDM, dan perencanaan kebutuhan tenaga kerja. | e. Mengembangkan kemampuan berpikir strategis, analisis data, komunikasi bisnis, dan kolaborasi lintas fungsi."",Kota Adm. Jakarta Pusat,,1,Aktif,2026-07-14,2026-07-28,""Program studi: Manajemen Sumber Daya Manusia, Teknik Industri, Psikologi | Tingkat pendidikan: Sarjana"",legal@injourney.id,2026-08-11T05:52:58Z";;
maganghub;a2417f1c-8d24-4c2a-ae2a-ddc411b8d27b;https://maganghub.kemnaker.go.id/magang-nasional/lowongan/data-management-intern-a2417f1c-8d24-4c2a-ae2a-ddc411b8d27b;3d73a917-9728-48bd-a1d1-f440924db7e6;Perusahaan Perseroan (Persero) PT Aviasi Pariwisata Indonesia Disingkat PT Aviasi Pariwisata Indonesia (Persero);maganghub-3d73a917-9728-48bd-a1d1-f440924db7e6;Data Management Intern;data-management-intern-a2417f1c-8d24-4c2a-ae2a-ddc411b8d27b;a. Memahami prinsip dasar Data Management, Data Governance, dan pengelolaan data perusahaan. | b. Mendukung proses pengumpulan, validasi, pengolahan, dan pemeliharaan data agar akurat, konsisten, dan terdokumentasi dengan baik. | c. Membantu penyusunan dashboard, laporan, dan visualisasi data untuk mendukung kebutuhan bisnis. | d. Mendukung implementasi standar kualitas data, keamanan data, serta pengelolaan database sesuai kebijakan perusahaan. | e. Mengembangkan kemampuan analitis, ketelitian, problem solving, dan komunikasi dalam pengelolaan data organisasi.;Kota Adm. Jakarta Pusat;;1;Aktif;14/07/2026;28/07/2026;Program studi: Sains Data, Statistika dan Sains Data, Teknik informatika, Statistika, Statistika Bisnis | Tingkat pendidikan: Sarjana;legal@injourney.id;2026-08-11T05:53:00Z;"maganghub,a2417f1c-8d24-4c2a-ae2a-ddc411b8d27b,https://maganghub.kemnaker.go.id/magang-nasional/lowongan/data-management-intern-a2417f1c-8d24-4c2a-ae2a-ddc411b8d27b,3d73a917-9728-48bd-a1d1-f440924db7e6,Perusahaan Perseroan (Persero) PT Aviasi Pariwisata Indonesia Disingkat PT Aviasi Pariwisata Indonesia (Persero),maganghub-3d73a917-9728-48bd-a1d1-f440924db7e6,Data Management Intern,data-management-intern-a2417f1c-8d24-4c2a-ae2a-ddc411b8d27b,""a. Memahami prinsip dasar Data Management, Data Governance, dan pengelolaan data perusahaan. | b. Mendukung proses pengumpulan, validasi, pengolahan, dan pemeliharaan data agar akurat, konsisten, dan terdokumentasi dengan baik. | c. Membantu penyusunan dashboard, laporan, dan visualisasi data untuk mendukung kebutuhan bisnis. | d. Mendukung implementasi standar kualitas data, keamanan data, serta pengelolaan database sesuai kebijakan perusahaan. | e. Mengembangkan kemampuan analitis, ketelitian, problem solving, dan komunikasi dalam pengelolaan data organisasi."",Kota Adm. Jakarta Pusat,,1,Aktif,2026-07-14,2026-07-28,""Program studi: Sains Data, Statistika dan Sains Data, Teknik informatika, Statistika, Statistika Bisnis | Tingkat pendidikan: Sarjana"",legal@injourney.id,2026-08-11T05:53:00Z";;
maganghub;a2417c2c-b969-4465-902b-24018692d8ed;https://maganghub.kemnaker.go.id/magang-nasional/lowongan/enterprise-risk-management-intern-a2417c2c-b969-4465-902b-24018692d8ed;3d73a917-9728-48bd-a1d1-f440924db7e6;Perusahaan Perseroan (Persero) PT Aviasi Pariwisata Indonesia Disingkat PT Aviasi Pariwisata Indonesia (Persero);maganghub-3d73a917-9728-48bd-a1d1-f440924db7e6;Enterprise Risk Management Intern;enterprise-risk-management-intern-a2417c2c-b969-4465-902b-24018692d8ed;a. Memahami konsep Enterprise Risk Management (ERM) dan penerapannya dalam mendukung pencapaian tujuan strategis perusahaan. | b. Mendukung proses identifikasi, analisis, evaluasi, dan mitigasi risiko pada berbagai proses bisnis perusahaan. | c. Membantu penyusunan Risk Register, Heat Map, serta laporan monitoring risiko perusahaan. | d. Mendukung implementasi kerangka manajemen risiko melalui pengumpulan data, analisis risiko, dan pelaporan kepada manajemen. | e. Mengembangkan kemampuan analitis, berpikir kritis, problem solving, serta komunikasi profesional dalam pengelolaan risiko perusahaan.;Kota Adm. Jakarta Pusat;;1;Aktif;14/07/2026;28/07/2026;Program studi: Keuangan, Teknik lndustri, Manajemen, Hukum | Tingkat pendidikan: Sarjana;legal@injourney.id;2026-08-11T05:53:02Z;"maganghub,a2417c2c-b969-4465-902b-24018692d8ed,https://maganghub.kemnaker.go.id/magang-nasional/lowongan/enterprise-risk-management-intern-a2417c2c-b969-4465-902b-24018692d8ed,3d73a917-9728-48bd-a1d1-f440924db7e6,Perusahaan Perseroan (Persero) PT Aviasi Pariwisata Indonesia Disingkat PT Aviasi Pariwisata Indonesia (Persero),maganghub-3d73a917-9728-48bd-a1d1-f440924db7e6,Enterprise Risk Management Intern,enterprise-risk-management-intern-a2417c2c-b969-4465-902b-24018692d8ed,""a. Memahami konsep Enterprise Risk Management (ERM) dan penerapannya dalam mendukung pencapaian tujuan strategis perusahaan. | b. Mendukung proses identifikasi, analisis, evaluasi, dan mitigasi risiko pada berbagai proses bisnis perusahaan. | c. Membantu penyusunan Risk Register, Heat Map, serta laporan monitoring risiko perusahaan. | d. Mendukung implementasi kerangka manajemen risiko melalui pengumpulan data, analisis risiko, dan pelaporan kepada manajemen. | e. Mengembangkan kemampuan analitis, berpikir kritis, problem solving, serta komunikasi profesional dalam pengelolaan risiko perusahaan."",Kota Adm. Jakarta Pusat,,1,Aktif,2026-07-14,2026-07-28,""Program studi: Keuangan, Teknik lndustri, Manajemen, Hukum | Tingkat pendidikan: Sarjana"",legal@injourney.id,2026-08-11T05:53:02Z";;
maganghub;a2417db2-1aed-4bf7-b565-84c5137c9295;https://maganghub.kemnaker.go.id/magang-nasional/lowongan/corporate-governance-&-compliance-intern-a2417db2-1aed-4bf7-b565-84c5137c9295;3d73a917-9728-48bd-a1d1-f440924db7e6;Perusahaan Perseroan (Persero) PT Aviasi Pariwisata Indonesia Disingkat PT Aviasi Pariwisata Indonesia (Persero);maganghub-3d73a917-9728-48bd-a1d1-f440924db7e6;Corporate Governance & Compliance Intern;corporate-governance-compliance-intern-a2417db2-1aed-4bf7-b565-84c5137c9295;a. Memahami prinsip-prinsip Good Corporate Governance (GCG) dan penerapannya dalam perusahaan. | b. Mendukung implementasi program kepatuhan (compliance) terhadap regulasi, kebijakan internal, dan standar tata kelola perusahaan. | c. Membantu penyusunan, monitoring, dan evaluasi dokumen tata kelola, kepatuhan, serta kebijakan perusahaan. | d. Mendukung pelaksanaan asesmen kepatuhan, monitoring tindak lanjut, dan pelaporan Corporate Governance. | e. Mengembangkan kemampuan analitis, ketelitian, integritas, komunikasi profesional, serta pemahaman terhadap tata kelola perusahaan yang baik.;Kota Adm. Jakarta Pusat;;1;Aktif;14/07/2026;28/07/2026;Program studi: Manajemen, Manajemen Administrasi, Administrasi Bisnis, Ilmu Hukum | Tingkat pendidikan: Sarjana;legal@injourney.id;2026-08-11T05:53:04Z;"maganghub,a2417db2-1aed-4bf7-b565-84c5137c9295,https://maganghub.kemnaker.go.id/magang-nasional/lowongan/corporate-governance-&-compliance-intern-a2417db2-1aed-4bf7-b565-84c5137c9295,3d73a917-9728-48bd-a1d1-f440924db7e6,Perusahaan Perseroan (Persero) PT Aviasi Pariwisata Indonesia Disingkat PT Aviasi Pariwisata Indonesia (Persero),maganghub-3d73a917-9728-48bd-a1d1-f440924db7e6,Corporate Governance & Compliance Intern,corporate-governance-compliance-intern-a2417db2-1aed-4bf7-b565-84c5137c9295,""a. Memahami prinsip-prinsip Good Corporate Governance (GCG) dan penerapannya dalam perusahaan. | b. Mendukung implementasi program kepatuhan (compliance) terhadap regulasi, kebijakan internal, dan standar tata kelola perusahaan. | c. Membantu penyusunan, monitoring, dan evaluasi dokumen tata kelola, kepatuhan, serta kebijakan perusahaan. | d. Mendukung pelaksanaan asesmen kepatuhan, monitoring tindak lanjut, dan pelaporan Corporate Governance. | e. Mengembangkan kemampuan analitis, ketelitian, integritas, komunikasi profesional, serta pemahaman terhadap tata kelola perusahaan yang baik."",Kota Adm. Jakarta Pusat,,1,Aktif,2026-07-14,2026-07-28,""Program studi: Manajemen, Manajemen Administrasi, Administrasi Bisnis, Ilmu Hukum | Tingkat pendidikan: Sarjana"",legal@injourney.id,2026-08-11T05:53:04Z";;
maganghub;a24177fb-07e0-4bd7-b6ea-eed14bd63c2b;https://maganghub.kemnaker.go.id/magang-nasional/lowongan/corporate-finance-&-strategic-portfolio-management-intern-a24177fb-07e0-4bd7-b6ea-eed14bd63c2b;3d73a917-9728-48bd-a1d1-f440924db7e6;Perusahaan Perseroan (Persero) PT Aviasi Pariwisata Indonesia Disingkat PT Aviasi Pariwisata Indonesia (Persero);maganghub-3d73a917-9728-48bd-a1d1-f440924db7e6;Corporate Finance & Strategic Portfolio Management Intern;corporate-finance-strategic-portfolio-management-intern-a24177fb-07e0-4bd7-b6ea-eed14bd63c2b;a. Memahami prinsip dasar Corporate Finance, Strategic Portfolio Management, dan keterkaitannya dengan strategi bisnis perusahaan. | b. Mendukung proses analisis keuangan, evaluasi investasi, dan pengelolaan portofolio bisnis perusahaan. | c. Membantu penyusunan laporan keuangan manajerial, business case, serta analisis kelayakan investasi. | d. Mendukung monitoring kinerja keuangan dan portofolio perusahaan melalui analisis data dan dashboard kinerja. | e. Mengembangkan kemampuan analitis, berpikir strategis, problem solving, serta komunikasi bisnis dalam mendukung pengambilan keputusan manajemen.;Kota Adm. Jakarta Pusat;;1;Aktif;14/07/2026;28/07/2026;Program studi: Manajemen Keuangan, Akuntansi Keuangan, Manajemen Bisnis, Akuntansi | Tingkat pendidikan: Sarjana;legal@injourney.id;2026-08-11T05:53:06Z;"maganghub,a24177fb-07e0-4bd7-b6ea-eed14bd63c2b,https://maganghub.kemnaker.go.id/magang-nasional/lowongan/corporate-finance-&-strategic-portfolio-management-intern-a24177fb-07e0-4bd7-b6ea-eed14bd63c2b,3d73a917-9728-48bd-a1d1-f440924db7e6,Perusahaan Perseroan (Persero) PT Aviasi Pariwisata Indonesia Disingkat PT Aviasi Pariwisata Indonesia (Persero),maganghub-3d73a917-9728-48bd-a1d1-f440924db7e6,Corporate Finance & Strategic Portfolio Management Intern,corporate-finance-strategic-portfolio-management-intern-a24177fb-07e0-4bd7-b6ea-eed14bd63c2b,""a. Memahami prinsip dasar Corporate Finance, Strategic Portfolio Management, dan keterkaitannya dengan strategi bisnis perusahaan. | b. Mendukung proses analisis keuangan, evaluasi investasi, dan pengelolaan portofolio bisnis perusahaan. | c. Membantu penyusunan laporan keuangan manajerial, business case, serta analisis kelayakan investasi. | d. Mendukung monitoring kinerja keuangan dan portofolio perusahaan melalui analisis data dan dashboard kinerja. | e. Mengembangkan kemampuan analitis, berpikir strategis, problem solving, serta komunikasi bisnis dalam mendukung pengambilan keputusan manajemen."",Kota Adm. Jakarta Pusat,,1,Aktif,2026-07-14,2026-07-28,""Program studi: Manajemen Keuangan, Akuntansi Keuangan, Manajemen Bisnis, Akuntansi | Tingkat pendidikan: Sarjana"",legal@injourney.id,2026-08-11T05:53:06Z";;
maganghub;a2416fb0-1577-44e7-8a02-736e510cc4c5;https://maganghub.kemnaker.go.id/magang-nasional/lowongan/corporate-secretary-intern-a2416fb0-1577-44e7-8a02-736e510cc4c5;3d73a917-9728-48bd-a1d1-f440924db7e6;Perusahaan Perseroan (Persero) PT Aviasi Pariwisata Indonesia Disingkat PT Aviasi Pariwisata Indonesia (Persero);maganghub-3d73a917-9728-48bd-a1d1-f440924db7e6;Corporate Secretary Intern;corporate-secretary-intern-a2416fb0-1577-44e7-8a02-736e510cc4c5;a. Mendukung pelaksanaan tata kelola perusahaan (Good Corporate Governance/GCG) dan administrasi Corporate Secretary. | b. Membantu penyelenggaraan rapat, serta pengelolaan dokumen perusahaan. | c. Mendukung penyusunan laporan, materi presentasi, notulensi, dan korespondensi resmi perusahaan. | d. Memahami proses hubungan dengan pemangku kepentingan (stakeholder management), termasuk regulator, pemegang saham, dan entitas anak. | e. Mengembangkan kompetensi profesional dalam administrasi korporasi, komunikasi bisnis, serta etika kerja.;Kota Adm. Jakarta Pusat;;1;Aktif;14/07/2026;28/07/2026;Program studi: Manajemen, Administrasi Bisnis, Ilmu Hukum, Sekretari | Tingkat pendidikan: Sarjana;legal@injourney.id;2026-08-11T05:53:08Z;"maganghub,a2416fb0-1577-44e7-8a02-736e510cc4c5,https://maganghub.kemnaker.go.id/magang-nasional/lowongan/corporate-secretary-intern-a2416fb0-1577-44e7-8a02-736e510cc4c5,3d73a917-9728-48bd-a1d1-f440924db7e6,Perusahaan Perseroan (Persero) PT Aviasi Pariwisata Indonesia Disingkat PT Aviasi Pariwisata Indonesia (Persero),maganghub-3d73a917-9728-48bd-a1d1-f440924db7e6,Corporate Secretary Intern,corporate-secretary-intern-a2416fb0-1577-44e7-8a02-736e510cc4c5,""a. Mendukung pelaksanaan tata kelola perusahaan (Good Corporate Governance/GCG) dan administrasi Corporate Secretary. | b. Membantu penyelenggaraan rapat, serta pengelolaan dokumen perusahaan. | c. Mendukung penyusunan laporan, materi presentasi, notulensi, dan korespondensi resmi perusahaan. | d. Memahami proses hubungan dengan pemangku kepentingan (stakeholder management), termasuk regulator, pemegang saham, dan entitas anak. | e. Mengembangkan kompetensi profesional dalam administrasi korporasi, komunikasi bisnis, serta etika kerja."",Kota Adm. Jakarta Pusat,,1,Aktif,2026-07-14,2026-07-28,""Program studi: Manajemen, Administrasi Bisnis, Ilmu Hukum, Sekretari | Tingkat pendidikan: Sarjana"",legal@injourney.id,2026-08-11T05:53:08Z";;
maganghub;a241964c-3cc8-46e9-aac9-68778d4f9761;https://maganghub.kemnaker.go.id/magang-nasional/lowongan/accounting-a241964c-3cc8-46e9-aac9-68778d4f9761;46df4733-8f78-4cd5-9844-679da3a22aaa;Angkasa Pura Suport;maganghub-46df4733-8f78-4cd5-9844-679da3a22aaa;ACCOUNTING;accounting-a241964c-3cc8-46e9-aac9-68778d4f9761;Memahami konsep dasar debet-kredit, pengakuan pendapatan/beban, dan siklus akuntansi perusahaan. | Melakukan pencocokan saldo kas pada catatan internal perusahaan dengan rekening koran dari bank. | Berlatih memasukkan data faktur penjualan, kuitansi pembelian, dan biaya operasional ke sistem ERP/akuntansi.;Kota Adm. Jakarta Pusat;;1;Aktif;14/07/2026;28/07/2026;Program studi: Akuntansi Manajemen, Akuntansi Keuangan, Akuntansi | Tingkat pendidikan: Sarjana;legal@apsupports.com;2026-08-11T05:53:10Z;"maganghub,a241964c-3cc8-46e9-aac9-68778d4f9761,https://maganghub.kemnaker.go.id/magang-nasional/lowongan/accounting-a241964c-3cc8-46e9-aac9-68778d4f9761,46df4733-8f78-4cd5-9844-679da3a22aaa,Angkasa Pura Suport,maganghub-46df4733-8f78-4cd5-9844-679da3a22aaa,ACCOUNTING,accounting-a241964c-3cc8-46e9-aac9-68778d4f9761,""Memahami konsep dasar debet-kredit, pengakuan pendapatan/beban, dan siklus akuntansi perusahaan. | Melakukan pencocokan saldo kas pada catatan internal perusahaan dengan rekening koran dari bank. | Berlatih memasukkan data faktur penjualan, kuitansi pembelian, dan biaya operasional ke sistem ERP/akuntansi."",Kota Adm. Jakarta Pusat,,1,Aktif,2026-07-14,2026-07-28,""Program studi: Akuntansi Manajemen, Akuntansi Keuangan, Akuntansi | Tingkat pendidikan: Sarjana"",legal@apsupports.com,2026-08-11T05:53:10Z";;
maganghub;a240cec5-9134-4761-96f0-b5990cdac482;https://maganghub.kemnaker.go.id/magang-nasional/lowongan/staff-komersial-a240cec5-9134-4761-96f0-b5990cdac482;019f4610-8c71-73de-a2ac-f941fdfaac0e;PT. Angkasa Pura Suport;maganghub-019f4610-8c71-73de-a2ac-f941fdfaac0e;STAFF KOMERSIAL;staff-komersial-a240cec5-9134-4761-96f0-b5990cdac482;'- MELAKUKAN PEMETAKAN MARKET | - MELAKUKAN PROSES CANVASING | - MELAKUKAN KUNJUNGAN KEPADA CALON CLIENT DAN CLIENT EXISTING | - MELAKSANAKAN ANALISIS MARKET;Kab. Badung;;1;Aktif;14/07/2026;28/07/2026;Program studi: Ilmu Komunikasi, Manajemen Ekonomi, Manajemen Pemasaran/Marketing | Tingkat pendidikan: Sarjana, Diploma;made.wahyu@apsupports.com;2026-08-11T05:53:12Z;"maganghub,a240cec5-9134-4761-96f0-b5990cdac482,https://maganghub.kemnaker.go.id/magang-nasional/lowongan/staff-komersial-a240cec5-9134-4761-96f0-b5990cdac482,019f4610-8c71-73de-a2ac-f941fdfaac0e,PT. Angkasa Pura Suport,maganghub-019f4610-8c71-73de-a2ac-f941fdfaac0e,STAFF KOMERSIAL,staff-komersial-a240cec5-9134-4761-96f0-b5990cdac482,'- MELAKUKAN PEMETAKAN MARKET | - MELAKUKAN PROSES CANVASING | - MELAKUKAN KUNJUNGAN KEPADA CALON CLIENT DAN CLIENT EXISTING | - MELAKSANAKAN ANALISIS MARKET,Kab. Badung,,1,Aktif,2026-07-14,2026-07-28,""Program studi: Ilmu Komunikasi, Manajemen Ekonomi, Manajemen Pemasaran/Marketing | Tingkat pendidikan: Sarjana, Diploma"",made.wahyu@apsupports.com,2026-08-11T05:53:12Z";;
maganghub;a241959f-e7d4-4476-bf27-6eb2e5da6954;https://maganghub.kemnaker.go.id/magang-nasional/lowongan/general-affair-a241959f-e7d4-4476-bf27-6eb2e5da6954;46df4733-8f78-4cd5-9844-679da3a22aaa;Angkasa Pura Suport;maganghub-46df4733-8f78-4cd5-9844-679da3a22aaa;GENERAL AFFAIR;general-affair-a241959f-e7d4-4476-bf27-6eb2e5da6954;Memahami koordinasi dengan penyedia jasa tenaga kerja pihak ketiga (seperti keamanan dan kebersihan). | Mengatur penataan barang operasional di gudang GA, kartu stok, serta penerapan metode FIFO/LIFO sederhana. | Melakukan inspeksi berkala area kerja kantor berdasarkan aspek Ringkas, Rapi, Resik, Rawat, dan Rajin.;Kota Adm. Jakarta Pusat;;1;Aktif;14/07/2026;28/07/2026;Program studi: Manajemen, Administrasi Bisnis, Manajemen Bisnis | Tingkat pendidikan: Sarjana;legal@apsupports.com;2026-08-11T05:53:13Z;"maganghub,a241959f-e7d4-4476-bf27-6eb2e5da6954,https://maganghub.kemnaker.go.id/magang-nasional/lowongan/general-affair-a241959f-e7d4-4476-bf27-6eb2e5da6954,46df4733-8f78-4cd5-9844-679da3a22aaa,Angkasa Pura Suport,maganghub-46df4733-8f78-4cd5-9844-679da3a22aaa,GENERAL AFFAIR,general-affair-a241959f-e7d4-4476-bf27-6eb2e5da6954,""Memahami koordinasi dengan penyedia jasa tenaga kerja pihak ketiga (seperti keamanan dan kebersihan). | Mengatur penataan barang operasional di gudang GA, kartu stok, serta penerapan metode FIFO/LIFO sederhana. | Melakukan inspeksi berkala area kerja kantor berdasarkan aspek Ringkas, Rapi, Resik, Rawat, dan Rajin."",Kota Adm. Jakarta Pusat,,1,Aktif,2026-07-14,2026-07-28,""Program studi: Manajemen, Administrasi Bisnis, Manajemen Bisnis | Tingkat pendidikan: Sarjana"",legal@apsupports.com,2026-08-11T05:53:13Z";;
maganghub;a24197b4-6c64-4e3a-b917-6e17a386856e;https://maganghub.kemnaker.go.id/magang-nasional/lowongan/application-solution-a24197b4-6c64-4e3a-b917-6e17a386856e;46df4733-8f78-4cd5-9844-679da3a22aaa;Angkasa Pura Suport;maganghub-46df4733-8f78-4cd5-9844-679da3a22aaa;APPLICATION SOLUTION;application-solution-a24197b4-6c64-4e3a-b917-6e17a386856e;Memahami ekosistem aplikasi yang digunakan perusahaan beserta alur integrasi datanya. | Belajar cara mewawancarai user divisi lain untuk memetakan kendala dan fitur baru yang mereka butuhkan. | Melakukan uji coba fitur baru aplikasi (Functional Testing) dan mencatat bug/error ke dalam log pengujian.;Kota Adm. Jakarta Pusat;;1;Aktif;14/07/2026;28/07/2026;Program studi: Teknologi Informasi, Rekayasa Perangkat Lunak, Sistem Informasi, Pengembangan Perangkat (Piranti) Lunak Situs | Tingkat pendidikan: Sarjana;legal@apsupports.com;2026-08-11T05:53:15Z;"maganghub,a24197b4-6c64-4e3a-b917-6e17a386856e,https://maganghub.kemnaker.go.id/magang-nasional/lowongan/application-solution-a24197b4-6c64-4e3a-b917-6e17a386856e,46df4733-8f78-4cd5-9844-679da3a22aaa,Angkasa Pura Suport,maganghub-46df4733-8f78-4cd5-9844-679da3a22aaa,APPLICATION SOLUTION,application-solution-a24197b4-6c64-4e3a-b917-6e17a386856e,Memahami ekosistem aplikasi yang digunakan perusahaan beserta alur integrasi datanya. | Belajar cara mewawancarai user divisi lain untuk memetakan kendala dan fitur baru yang mereka butuhkan. | Melakukan uji coba fitur baru aplikasi (Functional Testing) dan mencatat bug/error ke dalam log pengujian.,Kota Adm. Jakarta Pusat,,1,Aktif,2026-07-14,2026-07-28,""Program studi: Teknologi Informasi, Rekayasa Perangkat Lunak, Sistem Informasi, Pengembangan Perangkat (Piranti) Lunak Situs | Tingkat pendidikan: Sarjana"",legal@apsupports.com,2026-08-11T05:53:15Z";;
maganghub;a2419a20-be29-4736-a31d-0dff024902d9;https://maganghub.kemnaker.go.id/magang-nasional/lowongan/human-capital-a2419a20-be29-4736-a31d-0dff024902d9;46df4733-8f78-4cd5-9844-679da3a22aaa;Angkasa Pura Suport;maganghub-46df4733-8f78-4cd5-9844-679da3a22aaa;HUMAN CAPITAL;human-capital-a2419a20-be29-4736-a31d-0dff024902d9;Memahami kebijakan kebijakan yang ada di unit Human Capital | Mengerjakan adminsitrasi terkait rekrutmen Karyawan | Melakukan proses seleksi Karyawan mulai dari pemanggilan Karyawan, seleksi tes, interview | Melakukan rekap data Karyawan untuk dijadikan data base;Kota Adm. Jakarta Pusat;;1;Aktif;14/07/2026;28/07/2026;Program studi: Manajemen Sumber Daya Manusia, Psikologi, Hukum | Tingkat pendidikan: Sarjana;legal@apsupports.com;2026-08-11T05:53:17Z;"maganghub,a2419a20-be29-4736-a31d-0dff024902d9,https://maganghub.kemnaker.go.id/magang-nasional/lowongan/human-capital-a2419a20-be29-4736-a31d-0dff024902d9,46df4733-8f78-4cd5-9844-679da3a22aaa,Angkasa Pura Suport,maganghub-46df4733-8f78-4cd5-9844-679da3a22aaa,HUMAN CAPITAL,human-capital-a2419a20-be29-4736-a31d-0dff024902d9,""Memahami kebijakan kebijakan yang ada di unit Human Capital | Mengerjakan adminsitrasi terkait rekrutmen Karyawan | Melakukan proses seleksi Karyawan mulai dari pemanggilan Karyawan, seleksi tes, interview | Melakukan rekap data Karyawan untuk dijadikan data base"",Kota Adm. Jakarta Pusat,,1,Aktif,2026-07-14,2026-07-28,""Program studi: Manajemen Sumber Daya Manusia, Psikologi, Hukum | Tingkat pendidikan: Sarjana"",legal@apsupports.com,2026-08-11T05:53:17Z";;
maganghub;a242b550-03b2-4803-bba4-057835da5bf7;https://maganghub.kemnaker.go.id/magang-nasional/lowongan/staff-finance-a242b550-03b2-4803-bba4-057835da5bf7;019f4610-8c71-73de-a2ac-f941fdfaac0e;PT. Angkasa Pura Suport;maganghub-019f4610-8c71-73de-a2ac-f941fdfaac0e;STAFF FINANCE;staff-finance-a242b550-03b2-4803-bba4-057835da5bf7;Membuat dan menyimpan catatan akurat untuk semua transaksi harian di perusahaan. | Menyiapkan neraca. | Memproses faktur. | Mencatat utang dan piutang perusahaan. | Merekonsiliasi laporan bank. | Membantu persiapan anggaran. | Memastikan perusahaan mematuhi hukum dan aturan finansial yang berlaku.;Kab. Badung;;1;Aktif;14/07/2026;28/07/2026;Program studi: Akuntansi | Tingkat pendidikan: Sarjana, Diploma;made.wahyu@apsupports.com;2026-08-11T05:53:19Z;"maganghub,a242b550-03b2-4803-bba4-057835da5bf7,https://maganghub.kemnaker.go.id/magang-nasional/lowongan/staff-finance-a242b550-03b2-4803-bba4-057835da5bf7,019f4610-8c71-73de-a2ac-f941fdfaac0e,PT. Angkasa Pura Suport,maganghub-019f4610-8c71-73de-a2ac-f941fdfaac0e,STAFF FINANCE,staff-finance-a242b550-03b2-4803-bba4-057835da5bf7,Membuat dan menyimpan catatan akurat untuk semua transaksi harian di perusahaan. | Menyiapkan neraca. | Memproses faktur. | Mencatat utang dan piutang perusahaan. | Merekonsiliasi laporan bank. | Membantu persiapan anggaran. | Memastikan perusahaan mematuhi hukum dan aturan finansial yang berlaku.,Kab. Badung,,1,Aktif,2026-07-14,2026-07-28,""Program studi: Akuntansi | Tingkat pendidikan: Sarjana, Diploma"",made.wahyu@apsupports.com,2026-08-11T05:53:19Z";;
maganghub;a24199e3-0425-4fd0-ae79-c9ba29e147f1;https://maganghub.kemnaker.go.id/magang-nasional/lowongan/customer-experience-a24199e3-0425-4fd0-ae79-c9ba29e147f1;46df4733-8f78-4cd5-9844-679da3a22aaa;Angkasa Pura Suport;maganghub-46df4733-8f78-4cd5-9844-679da3a22aaa;CUSTOMER EXPERIENCE;customer-experience-a24199e3-0425-4fd0-ae79-c9ba29e147f1;Memahami konsep dasar kepuasan pelanggan dan tahapan interaksi pelanggan dengan perusahaan. | Mempelajari cara berkomunikasi yang ramah, profesional, serta mendengarkan keluhan pelanggan dengan baik. | Mensimulasikan penyelesaian masalah pelanggan melalui telepon, chat, maupun tatap muka langsung.;Kota Adm. Jakarta Pusat;;1;Aktif;14/07/2026;28/07/2026;Program studi: Administrasi Bisnis, Manajemen Bisnis | Tingkat pendidikan: Sarjana;legal@apsupports.com;2026-08-11T05:53:21Z;"maganghub,a24199e3-0425-4fd0-ae79-c9ba29e147f1,https://maganghub.kemnaker.go.id/magang-nasional/lowongan/customer-experience-a24199e3-0425-4fd0-ae79-c9ba29e147f1,46df4733-8f78-4cd5-9844-679da3a22aaa,Angkasa Pura Suport,maganghub-46df4733-8f78-4cd5-9844-679da3a22aaa,CUSTOMER EXPERIENCE,customer-experience-a24199e3-0425-4fd0-ae79-c9ba29e147f1,""Memahami konsep dasar kepuasan pelanggan dan tahapan interaksi pelanggan dengan perusahaan. | Mempelajari cara berkomunikasi yang ramah, profesional, serta mendengarkan keluhan pelanggan dengan baik. | Mensimulasikan penyelesaian masalah pelanggan melalui telepon, chat, maupun tatap muka langsung."",Kota Adm. Jakarta Pusat,,1,Aktif,2026-07-14,2026-07-28,""Program studi: Administrasi Bisnis, Manajemen Bisnis | Tingkat pendidikan: Sarjana"",legal@apsupports.com,2026-08-11T05:53:21Z";;
maganghub;a2437c92-7015-4fd1-89e2-2e0efedbe56c;https://maganghub.kemnaker.go.id/magang-nasional/lowongan/asisten-perancang-undang-undang-a2437c92-7015-4fd1-89e2-2e0efedbe56c;687e7467-62a8-449a-b53f-71fcc8ef5f26;Pusat Pembinaan Jabatan Fungsional;maganghub-687e7467-62a8-449a-b53f-71fcc8ef5f26;Asisten Perancang Undang-Undang;asisten-perancang-undang-undang-a2437c92-7015-4fd1-89e2-2e0efedbe56c;Membantu melakukan penyusunan, penelaahan, dan analisis baik dari segi legal drafting maupun impelementasinya atas peraturan terkait Manajemen Kepegawaian baik yang berlaku secara Nasional maupun di lingkungan Kemenlu.;Kota Adm. Jakarta Selatan;;2;Aktif;14/07/2026;28/07/2026;Program studi: Ilmu Hukum | Tingkat pendidikan: Sarjana;;2026-08-11T05:53:25Z;"maganghub,a2437c92-7015-4fd1-89e2-2e0efedbe56c,https://maganghub.kemnaker.go.id/magang-nasional/lowongan/asisten-perancang-undang-undang-a2437c92-7015-4fd1-89e2-2e0efedbe56c,687e7467-62a8-449a-b53f-71fcc8ef5f26,Pusat Pembinaan Jabatan Fungsional,maganghub-687e7467-62a8-449a-b53f-71fcc8ef5f26,Asisten Perancang Undang-Undang,asisten-perancang-undang-undang-a2437c92-7015-4fd1-89e2-2e0efedbe56c,""Membantu melakukan penyusunan, penelaahan, dan analisis baik dari segi legal drafting maupun impelementasinya atas peraturan terkait Manajemen Kepegawaian baik yang berlaku secara Nasional maupun di lingkungan Kemenlu."",Kota Adm. Jakarta Selatan,,2,Aktif,2026-07-14,2026-07-28,Program studi: Ilmu Hukum | Tingkat pendidikan: Sarjana,,2026-08-11T05:53:25Z";;
maganghub;a2417abd-6cee-427f-9af0-66d15d02cc83;https://maganghub.kemnaker.go.id/magang-nasional/lowongan/staff-it-a2417abd-6cee-427f-9af0-66d15d02cc83;aba51640-6ee6-403e-ba5d-b6b0dea3ce1f;Pusat Pembinaan Jabatan Fungsional Perdagangan;maganghub-aba51640-6ee6-403e-ba5d-b6b0dea3ce1f;Staff IT;staff-it-a2417abd-6cee-427f-9af0-66d15d02cc83;Mendukung pengelolaan data, sistem informasi, jaringan komputer, serta membantu pengembangan aplikasi dan konten digital di lingkungan Pusat Pembinaan Jabatan Fungsional Perdagangan.;Kab. Bandung Barat;;2;Aktif;14/07/2026;28/07/2026;Program studi: Teknik Informatika, Ilmu Komputer, Desain Komunikasi Visual, Sistem informasi | Tingkat pendidikan: Sarjana;;2026-08-11T05:53:27Z;"maganghub,a2417abd-6cee-427f-9af0-66d15d02cc83,https://maganghub.kemnaker.go.id/magang-nasional/lowongan/staff-it-a2417abd-6cee-427f-9af0-66d15d02cc83,aba51640-6ee6-403e-ba5d-b6b0dea3ce1f,Pusat Pembinaan Jabatan Fungsional Perdagangan,maganghub-aba51640-6ee6-403e-ba5d-b6b0dea3ce1f,Staff IT,staff-it-a2417abd-6cee-427f-9af0-66d15d02cc83,""Mendukung pengelolaan data, sistem informasi, jaringan komputer, serta membantu pengembangan aplikasi dan konten digital di lingkungan Pusat Pembinaan Jabatan Fungsional Perdagangan."",Kab. Bandung Barat,,2,Aktif,2026-07-14,2026-07-28,""Program studi: Teknik Informatika, Ilmu Komputer, Desain Komunikasi Visual, Sistem informasi | Tingkat pendidikan: Sarjana"",,2026-08-11T05:53:27Z";;
maganghub;a23f6018-8ce8-4256-a3b0-5dabeabe385b;https://maganghub.kemnaker.go.id/magang-nasional/lowongan/duta-layanan-a23f6018-8ce8-4256-a3b0-5dabeabe385b;e2203648-2b33-4dd1-a537-e94bc3009a2e;KANIM KELAS II NON TPI KOTABUMI;maganghub-e2203648-2b33-4dd1-a537-e94bc3009a2e;DUTA LAYANAN;duta-layanan-a23f6018-8ce8-4256-a3b0-5dabeabe385b;1. Memberikan pelayanan langsung kepada masyarakat dengan | ramah dan informatif. | 2. Menjawab pertanyaan serta membantu pengurusan layanan | publik. | 3. Menyampaikan keluhan masyarakat kepada unit terkait. | 4. Menjaga citra positif lembaga.;Kab. Lampung Utara;;2;Aktif;14/07/2026;28/07/2026;Program studi: Komunikasi, Hubungan Masyarakat, Pariwisata | Tingkat pendidikan: Sarjana;;2026-08-11T05:53:29Z;"maganghub,a23f6018-8ce8-4256-a3b0-5dabeabe385b,https://maganghub.kemnaker.go.id/magang-nasional/lowongan/duta-layanan-a23f6018-8ce8-4256-a3b0-5dabeabe385b,e2203648-2b33-4dd1-a537-e94bc3009a2e,KANIM KELAS II NON TPI KOTABUMI,maganghub-e2203648-2b33-4dd1-a537-e94bc3009a2e,DUTA LAYANAN,duta-layanan-a23f6018-8ce8-4256-a3b0-5dabeabe385b,1. Memberikan pelayanan langsung kepada masyarakat dengan | ramah dan informatif. | 2. Menjawab pertanyaan serta membantu pengurusan layanan | publik. | 3. Menyampaikan keluhan masyarakat kepada unit terkait. | 4. Menjaga citra positif lembaga.,Kab. Lampung Utara,,2,Aktif,2026-07-14,2026-07-28,""Program studi: Komunikasi, Hubungan Masyarakat, Pariwisata | Tingkat pendidikan: Sarjana"",,2026-08-11T05:53:29Z";;
maganghub;a23f61ce-cb22-4280-9796-42cf41219867;https://maganghub.kemnaker.go.id/magang-nasional/lowongan/pengelola-kehumasan-a23f61ce-cb22-4280-9796-42cf41219867;e2203648-2b33-4dd1-a537-e94bc3009a2e;KANIM KELAS II NON TPI KOTABUMI;maganghub-e2203648-2b33-4dd1-a537-e94bc3009a2e;PENGELOLA KEHUMASAN;pengelola-kehumasan-a23f61ce-cb22-4280-9796-42cf41219867;1. Menyusun materi layanan informasi untuk media elektronik | 2. Menyusun berita pelayanan informasi dan kehumasan melalui | media: cetak, elektornik dan daring (online) | 3. Menyusun naskah pelayanan informasi dan kehumasan dalam | bentuk: ceramah, piodato, dan bahan tayang | 4. Menyelenggarakan penerbitan materi pelayanan informasi untuk | media cetak, elektronik, dan daring (online) | 5. Melaksanakan tugas peliputan kegiatan kelembagaan dalan | bentuk foto dan video;Kab. Lampung Utara;;2;Aktif;14/07/2026;28/07/2026;Program studi: Hubungan Masyarakat, Ilmu Komunikasi, Desain Komunikasi Visual | Tingkat pendidikan: Sarjana;;2026-08-11T05:53:31Z;"maganghub,a23f61ce-cb22-4280-9796-42cf41219867,https://maganghub.kemnaker.go.id/magang-nasional/lowongan/pengelola-kehumasan-a23f61ce-cb22-4280-9796-42cf41219867,e2203648-2b33-4dd1-a537-e94bc3009a2e,KANIM KELAS II NON TPI KOTABUMI,maganghub-e2203648-2b33-4dd1-a537-e94bc3009a2e,PENGELOLA KEHUMASAN,pengelola-kehumasan-a23f61ce-cb22-4280-9796-42cf41219867,""1. Menyusun materi layanan informasi untuk media elektronik | 2. Menyusun berita pelayanan informasi dan kehumasan melalui | media: cetak, elektornik dan daring (online) | 3. Menyusun naskah pelayanan informasi dan kehumasan dalam | bentuk: ceramah, piodato, dan bahan tayang | 4. Menyelenggarakan penerbitan materi pelayanan informasi untuk | media cetak, elektronik, dan daring (online) | 5. Melaksanakan tugas peliputan kegiatan kelembagaan dalan | bentuk foto dan video"",Kab. Lampung Utara,,2,Aktif,2026-07-14,2026-07-28,""Program studi: Hubungan Masyarakat, Ilmu Komunikasi, Desain Komunikasi Visual | Tingkat pendidikan: Sarjana"",,2026-08-11T05:53:31Z";;
maganghub;a243ec8d-ab2f-4700-bc8c-10453da99173;https://maganghub.kemnaker.go.id/magang-nasional/lowongan/staff-administrasi-keuangan-a243ec8d-ab2f-4700-bc8c-10453da99173;30d10410-d7e2-49d1-866b-51c6133076e7;Sekretariat Direktorat Jenderal Pengelolaan Kelautan;maganghub-30d10410-d7e2-49d1-866b-51c6133076e7;Staff Administrasi Keuangan;staff-administrasi-keuangan-a243ec8d-ab2f-4700-bc8c-10453da99173;melaksanakan pengelolaan dokumen keuangan secara tertib, akurat, dan sesuai dengan ketentuan yang berlaku, meliputi pengumpulan, penginputan, pemutakhiran, verifikasi, serta pengarsipan data dan dokumen pada bidang keuangan;Kota Adm. Jakarta Pusat;;2;Aktif;14/07/2026;28/07/2026;Program studi: Analis Keuangan, Akuntansi Keuangan, Ekonomi, Manajemen Pajak, Administrasi Keuangan | Tingkat pendidikan: Sarjana, Diploma;;2026-08-11T05:53:33Z;"maganghub,a243ec8d-ab2f-4700-bc8c-10453da99173,https://maganghub.kemnaker.go.id/magang-nasional/lowongan/staff-administrasi-keuangan-a243ec8d-ab2f-4700-bc8c-10453da99173,30d10410-d7e2-49d1-866b-51c6133076e7,Sekretariat Direktorat Jenderal Pengelolaan Kelautan,maganghub-30d10410-d7e2-49d1-866b-51c6133076e7,Staff Administrasi Keuangan,staff-administrasi-keuangan-a243ec8d-ab2f-4700-bc8c-10453da99173,""melaksanakan pengelolaan dokumen keuangan secara tertib, akurat, dan sesuai dengan ketentuan yang berlaku, meliputi pengumpulan, penginputan, pemutakhiran, verifikasi, serta pengarsipan data dan dokumen pada bidang keuangan"",Kota Adm. Jakarta Pusat,,2,Aktif,2026-07-14,2026-07-28,""Program studi: Analis Keuangan, Akuntansi Keuangan, Ekonomi, Manajemen Pajak, Administrasi Keuangan | Tingkat pendidikan: Sarjana, Diploma"",,2026-08-11T05:53:33Z";;
maganghub;a243f10f-f9f6-4f5c-af8c-a84e36d90101;https://maganghub.kemnaker.go.id/magang-nasional/lowongan/staff-administrasi-humas-a243f10f-f9f6-4f5c-af8c-a84e36d90101;30d10410-d7e2-49d1-866b-51c6133076e7;Sekretariat Direktorat Jenderal Pengelolaan Kelautan;maganghub-30d10410-d7e2-49d1-866b-51c6133076e7;Staff Administrasi Humas;staff-administrasi-humas-a243f10f-f9f6-4f5c-af8c-a84e36d90101;melaksanakan pengelolaan dokumen di bidang hubungan masyarakat secara tertib, akurat, dan sesuai dengan ketentuan yang berlaku, meliputi pengumpulan, penginputan, pemutakhiran, verifikasi, serta pengarsipan data dan dokumen;Kota Adm. Jakarta Pusat;;2;Aktif;14/07/2026;28/07/2026;Program studi: Hubungan Masyarakat, Ilmu Komunikasi, Desain Komunikasi Visual, Hubungan Masyarakat Dan Komunikasi Digital, Desain Grafis | Tingkat pendidikan: Sarjana, Diploma;;2026-08-11T05:53:35Z;"maganghub,a243f10f-f9f6-4f5c-af8c-a84e36d90101,https://maganghub.kemnaker.go.id/magang-nasional/lowongan/staff-administrasi-humas-a243f10f-f9f6-4f5c-af8c-a84e36d90101,30d10410-d7e2-49d1-866b-51c6133076e7,Sekretariat Direktorat Jenderal Pengelolaan Kelautan,maganghub-30d10410-d7e2-49d1-866b-51c6133076e7,Staff Administrasi Humas,staff-administrasi-humas-a243f10f-f9f6-4f5c-af8c-a84e36d90101,""melaksanakan pengelolaan dokumen di bidang hubungan masyarakat secara tertib, akurat, dan sesuai dengan ketentuan yang berlaku, meliputi pengumpulan, penginputan, pemutakhiran, verifikasi, serta pengarsipan data dan dokumen"",Kota Adm. Jakarta Pusat,,2,Aktif,2026-07-14,2026-07-28,""Program studi: Hubungan Masyarakat, Ilmu Komunikasi, Desain Komunikasi Visual, Hubungan Masyarakat Dan Komunikasi Digital, Desain Grafis | Tingkat pendidikan: Sarjana, Diploma"",,2026-08-11T05:53:35Z";;
maganghub;a243ee68-7363-44fb-8290-6c8aeba1c6ee;https://maganghub.kemnaker.go.id/magang-nasional/lowongan/staff-analis-hukum-a243ee68-7363-44fb-8290-6c8aeba1c6ee;30d10410-d7e2-49d1-866b-51c6133076e7;Sekretariat Direktorat Jenderal Pengelolaan Kelautan;maganghub-30d10410-d7e2-49d1-866b-51c6133076e7;Staff Analis Hukum;staff-analis-hukum-a243ee68-7363-44fb-8290-6c8aeba1c6ee;melaksanakan pengelolaan dokumen hukum secara tertib, akurat, dan sesuai dengan ketentuan yang berlaku, meliputi pengumpulan, penginputan, pemutakhiran, verifikasi, serta pengarsipan data dan dokumen pada bidang hukum dan advokasi;Kota Adm. Jakarta Pusat;;2;Aktif;14/07/2026;28/07/2026;Program studi: Ilmu Hukum, Hukum | Tingkat pendidikan: Sarjana;;2026-08-11T05:53:37Z;"maganghub,a243ee68-7363-44fb-8290-6c8aeba1c6ee,https://maganghub.kemnaker.go.id/magang-nasional/lowongan/staff-analis-hukum-a243ee68-7363-44fb-8290-6c8aeba1c6ee,30d10410-d7e2-49d1-866b-51c6133076e7,Sekretariat Direktorat Jenderal Pengelolaan Kelautan,maganghub-30d10410-d7e2-49d1-866b-51c6133076e7,Staff Analis Hukum,staff-analis-hukum-a243ee68-7363-44fb-8290-6c8aeba1c6ee,""melaksanakan pengelolaan dokumen hukum secara tertib, akurat, dan sesuai dengan ketentuan yang berlaku, meliputi pengumpulan, penginputan, pemutakhiran, verifikasi, serta pengarsipan data dan dokumen pada bidang hukum dan advokasi"",Kota Adm. Jakarta Pusat,,2,Aktif,2026-07-14,2026-07-28,""Program studi: Ilmu Hukum, Hukum | Tingkat pendidikan: Sarjana"",,2026-08-11T05:53:37Z";;
maganghub;a243eab9-ca8f-497b-88b4-24dfa211e5de;https://maganghub.kemnaker.go.id/magang-nasional/lowongan/staff-administrasi-kerja-sama-a243eab9-ca8f-497b-88b4-24dfa211e5de;30d10410-d7e2-49d1-866b-51c6133076e7;Sekretariat Direktorat Jenderal Pengelolaan Kelautan;maganghub-30d10410-d7e2-49d1-866b-51c6133076e7;Staff Administrasi Kerja sama;staff-administrasi-kerja-sama-a243eab9-ca8f-497b-88b4-24dfa211e5de;melaksanakan pengelolaan dokumen di bidang kerjasama  secara tertib, akurat, dan sesuai dengan ketentuan yang berlaku, meliputi pengumpulan, penginputan, pemutakhiran, verifikasi, serta pengarsipan data dan dokumen;Kota Adm. Jakarta Pusat;;2;Aktif;14/07/2026;28/07/2026;Program studi: Hubungan Internasional, Sastra Inggris, Bahasa Inggris Untuk Komunikasi Bisnis Dan Profesional, Bahasa dan Sastra Inggris | Tingkat pendidikan: Sarjana;;2026-08-11T05:53:39Z;"maganghub,a243eab9-ca8f-497b-88b4-24dfa211e5de,https://maganghub.kemnaker.go.id/magang-nasional/lowongan/staff-administrasi-kerja-sama-a243eab9-ca8f-497b-88b4-24dfa211e5de,30d10410-d7e2-49d1-866b-51c6133076e7,Sekretariat Direktorat Jenderal Pengelolaan Kelautan,maganghub-30d10410-d7e2-49d1-866b-51c6133076e7,Staff Administrasi Kerja sama,staff-administrasi-kerja-sama-a243eab9-ca8f-497b-88b4-24dfa211e5de,""melaksanakan pengelolaan dokumen di bidang kerjasama  secara tertib, akurat, dan sesuai dengan ketentuan yang berlaku, meliputi pengumpulan, penginputan, pemutakhiran, verifikasi, serta pengarsipan data dan dokumen"",Kota Adm. Jakarta Pusat,,2,Aktif,2026-07-14,2026-07-28,""Program studi: Hubungan Internasional, Sastra Inggris, Bahasa Inggris Untuk Komunikasi Bisnis Dan Profesional, Bahasa dan Sastra Inggris | Tingkat pendidikan: Sarjana"",,2026-08-11T05:53:39Z";;
maganghub;a241784c-9649-4745-9f68-d8a95255326a;https://maganghub.kemnaker.go.id/magang-nasional/lowongan/pengelola-kehumasan-a241784c-9649-4745-9f68-d8a95255326a;7ba7131c-6109-44ab-a47c-05782e1f5773;KANIM KELAS II NON TPI KEDIRI;maganghub-7ba7131c-6109-44ab-a47c-05782e1f5773;PENGELOLA KEHUMASAN;pengelola-kehumasan-a241784c-9649-4745-9f68-d8a95255326a;"""1. Menyusun materi layanan informasi untuk media elektronik | 2. Menyusun berita pelayanan informasi dan kehumasan melalui media: cetak, elektornik dan daring (online) | 3. Menyusun naskah pelayanan informasi dan kehumasan dalam bentuk: ceramah, piodato, dan bahan tayang | 4. Menyelenggarakan penerbitan materi pelayanan informasi untuk media cetak, elektronik, dan daring (online) | 5. Melaksanakan tugas peliputan kegiatan kelembagaan dalan bentuk foto dan video""";Kab. Kediri;;2;Aktif;14/07/2026;28/07/2026;Program studi: Hubungan Masyarakat, Ilmu Komunikasi, Desain Komunikasi Visual | Tingkat pendidikan: Sarjana;;2026-08-11T05:53:41Z;"maganghub,a241784c-9649-4745-9f68-d8a95255326a,https://maganghub.kemnaker.go.id/magang-nasional/lowongan/pengelola-kehumasan-a241784c-9649-4745-9f68-d8a95255326a,7ba7131c-6109-44ab-a47c-05782e1f5773,KANIM KELAS II NON TPI KEDIRI,maganghub-7ba7131c-6109-44ab-a47c-05782e1f5773,PENGELOLA KEHUMASAN,pengelola-kehumasan-a241784c-9649-4745-9f68-d8a95255326a,""""""1. Menyusun materi layanan informasi untuk media elektronik | 2. Menyusun berita pelayanan informasi dan kehumasan melalui media: cetak, elektornik dan daring (online) | 3. Menyusun naskah pelayanan informasi dan kehumasan dalam bentuk: ceramah, piodato, dan bahan tayang | 4. Menyelenggarakan penerbitan materi pelayanan informasi untuk media cetak, elektronik, dan daring (online) | 5. Melaksanakan tugas peliputan kegiatan kelembagaan dalan bentuk foto dan video"""""",Kab. Kediri,,2,Aktif,2026-07-14,2026-07-28,""Program studi: Hubungan Masyarakat, Ilmu Komunikasi, Desain Komunikasi Visual | Tingkat pendidikan: Sarjana"",,2026-08-11T05:53:41Z";;
maganghub;a243e923-557d-4768-826d-7f17b2698e54;https://maganghub.kemnaker.go.id/magang-nasional/lowongan/staff-administrasi-perencanaan-a243e923-557d-4768-826d-7f17b2698e54;30d10410-d7e2-49d1-866b-51c6133076e7;Sekretariat Direktorat Jenderal Pengelolaan Kelautan;maganghub-30d10410-d7e2-49d1-866b-51c6133076e7;Staff Administrasi Perencanaan;staff-administrasi-perencanaan-a243e923-557d-4768-826d-7f17b2698e54;melaksanakan pengelolaan dokumen di bidang pengelolaan kinerja secara tertib, akurat, dan sesuai dengan ketentuan yang berlaku, meliputi pengumpulan, penginputan, pemutakhiran, verifikasi, serta pengarsipan data dan dokumen;Kota Adm. Jakarta Pusat;;2;Aktif;14/07/2026;28/07/2026;Program studi: Ekonomi Pembangunan, Manajemen, Manajemen dan Kebijakan Publik | Tingkat pendidikan: Sarjana;;2026-08-11T05:53:42Z;"maganghub,a243e923-557d-4768-826d-7f17b2698e54,https://maganghub.kemnaker.go.id/magang-nasional/lowongan/staff-administrasi-perencanaan-a243e923-557d-4768-826d-7f17b2698e54,30d10410-d7e2-49d1-866b-51c6133076e7,Sekretariat Direktorat Jenderal Pengelolaan Kelautan,maganghub-30d10410-d7e2-49d1-866b-51c6133076e7,Staff Administrasi Perencanaan,staff-administrasi-perencanaan-a243e923-557d-4768-826d-7f17b2698e54,""melaksanakan pengelolaan dokumen di bidang pengelolaan kinerja secara tertib, akurat, dan sesuai dengan ketentuan yang berlaku, meliputi pengumpulan, penginputan, pemutakhiran, verifikasi, serta pengarsipan data dan dokumen"",Kota Adm. Jakarta Pusat,,2,Aktif,2026-07-14,2026-07-28,""Program studi: Ekonomi Pembangunan, Manajemen, Manajemen dan Kebijakan Publik | Tingkat pendidikan: Sarjana"",,2026-08-11T05:53:42Z";;
maganghub;a243e70e-b331-4868-8603-e8fcd78bb821;https://maganghub.kemnaker.go.id/magang-nasional/lowongan/staff-analisa-data-a243e70e-b331-4868-8603-e8fcd78bb821;30d10410-d7e2-49d1-866b-51c6133076e7;Sekretariat Direktorat Jenderal Pengelolaan Kelautan;maganghub-30d10410-d7e2-49d1-866b-51c6133076e7;Staff Analisa Data;staff-analisa-data-a243e70e-b331-4868-8603-e8fcd78bb821;melaksanakan pengelolaan dokumen di bidang data  secara tertib, akurat, dan sesuai dengan ketentuan yang berlaku, meliputi pengumpulan, penginputan, pemutakhiran, verifikasi, serta pengarsipan data dan dokumen;Kota Adm. Jakarta Pusat;;2;Aktif;14/07/2026;28/07/2026;Program studi: Ilmu Komputer, Statistik | Tingkat pendidikan: Sarjana;;2026-08-11T05:53:44Z;"maganghub,a243e70e-b331-4868-8603-e8fcd78bb821,https://maganghub.kemnaker.go.id/magang-nasional/lowongan/staff-analisa-data-a243e70e-b331-4868-8603-e8fcd78bb821,30d10410-d7e2-49d1-866b-51c6133076e7,Sekretariat Direktorat Jenderal Pengelolaan Kelautan,maganghub-30d10410-d7e2-49d1-866b-51c6133076e7,Staff Analisa Data,staff-analisa-data-a243e70e-b331-4868-8603-e8fcd78bb821,""melaksanakan pengelolaan dokumen di bidang data  secara tertib, akurat, dan sesuai dengan ketentuan yang berlaku, meliputi pengumpulan, penginputan, pemutakhiran, verifikasi, serta pengarsipan data dan dokumen"",Kota Adm. Jakarta Pusat,,2,Aktif,2026-07-14,2026-07-28,""Program studi: Ilmu Komputer, Statistik | Tingkat pendidikan: Sarjana"",,2026-08-11T05:53:44Z";;
maganghub;a243e4a3-ea1c-418b-aebe-70fabe75f1c0;https://maganghub.kemnaker.go.id/magang-nasional/lowongan/staff-administrasi-umum-a243e4a3-ea1c-418b-aebe-70fabe75f1c0;30d10410-d7e2-49d1-866b-51c6133076e7;Sekretariat Direktorat Jenderal Pengelolaan Kelautan;maganghub-30d10410-d7e2-49d1-866b-51c6133076e7;Staff Administrasi Umum;staff-administrasi-umum-a243e4a3-ea1c-418b-aebe-70fabe75f1c0;melaksanakan pengelolaan dokumen di bidang umum secara tertib, akurat, dan sesuai dengan ketentuan yang berlaku, meliputi pengumpulan, penginputan, pemutakhiran, verifikasi, serta pengarsipan data dan dokumen;Kota Adm. Jakarta Pusat;;2;Aktif;14/07/2026;28/07/2026;Program studi: Kearsipan, Kearsipan Digital, Administrasi Publik, Informasi, Perpustakaan & Kearsipan, Administrasi Perkantoran | Tingkat pendidikan: Sarjana, Diploma;;2026-08-11T05:53:46Z;"maganghub,a243e4a3-ea1c-418b-aebe-70fabe75f1c0,https://maganghub.kemnaker.go.id/magang-nasional/lowongan/staff-administrasi-umum-a243e4a3-ea1c-418b-aebe-70fabe75f1c0,30d10410-d7e2-49d1-866b-51c6133076e7,Sekretariat Direktorat Jenderal Pengelolaan Kelautan,maganghub-30d10410-d7e2-49d1-866b-51c6133076e7,Staff Administrasi Umum,staff-administrasi-umum-a243e4a3-ea1c-418b-aebe-70fabe75f1c0,""melaksanakan pengelolaan dokumen di bidang umum secara tertib, akurat, dan sesuai dengan ketentuan yang berlaku, meliputi pengumpulan, penginputan, pemutakhiran, verifikasi, serta pengarsipan data dan dokumen"",Kota Adm. Jakarta Pusat,,2,Aktif,2026-07-14,2026-07-28,""Program studi: Kearsipan, Kearsipan Digital, Administrasi Publik, Informasi, Perpustakaan & Kearsipan, Administrasi Perkantoran | Tingkat pendidikan: Sarjana, Diploma"",,2026-08-11T05:53:46Z";;
maganghub;a24176f2-0654-445a-96e8-473ffc1a77e9;https://maganghub.kemnaker.go.id/magang-nasional/lowongan/duta-layanan-a24176f2-0654-445a-96e8-473ffc1a77e9;7ba7131c-6109-44ab-a47c-05782e1f5773;KANIM KELAS II NON TPI KEDIRI;maganghub-7ba7131c-6109-44ab-a47c-05782e1f5773;DUTA LAYANAN;duta-layanan-a24176f2-0654-445a-96e8-473ffc1a77e9;"""1. Memberikan pelayanan langsung kepada masyarakat dengan ramah dan informatif. | 2. Menjawab pertanyaan serta membantu pengurusan layanan publik. | 3. Menyampaikan keluhan masyarakat kepada unit terkait. | 4. Menjaga citra positif lembaga.""";Kab. Kediri;;2;Aktif;14/07/2026;28/07/2026;Program studi: Komunikasi, Hubungan Masyarakat, Ilmu Komunikasi, Pariwisata | Tingkat pendidikan: Sarjana;;2026-08-11T05:53:48Z;"maganghub,a24176f2-0654-445a-96e8-473ffc1a77e9,https://maganghub.kemnaker.go.id/magang-nasional/lowongan/duta-layanan-a24176f2-0654-445a-96e8-473ffc1a77e9,7ba7131c-6109-44ab-a47c-05782e1f5773,KANIM KELAS II NON TPI KEDIRI,maganghub-7ba7131c-6109-44ab-a47c-05782e1f5773,DUTA LAYANAN,duta-layanan-a24176f2-0654-445a-96e8-473ffc1a77e9,""""""1. Memberikan pelayanan langsung kepada masyarakat dengan ramah dan informatif. | 2. Menjawab pertanyaan serta membantu pengurusan layanan publik. | 3. Menyampaikan keluhan masyarakat kepada unit terkait. | 4. Menjaga citra positif lembaga."""""",Kab. Kediri,,2,Aktif,2026-07-14,2026-07-28,""Program studi: Komunikasi, Hubungan Masyarakat, Ilmu Komunikasi, Pariwisata | Tingkat pendidikan: Sarjana"",,2026-08-11T05:53:48Z";;
maganghub;a243b0c8-b1f3-48e0-96ec-468371bf8390;https://maganghub.kemnaker.go.id/magang-nasional/lowongan/pengolah-data-dan-informasi-a243b0c8-b1f3-48e0-96ec-468371bf8390;07c0f0ff-c155-40fd-b01c-ca05deb62921;Pusat Pembiayaan Infrastruktur Transportasi;maganghub-07c0f0ff-c155-40fd-b01c-ca05deb62921;Pengolah Data dan Informasi;pengolah-data-dan-informasi-a243b0c8-b1f3-48e0-96ec-468371bf8390;Mendukung teknis pengelolaan data dan informasi harian untuk mempercepat adaptasi teknologi dan kemudahan akses informasi internal PPIT | • Mengumpulkan, menyortir, dan memverifikasi kelengkapan data. | • Membantu proses digitalisasi dokumen dan pengarsipan informasi elektronik. | • Mendukung operasional teknis dalam proses adaptasi sistem informasi atau aplikasi internal Kemenhub. | • Menyajikan data secara sistematis agar informasi mudah diakses oleh pimpinan maupun anggota tim.;Kota Adm. Jakarta Pusat;;2;Aktif;14/07/2026;28/07/2026;Program studi: Informatika, Ilmu Komputer, Manajemen, Sistem Informasi, Teknik Komputer | Tingkat pendidikan: Sarjana;;2026-08-11T05:53:50Z;"maganghub,a243b0c8-b1f3-48e0-96ec-468371bf8390,https://maganghub.kemnaker.go.id/magang-nasional/lowongan/pengolah-data-dan-informasi-a243b0c8-b1f3-48e0-96ec-468371bf8390,07c0f0ff-c155-40fd-b01c-ca05deb62921,Pusat Pembiayaan Infrastruktur Transportasi,maganghub-07c0f0ff-c155-40fd-b01c-ca05deb62921,Pengolah Data dan Informasi,pengolah-data-dan-informasi-a243b0c8-b1f3-48e0-96ec-468371bf8390,""Mendukung teknis pengelolaan data dan informasi harian untuk mempercepat adaptasi teknologi dan kemudahan akses informasi internal PPIT | • Mengumpulkan, menyortir, dan memverifikasi kelengkapan data. | • Membantu proses digitalisasi dokumen dan pengarsipan informasi elektronik. | • Mendukung operasional teknis dalam proses adaptasi sistem informasi atau aplikasi internal Kemenhub. | • Menyajikan data secara sistematis agar informasi mudah diakses oleh pimpinan maupun anggota tim."",Kota Adm. Jakarta Pusat,,2,Aktif,2026-07-14,2026-07-28,""Program studi: Informatika, Ilmu Komputer, Manajemen, Sistem Informasi, Teknik Komputer | Tingkat pendidikan: Sarjana"",,2026-08-11T05:53:50Z";;
maganghub;a243b28e-b15a-4087-885b-17a17a9e0609;https://maganghub.kemnaker.go.id/magang-nasional/lowongan/pranata-humas-a243b28e-b15a-4087-885b-17a17a9e0609;07c0f0ff-c155-40fd-b01c-ca05deb62921;Pusat Pembiayaan Infrastruktur Transportasi;maganghub-07c0f0ff-c155-40fd-b01c-ca05deb62921;Pranata Humas;pranata-humas-a243b28e-b15a-4087-885b-17a17a9e0609;"""Mendukung kegiatan komunikasi publik PPIT melalui produksi materi visual dan audio-visual, serta menyusun materi presentasi untuk kebutuhan tim/pimpinan. | • Memproduksi konten audio dan video untuk kebutuhan publikasi, dan media sosial. | • Membuat desain grafis untuk media komunikasi internal maupun eksternal. | • Menyusun dan mendesain deck (bahan paparan) untuk presentasi pimpinan. | Requirement: Mampu mengoperasikan perangkat desain dan editing dasar/menengah secara general (contoh: Photoshop, Canva, CapCut, atau tools sejenis).""";Kota Adm. Jakarta Pusat;;2;Aktif;14/07/2026;28/07/2026;Program studi: Multimedia, Manajemen Komunikasi, Hubungan Masyarakat, Ilmu Komunikasi, Desain Komunikasi Visual | Tingkat pendidikan: Sarjana;;2026-08-11T05:53:52Z;"maganghub,a243b28e-b15a-4087-885b-17a17a9e0609,https://maganghub.kemnaker.go.id/magang-nasional/lowongan/pranata-humas-a243b28e-b15a-4087-885b-17a17a9e0609,07c0f0ff-c155-40fd-b01c-ca05deb62921,Pusat Pembiayaan Infrastruktur Transportasi,maganghub-07c0f0ff-c155-40fd-b01c-ca05deb62921,Pranata Humas,pranata-humas-a243b28e-b15a-4087-885b-17a17a9e0609,""""""Mendukung kegiatan komunikasi publik PPIT melalui produksi materi visual dan audio-visual, serta menyusun materi presentasi untuk kebutuhan tim/pimpinan. | • Memproduksi konten audio dan video untuk kebutuhan publikasi, dan media sosial. | • Membuat desain grafis untuk media komunikasi internal maupun eksternal. | • Menyusun dan mendesain deck (bahan paparan) untuk presentasi pimpinan. | Requirement: Mampu mengoperasikan perangkat desain dan editing dasar/menengah secara general (contoh: Photoshop, Canva, CapCut, atau tools sejenis)."""""",Kota Adm. Jakarta Pusat,,2,Aktif,2026-07-14,2026-07-28,""Program studi: Multimedia, Manajemen Komunikasi, Hubungan Masyarakat, Ilmu Komunikasi, Desain Komunikasi Visual | Tingkat pendidikan: Sarjana"",,2026-08-11T05:53:52Z";;
maganghub;a2441583-52c4-4297-97d9-7b919acc14e4;https://maganghub.kemnaker.go.id/magang-nasional/lowongan/asisten-publisitas-dan-kehumasan-a2441583-52c4-4297-97d9-7b919acc14e4;9c6da723-c865-4ba5-a14e-57616af271c6;BPS Kabupaten Indragiri Hilir;maganghub-9c6da723-c865-4ba5-a14e-57616af271c6;Asisten Publisitas dan Kehumasan;asisten-publisitas-dan-kehumasan-a2441583-52c4-4297-97d9-7b919acc14e4;Mendukung kegiatan kehumasan seperti penyusunan publikasi, pengelolaan media sosial, dokumentasi kegiatan, penyusunan rilis informasi, serta membangun komunikasi internal dan eksternal.;Kab. Indragiri Hilir;;2;Aktif;14/07/2026;28/07/2026;Program studi: Jurnalistik, Ilmu Komunikasi, Desain Komunikasi Visual, Bahasa dan Sastra Indonesia, Manajemen Pemasaran/Marketing | Tingkat pendidikan: Sarjana, Diploma;;2026-08-11T05:53:54Z;"maganghub,a2441583-52c4-4297-97d9-7b919acc14e4,https://maganghub.kemnaker.go.id/magang-nasional/lowongan/asisten-publisitas-dan-kehumasan-a2441583-52c4-4297-97d9-7b919acc14e4,9c6da723-c865-4ba5-a14e-57616af271c6,BPS Kabupaten Indragiri Hilir,maganghub-9c6da723-c865-4ba5-a14e-57616af271c6,Asisten Publisitas dan Kehumasan,asisten-publisitas-dan-kehumasan-a2441583-52c4-4297-97d9-7b919acc14e4,""Mendukung kegiatan kehumasan seperti penyusunan publikasi, pengelolaan media sosial, dokumentasi kegiatan, penyusunan rilis informasi, serta membangun komunikasi internal dan eksternal."",Kab. Indragiri Hilir,,2,Aktif,2026-07-14,2026-07-28,""Program studi: Jurnalistik, Ilmu Komunikasi, Desain Komunikasi Visual, Bahasa dan Sastra Indonesia, Manajemen Pemasaran/Marketing | Tingkat pendidikan: Sarjana, Diploma"",,2026-08-11T05:53:54Z";;
maganghub;a243f951-0de9-4496-a42b-d76d5d6490c6;https://maganghub.kemnaker.go.id/magang-nasional/lowongan/asisten-statistisi-a243f951-0de9-4496-a42b-d76d5d6490c6;f230755c-7d25-433a-a73c-0c65fcb745ca;BPS Kabupaten Tebo;maganghub-f230755c-7d25-433a-a73c-0c65fcb745ca;Asisten Statistisi;asisten-statistisi-a243f951-0de9-4496-a42b-d76d5d6490c6;"Membantu pengumpulan, pengolahan, verifikasi, dan penyajian data statistik; mendukung kegiatan survei dan analisis data untuk menghasilkan informasi statistik yang akurat.";Kab. Tebo;;2;Aktif;14/07/2026;28/07/2026;Program studi: Sains Data, Ilmu Komputer, Aktuaria, Statistika, Matematika | Tingkat pendidikan: Diploma, Sarjana;;2026-08-11T05:53:56Z;"maganghub,a243f951-0de9-4496-a42b-d76d5d6490c6,https://maganghub.kemnaker.go.id/magang-nasional/lowongan/asisten-statistisi-a243f951-0de9-4496-a42b-d76d5d6490c6,f230755c-7d25-433a-a73c-0c65fcb745ca,BPS Kabupaten Tebo,maganghub-f230755c-7d25-433a-a73c-0c65fcb745ca,Asisten Statistisi,asisten-statistisi-a243f951-0de9-4496-a42b-d76d5d6490c6,""Membantu pengumpulan, pengolahan, verifikasi, dan penyajian data statistik";" mendukung kegiatan survei dan analisis data untuk menghasilkan informasi statistik yang akurat."",Kab. Tebo,,2,Aktif,2026-07-14,2026-07-28,""Program studi: Sains Data, Ilmu Komputer, Aktuaria, Statistika, Matematika | Tingkat pendidikan: Diploma, Sarjana"",,2026-08-11T05:53:56Z";
maganghub;a243fb75-e743-4bdd-a761-b5e02e322108;https://maganghub.kemnaker.go.id/magang-nasional/lowongan/asisten-publisitas-dan-kehumasan-a243fb75-e743-4bdd-a761-b5e02e322108;d45ec1e0-07c7-49df-9799-6cc81054c227;BPS Kabupaten Indragiri Hulu;maganghub-d45ec1e0-07c7-49df-9799-6cc81054c227;Asisten Publisitas dan Kehumasan;asisten-publisitas-dan-kehumasan-a243fb75-e743-4bdd-a761-b5e02e322108;Mendukung kegiatan kehumasan seperti penyusunan publikasi, pengelolaan media sosial, dokumentasi kegiatan, penyusunan rilis informasi, serta membangun komunikasi internal dan eksternal.;Kab. Indragiri Hulu;;2;Aktif;14/07/2026;28/07/2026;Program studi: Teknik Informatika, Multimedia, Desain Komunikasi Visual, Bisnis Digital | Tingkat pendidikan: Sarjana;;2026-08-11T05:53:58Z;"maganghub,a243fb75-e743-4bdd-a761-b5e02e322108,https://maganghub.kemnaker.go.id/magang-nasional/lowongan/asisten-publisitas-dan-kehumasan-a243fb75-e743-4bdd-a761-b5e02e322108,d45ec1e0-07c7-49df-9799-6cc81054c227,BPS Kabupaten Indragiri Hulu,maganghub-d45ec1e0-07c7-49df-9799-6cc81054c227,Asisten Publisitas dan Kehumasan,asisten-publisitas-dan-kehumasan-a243fb75-e743-4bdd-a761-b5e02e322108,""Mendukung kegiatan kehumasan seperti penyusunan publikasi, pengelolaan media sosial, dokumentasi kegiatan, penyusunan rilis informasi, serta membangun komunikasi internal dan eksternal."",Kab. Indragiri Hulu,,2,Aktif,2026-07-14,2026-07-28,""Program studi: Teknik Informatika, Multimedia, Desain Komunikasi Visual, Bisnis Digital | Tingkat pendidikan: Sarjana"",,2026-08-11T05:53:58Z";;
maganghub;a241b961-b353-4176-a6f3-b18c17d7d0d7;https://maganghub.kemnaker.go.id/magang-nasional/lowongan/production-intern-laundry-laser-team-a241b961-b353-4176-a6f3-b18c17d7d0d7;019f1640-be80-7322-a65e-dd847a26ba59;PT. Eratex Djaja Tbk.;maganghub-019f1640-be80-7322-a65e-dd847a26ba59;Production Intern (Laundry-Laser team);production-intern-laundry-laser-team-a241b961-b353-4176-a6f3-b18c17d7d0d7;Peserta magang pada Departemen Laser bertugas membantu proses pengembangan desain, persiapan program laser, serta mendukung aktivitas operasional produksi berbasis teknologi laser pada industri garmen. Peserta akan mempelajari alur kerja laser mulai dari pengenalan teknologi laser, pembuatan desain, penggunaan software mesin laser, proses pengembangan sample, hingga mendukung implementasi desain laser pada proses produksi aktual. | Peserta magang akan membantu tim Laser dalam melakukan persiapan file desain, setting parameter mesin, proses trial/sample development, pengecekan hasil proses laser, dokumentasi hasil produksi, serta mendukung peningkatan efisiensi dan kualitas proses laser sesuai standar perusahaan.;Kota Probolinggo;;2;Aktif;14/07/2026;28/07/2026;Program studi: Desain Grafis | Tingkat pendidikan: Sarjana, Diploma;wlk.prb@eratex.co.id;2026-08-11T05:54:02Z;"maganghub,a241b961-b353-4176-a6f3-b18c17d7d0d7,https://maganghub.kemnaker.go.id/magang-nasional/lowongan/production-intern-laundry-laser-team-a241b961-b353-4176-a6f3-b18c17d7d0d7,019f1640-be80-7322-a65e-dd847a26ba59,PT. Eratex Djaja Tbk.,maganghub-019f1640-be80-7322-a65e-dd847a26ba59,Production Intern (Laundry-Laser team),production-intern-laundry-laser-team-a241b961-b353-4176-a6f3-b18c17d7d0d7,""Peserta magang pada Departemen Laser bertugas membantu proses pengembangan desain, persiapan program laser, serta mendukung aktivitas operasional produksi berbasis teknologi laser pada industri garmen. Peserta akan mempelajari alur kerja laser mulai dari pengenalan teknologi laser, pembuatan desain, penggunaan software mesin laser, proses pengembangan sample, hingga mendukung implementasi desain laser pada proses produksi aktual. | Peserta magang akan membantu tim Laser dalam melakukan persiapan file desain, setting parameter mesin, proses trial/sample development, pengecekan hasil proses laser, dokumentasi hasil produksi, serta mendukung peningkatan efisiensi dan kualitas proses laser sesuai standar perusahaan."",Kota Probolinggo,,2,Aktif,2026-07-14,2026-07-28,""Program studi: Desain Grafis | Tingkat pendidikan: Sarjana, Diploma"",wlk.prb@eratex.co.id,2026-08-11T05:54:02Z";;
maganghub;a241bb41-cee6-4108-978b-a8318e30835c;https://maganghub.kemnaker.go.id/magang-nasional/lowongan/production-intern-laundry-production-a241bb41-cee6-4108-978b-a8318e30835c;019f1640-be80-7322-a65e-dd847a26ba59;PT. Eratex Djaja Tbk.;maganghub-019f1640-be80-7322-a65e-dd847a26ba59;Production Intern (Laundry-Production);production-intern-laundry-production-a241bb41-cee6-4108-978b-a8318e30835c;Peserta magang pada Departemen Laundry bertugas membantu proses operasional dan pengembangan proses pencucian garment melalui penerapan prinsip-prinsip teknik kimia, khususnya terkait proses kimia laundry, pengendalian parameter proses, penggunaan bahan kimia, serta peningkatan kualitas hasil washing. | Peserta akan mempelajari alur proses laundry garment mulai dari penerimaan material, proses washing, penggunaan chemical, pengaturan parameter proses (suhu, waktu, chemical dosage, pH, dan water ratio), hingga evaluasi kualitas hasil proses. Peserta juga akan mendukung kegiatan pengujian laboratorium sederhana, monitoring konsumsi chemical, analisa proses, dokumentasi data produksi, serta improvement untuk meningkatkan efisiensi proses, kualitas produk, dan aspek keselamatan kerja.;Kota Probolinggo;;2;Aktif;14/07/2026;28/07/2026;Program studi: Teknik Kimia | Tingkat pendidikan: Sarjana, Diploma;wlk.prb@eratex.co.id;2026-08-11T05:54:04Z;"maganghub,a241bb41-cee6-4108-978b-a8318e30835c,https://maganghub.kemnaker.go.id/magang-nasional/lowongan/production-intern-laundry-production-a241bb41-cee6-4108-978b-a8318e30835c,019f1640-be80-7322-a65e-dd847a26ba59,PT. Eratex Djaja Tbk.,maganghub-019f1640-be80-7322-a65e-dd847a26ba59,Production Intern (Laundry-Production),production-intern-laundry-production-a241bb41-cee6-4108-978b-a8318e30835c,""Peserta magang pada Departemen Laundry bertugas membantu proses operasional dan pengembangan proses pencucian garment melalui penerapan prinsip-prinsip teknik kimia, khususnya terkait proses kimia laundry, pengendalian parameter proses, penggunaan bahan kimia, serta peningkatan kualitas hasil washing. | Peserta akan mempelajari alur proses laundry garment mulai dari penerimaan material, proses washing, penggunaan chemical, pengaturan parameter proses (suhu, waktu, chemical dosage, pH, dan water ratio), hingga evaluasi kualitas hasil proses. Peserta juga akan mendukung kegiatan pengujian laboratorium sederhana, monitoring konsumsi chemical, analisa proses, dokumentasi data produksi, serta improvement untuk meningkatkan efisiensi proses, kualitas produk, dan aspek keselamatan kerja."",Kota Probolinggo,,2,Aktif,2026-07-14,2026-07-28,""Program studi: Teknik Kimia | Tingkat pendidikan: Sarjana, Diploma"",wlk.prb@eratex.co.id,2026-08-11T05:54:04Z";;
maganghub;a241b730-e44f-4153-8e63-25fb1a812d20;https://maganghub.kemnaker.go.id/magang-nasional/lowongan/ie-intern-a241b730-e44f-4153-8e63-25fb1a812d20;019f1640-be80-7322-a65e-dd847a26ba59;PT. Eratex Djaja Tbk.;maganghub-019f1640-be80-7322-a65e-dd847a26ba59;IE Intern;ie-intern-a241b730-e44f-4153-8e63-25fb1a812d20;Membantu Departemen Industrial Engineering (IE) dalam melakukan analisis dan peningkatan efisiensi proses produksi melalui pengumpulan dan pengolahan data produksi, pengukuran waktu kerja (time study), analisis gerakan kerja (motion study), perhitungan kapasitas produksi, line balancing, serta identifikasi peluang perbaikan proses. Peserta magang mendukung kegiatan peningkatan produktivitas, pengurangan pemborosan (waste reduction), implementasi konsep Lean Manufacturing, serta penyusunan laporan analisis untuk mendukung pencapaian target produksi perusahaan. | Selama program magang, peserta akan mempelajari proses manufaktur garmen secara menyeluruh, metode kerja produksi, analisis produktivitas operator, optimalisasi alur produksi, serta penerapan continuous improvement untuk meningkatkan efisiensi, kualitas, dan efektivitas operasional produksi.;Kota Probolinggo;;2;Aktif;14/07/2026;28/07/2026;Program studi: Teknik Informatika | Tingkat pendidikan: Sarjana, Diploma;wlk.prb@eratex.co.id;2026-08-11T05:54:06Z;"maganghub,a241b730-e44f-4153-8e63-25fb1a812d20,https://maganghub.kemnaker.go.id/magang-nasional/lowongan/ie-intern-a241b730-e44f-4153-8e63-25fb1a812d20,019f1640-be80-7322-a65e-dd847a26ba59,PT. Eratex Djaja Tbk.,maganghub-019f1640-be80-7322-a65e-dd847a26ba59,IE Intern,ie-intern-a241b730-e44f-4153-8e63-25fb1a812d20,""Membantu Departemen Industrial Engineering (IE) dalam melakukan analisis dan peningkatan efisiensi proses produksi melalui pengumpulan dan pengolahan data produksi, pengukuran waktu kerja (time study), analisis gerakan kerja (motion study), perhitungan kapasitas produksi, line balancing, serta identifikasi peluang perbaikan proses. Peserta magang mendukung kegiatan peningkatan produktivitas, pengurangan pemborosan (waste reduction), implementasi konsep Lean Manufacturing, serta penyusunan laporan analisis untuk mendukung pencapaian target produksi perusahaan. | Selama program magang, peserta akan mempelajari proses manufaktur garmen secara menyeluruh, metode kerja produksi, analisis produktivitas operator, optimalisasi alur produksi, serta penerapan continuous improvement untuk meningkatkan efisiensi, kualitas, dan efektivitas operasional produksi."",Kota Probolinggo,,2,Aktif,2026-07-14,2026-07-28,""Program studi: Teknik Informatika | Tingkat pendidikan: Sarjana, Diploma"",wlk.prb@eratex.co.id,2026-08-11T05:54:06Z";;
maganghub;a241b6d0-f5e5-44b2-94bf-b4da606d3e7f;https://maganghub.kemnaker.go.id/magang-nasional/lowongan/ie-intern-a241b6d0-f5e5-44b2-94bf-b4da606d3e7f;019f1640-be80-7322-a65e-dd847a26ba59;PT. Eratex Djaja Tbk.;maganghub-019f1640-be80-7322-a65e-dd847a26ba59;IE Intern;ie-intern-a241b6d0-f5e5-44b2-94bf-b4da606d3e7f;Membantu Departemen Industrial Engineering (IE) dalam melakukan analisis dan peningkatan efisiensi proses produksi melalui pengumpulan dan pengolahan data produksi, pengukuran waktu kerja (time study), analisis gerakan kerja (motion study), perhitungan kapasitas produksi, line balancing, serta identifikasi peluang perbaikan proses. Peserta magang mendukung kegiatan peningkatan produktivitas, pengurangan pemborosan (waste reduction), implementasi konsep Lean Manufacturing, serta penyusunan laporan analisis untuk mendukung pencapaian target produksi perusahaan. | Selama program magang, peserta akan mempelajari proses manufaktur garmen secara menyeluruh, metode kerja produksi, analisis produktivitas operator, optimalisasi alur produksi, serta penerapan continuous improvement untuk meningkatkan efisiensi, kualitas, dan efektivitas operasional produksi.;Kota Probolinggo;;2;Aktif;14/07/2026;28/07/2026;Program studi: Teknik Industri | Tingkat pendidikan: Sarjana, Diploma;wlk.prb@eratex.co.id;2026-08-11T05:54:08Z;"maganghub,a241b6d0-f5e5-44b2-94bf-b4da606d3e7f,https://maganghub.kemnaker.go.id/magang-nasional/lowongan/ie-intern-a241b6d0-f5e5-44b2-94bf-b4da606d3e7f,019f1640-be80-7322-a65e-dd847a26ba59,PT. Eratex Djaja Tbk.,maganghub-019f1640-be80-7322-a65e-dd847a26ba59,IE Intern,ie-intern-a241b6d0-f5e5-44b2-94bf-b4da606d3e7f,""Membantu Departemen Industrial Engineering (IE) dalam melakukan analisis dan peningkatan efisiensi proses produksi melalui pengumpulan dan pengolahan data produksi, pengukuran waktu kerja (time study), analisis gerakan kerja (motion study), perhitungan kapasitas produksi, line balancing, serta identifikasi peluang perbaikan proses. Peserta magang mendukung kegiatan peningkatan produktivitas, pengurangan pemborosan (waste reduction), implementasi konsep Lean Manufacturing, serta penyusunan laporan analisis untuk mendukung pencapaian target produksi perusahaan. | Selama program magang, peserta akan mempelajari proses manufaktur garmen secara menyeluruh, metode kerja produksi, analisis produktivitas operator, optimalisasi alur produksi, serta penerapan continuous improvement untuk meningkatkan efisiensi, kualitas, dan efektivitas operasional produksi."",Kota Probolinggo,,2,Aktif,2026-07-14,2026-07-28,""Program studi: Teknik Industri | Tingkat pendidikan: Sarjana, Diploma"",wlk.prb@eratex.co.id,2026-08-11T05:54:08Z";;
maganghub;a241bb72-6d1b-4cca-91da-9ea3db922b6b;https://maganghub.kemnaker.go.id/magang-nasional/lowongan/production-intern-laundry-production-a241bb72-6d1b-4cca-91da-9ea3db922b6b;019f1640-be80-7322-a65e-dd847a26ba59;PT. Eratex Djaja Tbk.;maganghub-019f1640-be80-7322-a65e-dd847a26ba59;Production Intern (Laundry-Production);production-intern-laundry-production-a241bb72-6d1b-4cca-91da-9ea3db922b6b;Peserta magang pada Departemen Laundry bertugas membantu proses operasional dan pengembangan proses pencucian garment melalui penerapan prinsip-prinsip teknik kimia, khususnya terkait proses kimia laundry, pengendalian parameter proses, penggunaan bahan kimia, serta peningkatan kualitas hasil washing. | Peserta akan mempelajari alur proses laundry garment mulai dari penerimaan material, proses washing, penggunaan chemical, pengaturan parameter proses (suhu, waktu, chemical dosage, pH, dan water ratio), hingga evaluasi kualitas hasil proses. Peserta juga akan mendukung kegiatan pengujian laboratorium sederhana, monitoring konsumsi chemical, analisa proses, dokumentasi data produksi, serta improvement untuk meningkatkan efisiensi proses, kualitas produk, dan aspek keselamatan kerja.;Kota Probolinggo;;2;Aktif;14/07/2026;28/07/2026;Program studi: Teknik Industri | Tingkat pendidikan: Sarjana, Diploma;wlk.prb@eratex.co.id;2026-08-11T05:54:10Z;"maganghub,a241bb72-6d1b-4cca-91da-9ea3db922b6b,https://maganghub.kemnaker.go.id/magang-nasional/lowongan/production-intern-laundry-production-a241bb72-6d1b-4cca-91da-9ea3db922b6b,019f1640-be80-7322-a65e-dd847a26ba59,PT. Eratex Djaja Tbk.,maganghub-019f1640-be80-7322-a65e-dd847a26ba59,Production Intern (Laundry-Production),production-intern-laundry-production-a241bb72-6d1b-4cca-91da-9ea3db922b6b,""Peserta magang pada Departemen Laundry bertugas membantu proses operasional dan pengembangan proses pencucian garment melalui penerapan prinsip-prinsip teknik kimia, khususnya terkait proses kimia laundry, pengendalian parameter proses, penggunaan bahan kimia, serta peningkatan kualitas hasil washing. | Peserta akan mempelajari alur proses laundry garment mulai dari penerimaan material, proses washing, penggunaan chemical, pengaturan parameter proses (suhu, waktu, chemical dosage, pH, dan water ratio), hingga evaluasi kualitas hasil proses. Peserta juga akan mendukung kegiatan pengujian laboratorium sederhana, monitoring konsumsi chemical, analisa proses, dokumentasi data produksi, serta improvement untuk meningkatkan efisiensi proses, kualitas produk, dan aspek keselamatan kerja."",Kota Probolinggo,,2,Aktif,2026-07-14,2026-07-28,""Program studi: Teknik Industri | Tingkat pendidikan: Sarjana, Diploma"",wlk.prb@eratex.co.id,2026-08-11T05:54:10Z";;
maganghub;a241ab4d-c716-4502-b71f-6667787e7e76;https://maganghub.kemnaker.go.id/magang-nasional/lowongan/compliance-&-hse-intern-a241ab4d-c716-4502-b71f-6667787e7e76;019f1640-be80-7322-a65e-dd847a26ba59;PT. Eratex Djaja Tbk.;maganghub-019f1640-be80-7322-a65e-dd847a26ba59;Compliance & HSE Intern;compliance-hse-intern-a241ab4d-c716-4502-b71f-6667787e7e76;Membantu tim Compliance Officer dan Health, Safety & Environment (HSE) dalam mendukung penerapan sistem manajemen keselamatan dan kesehatan kerja (K3), kepatuhan terhadap peraturan perundang-undangan, pelaksanaan inspeksi dan identifikasi bahaya, pengelolaan dokumentasi HSE, serta penyusunan laporan dan kegiatan peningkatan budaya keselamatan kerja. Selama program magang, peserta akan mempelajari penerapan standar K3 dan kepatuhan (compliance) untuk mendukung terciptanya lingkungan kerja yang aman, sehat, dan sesuai dengan ketentuan yang berlaku.;Kota Probolinggo;;2;Aktif;14/07/2026;28/07/2026;Program studi: Keselamatan Dan Kesehatan Kerja | Tingkat pendidikan: Sarjana, Diploma;wlk.prb@eratex.co.id;2026-08-11T05:54:12Z;"maganghub,a241ab4d-c716-4502-b71f-6667787e7e76,https://maganghub.kemnaker.go.id/magang-nasional/lowongan/compliance-&-hse-intern-a241ab4d-c716-4502-b71f-6667787e7e76,019f1640-be80-7322-a65e-dd847a26ba59,PT. Eratex Djaja Tbk.,maganghub-019f1640-be80-7322-a65e-dd847a26ba59,Compliance & HSE Intern,compliance-hse-intern-a241ab4d-c716-4502-b71f-6667787e7e76,""Membantu tim Compliance Officer dan Health, Safety & Environment (HSE) dalam mendukung penerapan sistem manajemen keselamatan dan kesehatan kerja (K3), kepatuhan terhadap peraturan perundang-undangan, pelaksanaan inspeksi dan identifikasi bahaya, pengelolaan dokumentasi HSE, serta penyusunan laporan dan kegiatan peningkatan budaya keselamatan kerja. Selama program magang, peserta akan mempelajari penerapan standar K3 dan kepatuhan (compliance) untuk mendukung terciptanya lingkungan kerja yang aman, sehat, dan sesuai dengan ketentuan yang berlaku."",Kota Probolinggo,,2,Aktif,2026-07-14,2026-07-28,""Program studi: Keselamatan Dan Kesehatan Kerja | Tingkat pendidikan: Sarjana, Diploma"",wlk.prb@eratex.co.id,2026-08-11T05:54:12Z";;
maganghub;a241ae53-fd64-4b13-9660-22d9dfe4d08b;https://maganghub.kemnaker.go.id/magang-nasional/lowongan/hrga-intern-a241ae53-fd64-4b13-9660-22d9dfe4d08b;019f1640-be80-7322-a65e-dd847a26ba59;PT. Eratex Djaja Tbk.;maganghub-019f1640-be80-7322-a65e-dd847a26ba59;HRGA Intern;hrga-intern-a241ae53-fd64-4b13-9660-22d9dfe4d08b;Membantu Departemen Human Resources & General Affairs (HRGA) dalam mendukung pelaksanaan administrasi sumber daya manusia, rekrutmen dan seleksi, pelatihan dan pengembangan karyawan, hubungan industrial, kegiatan Corporate Social Responsibility (CSR), administrasi legal perusahaan, serta operasional General Affairs. Peserta magang juga membantu pengelolaan data dan dokumen, koordinasi kegiatan internal perusahaan, penyusunan laporan, serta mendukung implementasi kebijakan perusahaan sesuai dengan peraturan ketenagakerjaan dan perundang-undangan yang berlaku. Selama program magang, peserta akan memperoleh pemahaman mengenai pengelolaan sumber daya manusia, tata kelola administrasi perusahaan, serta pengembangan organisasi dalam mendukung operasional industri manufaktur.;Kota Probolinggo;;2;Aktif;14/07/2026;28/07/2026;Program studi: Psikologi | Tingkat pendidikan: Sarjana, Diploma;wlk.prb@eratex.co.id;2026-08-11T05:54:14Z;"maganghub,a241ae53-fd64-4b13-9660-22d9dfe4d08b,https://maganghub.kemnaker.go.id/magang-nasional/lowongan/hrga-intern-a241ae53-fd64-4b13-9660-22d9dfe4d08b,019f1640-be80-7322-a65e-dd847a26ba59,PT. Eratex Djaja Tbk.,maganghub-019f1640-be80-7322-a65e-dd847a26ba59,HRGA Intern,hrga-intern-a241ae53-fd64-4b13-9660-22d9dfe4d08b,""Membantu Departemen Human Resources & General Affairs (HRGA) dalam mendukung pelaksanaan administrasi sumber daya manusia, rekrutmen dan seleksi, pelatihan dan pengembangan karyawan, hubungan industrial, kegiatan Corporate Social Responsibility (CSR), administrasi legal perusahaan, serta operasional General Affairs. Peserta magang juga membantu pengelolaan data dan dokumen, koordinasi kegiatan internal perusahaan, penyusunan laporan, serta mendukung implementasi kebijakan perusahaan sesuai dengan peraturan ketenagakerjaan dan perundang-undangan yang berlaku. Selama program magang, peserta akan memperoleh pemahaman mengenai pengelolaan sumber daya manusia, tata kelola administrasi perusahaan, serta pengembangan organisasi dalam mendukung operasional industri manufaktur."",Kota Probolinggo,,2,Aktif,2026-07-14,2026-07-28,""Program studi: Psikologi | Tingkat pendidikan: Sarjana, Diploma"",wlk.prb@eratex.co.id,2026-08-11T05:54:14Z";;
maganghub;a241a306-3870-47d6-995a-c08c22711414;https://maganghub.kemnaker.go.id/magang-nasional/lowongan/hr-intern-a241a306-3870-47d6-995a-c08c22711414;019f1640-be80-7322-a65e-dd847a26ba59;PT. Eratex Djaja Tbk.;maganghub-019f1640-be80-7322-a65e-dd847a26ba59;HR Intern;hr-intern-a241a306-3870-47d6-995a-c08c22711414;Membantu Departemen Human Resources (HR) dalam pelaksanaan administrasi kepegawaian, pengelolaan data karyawan, proses rekrutmen dan seleksi, administrasi absensi, pelaksanaan program pelatihan dan pengembangan karyawan, serta mendukung kegiatan hubungan industrial sesuai dengan kebijakan perusahaan dan ketentuan peraturan ketenagakerjaan. Selama program magang, peserta akan mempelajari fungsi strategis dan operasional Human Resources serta memperoleh pengalaman praktik dalam mendukung proses pengelolaan sumber daya manusia di perusahaan.;Kota Probolinggo;;2;Aktif;14/07/2026;28/07/2026;Program studi: Manajemen Sumber Daya Manusia | Tingkat pendidikan: Sarjana, Diploma;wlk.prb@eratex.co.id;2026-08-11T05:54:16Z;"maganghub,a241a306-3870-47d6-995a-c08c22711414,https://maganghub.kemnaker.go.id/magang-nasional/lowongan/hr-intern-a241a306-3870-47d6-995a-c08c22711414,019f1640-be80-7322-a65e-dd847a26ba59,PT. Eratex Djaja Tbk.,maganghub-019f1640-be80-7322-a65e-dd847a26ba59,HR Intern,hr-intern-a241a306-3870-47d6-995a-c08c22711414,""Membantu Departemen Human Resources (HR) dalam pelaksanaan administrasi kepegawaian, pengelolaan data karyawan, proses rekrutmen dan seleksi, administrasi absensi, pelaksanaan program pelatihan dan pengembangan karyawan, serta mendukung kegiatan hubungan industrial sesuai dengan kebijakan perusahaan dan ketentuan peraturan ketenagakerjaan. Selama program magang, peserta akan mempelajari fungsi strategis dan operasional Human Resources serta memperoleh pengalaman praktik dalam mendukung proses pengelolaan sumber daya manusia di perusahaan."",Kota Probolinggo,,2,Aktif,2026-07-14,2026-07-28,""Program studi: Manajemen Sumber Daya Manusia | Tingkat pendidikan: Sarjana, Diploma"",wlk.prb@eratex.co.id,2026-08-11T05:54:16Z";;
maganghub;a2417949-0c4e-4011-bd3c-bb27356a4045;https://maganghub.kemnaker.go.id/magang-nasional/lowongan/production-intern-sewing-g1-a2417949-0c4e-4011-bd3c-bb27356a4045;019f1640-be80-7322-a65e-dd847a26ba59;PT. Eratex Djaja Tbk.;maganghub-019f1640-be80-7322-a65e-dd847a26ba59;Production Intern (Sewing G1);production-intern-sewing-g1-a2417949-0c4e-4011-bd3c-bb27356a4045;Membantu Departemen Sewing dalam mempelajari dan mendukung proses produksi garmen mulai dari tahap persiapan (preparation), proses sewing, hingga penyelesaian (closing order) sesuai dengan Standar Operasional Prosedur (SOP) perusahaan. Peserta magang juga membantu pemantauan pencapaian target produksi, kualitas, efisiensi, serta pengolahan data dan evaluasi kinerja produksi untuk mendukung kelancaran operasional dan implementasi program continuous improvement.;Kota Probolinggo;;2;Aktif;14/07/2026;28/07/2026;Program studi: Manajemen Industri | Tingkat pendidikan: Sarjana, Diploma;wlk.prb@eratex.co.id;2026-08-11T05:54:18Z;"maganghub,a2417949-0c4e-4011-bd3c-bb27356a4045,https://maganghub.kemnaker.go.id/magang-nasional/lowongan/production-intern-sewing-g1-a2417949-0c4e-4011-bd3c-bb27356a4045,019f1640-be80-7322-a65e-dd847a26ba59,PT. Eratex Djaja Tbk.,maganghub-019f1640-be80-7322-a65e-dd847a26ba59,Production Intern (Sewing G1),production-intern-sewing-g1-a2417949-0c4e-4011-bd3c-bb27356a4045,""Membantu Departemen Sewing dalam mempelajari dan mendukung proses produksi garmen mulai dari tahap persiapan (preparation), proses sewing, hingga penyelesaian (closing order) sesuai dengan Standar Operasional Prosedur (SOP) perusahaan. Peserta magang juga membantu pemantauan pencapaian target produksi, kualitas, efisiensi, serta pengolahan data dan evaluasi kinerja produksi untuk mendukung kelancaran operasional dan implementasi program continuous improvement."",Kota Probolinggo,,2,Aktif,2026-07-14,2026-07-28,""Program studi: Manajemen Industri | Tingkat pendidikan: Sarjana, Diploma"",wlk.prb@eratex.co.id,2026-08-11T05:54:18Z";;
maganghub;a241994b-aa9f-4607-92bc-27121f9019a1;https://maganghub.kemnaker.go.id/magang-nasional/lowongan/ppic-intern-a241994b-aa9f-4607-92bc-27121f9019a1;019f1640-be80-7322-a65e-dd847a26ba59;PT. Eratex Djaja Tbk.;maganghub-019f1640-be80-7322-a65e-dd847a26ba59;PPIC Intern;ppic-intern-a241994b-aa9f-4607-92bc-27121f9019a1;Membantu Departemen Production Planning & Inventory Control (PPIC) dalam mendukung kegiatan perencanaan produksi, pengendalian persediaan material, monitoring proses produksi dan pengiriman, pengolahan data operasional, serta penyusunan laporan untuk memastikan kelancaran proses produksi dan ketepatan waktu pengiriman sesuai target perusahaan.;Kota Probolinggo;;2;Aktif;14/07/2026;28/07/2026;Program studi: Manajemen Bisnis | Tingkat pendidikan: Sarjana, Diploma;wlk.prb@eratex.co.id;2026-08-11T05:54:20Z;"maganghub,a241994b-aa9f-4607-92bc-27121f9019a1,https://maganghub.kemnaker.go.id/magang-nasional/lowongan/ppic-intern-a241994b-aa9f-4607-92bc-27121f9019a1,019f1640-be80-7322-a65e-dd847a26ba59,PT. Eratex Djaja Tbk.,maganghub-019f1640-be80-7322-a65e-dd847a26ba59,PPIC Intern,ppic-intern-a241994b-aa9f-4607-92bc-27121f9019a1,""Membantu Departemen Production Planning & Inventory Control (PPIC) dalam mendukung kegiatan perencanaan produksi, pengendalian persediaan material, monitoring proses produksi dan pengiriman, pengolahan data operasional, serta penyusunan laporan untuk memastikan kelancaran proses produksi dan ketepatan waktu pengiriman sesuai target perusahaan."",Kota Probolinggo,,2,Aktif,2026-07-14,2026-07-28,""Program studi: Manajemen Bisnis | Tingkat pendidikan: Sarjana, Diploma"",wlk.prb@eratex.co.id,2026-08-11T05:54:20Z";;
maganghub;a2408ec9-4527-4de0-abe4-b9cf3a59e596;https://maganghub.kemnaker.go.id/magang-nasional/lowongan/production-intern-cutting-a2408ec9-4527-4de0-abe4-b9cf3a59e596;019f1640-be80-7322-a65e-dd847a26ba59;PT. Eratex Djaja Tbk.;maganghub-019f1640-be80-7322-a65e-dd847a26ba59;Production Intern (Cutting);production-intern-cutting-a2408ec9-4527-4de0-abe4-b9cf3a59e596;Membantu Departemen Produksi dalam melakukan analisis proses produksi, pemantauan kinerja operasional, serta pengolahan data produksi untuk mendukung peningkatan produktivitas, efisiensi, kualitas, dan pencapaian target produksi. Peserta magang juga berpartisipasi dalam kegiatan evaluasi proses, identifikasi masalah, serta implementasi program perbaikan berkelanjutan (continuous improvement).;Kota Probolinggo;;2;Aktif;14/07/2026;28/07/2026;Program studi: Manajemen Industri | Tingkat pendidikan: Sarjana, Diploma;wlk.prb@eratex.co.id;2026-08-11T05:54:22Z;"maganghub,a2408ec9-4527-4de0-abe4-b9cf3a59e596,https://maganghub.kemnaker.go.id/magang-nasional/lowongan/production-intern-cutting-a2408ec9-4527-4de0-abe4-b9cf3a59e596,019f1640-be80-7322-a65e-dd847a26ba59,PT. Eratex Djaja Tbk.,maganghub-019f1640-be80-7322-a65e-dd847a26ba59,Production Intern (Cutting),production-intern-cutting-a2408ec9-4527-4de0-abe4-b9cf3a59e596,""Membantu Departemen Produksi dalam melakukan analisis proses produksi, pemantauan kinerja operasional, serta pengolahan data produksi untuk mendukung peningkatan produktivitas, efisiensi, kualitas, dan pencapaian target produksi. Peserta magang juga berpartisipasi dalam kegiatan evaluasi proses, identifikasi masalah, serta implementasi program perbaikan berkelanjutan (continuous improvement)."",Kota Probolinggo,,2,Aktif,2026-07-14,2026-07-28,""Program studi: Manajemen Industri | Tingkat pendidikan: Sarjana, Diploma"",wlk.prb@eratex.co.id,2026-08-11T05:54:22Z";;
maganghub;a23f0325-e693-4081-b3dc-5f7843a31afc;https://maganghub.kemnaker.go.id/magang-nasional/lowongan/legal-aid-intern-a23f0325-e693-4081-b3dc-5f7843a31afc;ed5bf5aa-ab12-4550-94e1-608a4df3a7d3;PT. Angkasa Pura Indonesia;maganghub-ed5bf5aa-ab12-4550-94e1-608a4df3a7d3;Legal Aid Intern;legal-aid-intern-a23f0325-e693-4081-b3dc-5f7843a31afc;"1. Menyusun pelaksanaan litigasi dan non-litigasi; | 2. Melaksanakan pemberian layanan konsultasi hukum (meliputi namun tidak terbatas pada bantuan hukum, pendapat hukum, advokasi, dan pendampingan hukum); | 3. Menyusun pelaksanaan terhadap retainer lawyer dan/atau konsultasi hukum.";Kota Tangerang;;2;Aktif;14/07/2026;28/07/2026;Program studi: Ilmu Hukum | Tingkat pendidikan: Sarjana;contact@injourneyairports.id;2026-08-11T05:54:24Z;"maganghub,a23f0325-e693-4081-b3dc-5f7843a31afc,https://maganghub.kemnaker.go.id/magang-nasional/lowongan/legal-aid-intern-a23f0325-e693-4081-b3dc-5f7843a31afc,ed5bf5aa-ab12-4550-94e1-608a4df3a7d3,PT. Angkasa Pura Indonesia,maganghub-ed5bf5aa-ab12-4550-94e1-608a4df3a7d3,Legal Aid Intern,legal-aid-intern-a23f0325-e693-4081-b3dc-5f7843a31afc,""1. Menyusun pelaksanaan litigasi dan non-litigasi"; | 2. Melaksanakan pemberian layanan konsultasi hukum (meliputi namun tidak terbatas pada bantuan hukum, pendapat hukum, advokasi, dan pendampingan hukum);" | 3. Menyusun pelaksanaan terhadap retainer lawyer dan/atau konsultasi hukum."",Kota Tangerang,,2,Aktif,2026-07-14,2026-07-28,Program studi: Ilmu Hukum | Tingkat pendidikan: Sarjana,contact@injourneyairports.id,2026-08-11T05:54:24Z"
maganghub;a236db56-ac3b-4f4d-9449-40bbe593ed14;https://maganghub.kemnaker.go.id/magang-nasional/lowongan/revenue-intern-a236db56-ac3b-4f4d-9449-40bbe593ed14;0c35ab26-08a0-4101-bd68-e1a20b2ae8b0;PT. Mitra Global Holiday;maganghub-0c35ab26-08a0-4101-bd68-e1a20b2ae8b0;Revenue Intern;revenue-intern-a236db56-ac3b-4f4d-9449-40bbe593ed14;1. Pemetaan Tipe Kamar dan Harga (Room Type & Rate Mapping) | Memastikan setiap tipe hotel dan kamar terpetakan dengan akurat. Tingkat akurasi pemetaan ini berpengaruh langsung terhadap efektivitas pengelolaan inventaris. | 2. Pengelolaan Inventaris dan Sinkronisasi Ketersediaan (Inventory Management & Availability Sync) | Mengatur jumlah hotel dan kamar yang tersedia di berbagai saluran distribusi, seperti OTA dan sistem agen, agar selalu sinkron dan terbaru. | 3. Pemetaan Konten dan Pengendalian Kualitas (Content Mapping & Quality Control) | Mengelola konten hotel dan kamar yang ditampilkan, serta memastikan nama, alamat, dan koordinat (longitude & latitude) hotel sesuai dengan data di Google dan situs resmi hotel.;Kota Adm. Jakarta Pusat;;2;Aktif;14/07/2026;28/07/2026;Program studi: Administrasi, Manajemen Perhotelan, Usaha Perjalanan Pariwisata, Pariwisata | Tingkat pendidikan: Diploma, Sarjana;hans.tjandra@mgholidaygroup.com;2026-08-11T05:54:26Z;"maganghub,a236db56-ac3b-4f4d-9449-40bbe593ed14,https://maganghub.kemnaker.go.id/magang-nasional/lowongan/revenue-intern-a236db56-ac3b-4f4d-9449-40bbe593ed14,0c35ab26-08a0-4101-bd68-e1a20b2ae8b0,PT. Mitra Global Holiday,maganghub-0c35ab26-08a0-4101-bd68-e1a20b2ae8b0,Revenue Intern,revenue-intern-a236db56-ac3b-4f4d-9449-40bbe593ed14,""1. Pemetaan Tipe Kamar dan Harga (Room Type & Rate Mapping) | Memastikan setiap tipe hotel dan kamar terpetakan dengan akurat. Tingkat akurasi pemetaan ini berpengaruh langsung terhadap efektivitas pengelolaan inventaris. | 2. Pengelolaan Inventaris dan Sinkronisasi Ketersediaan (Inventory Management & Availability Sync) | Mengatur jumlah hotel dan kamar yang tersedia di berbagai saluran distribusi, seperti OTA dan sistem agen, agar selalu sinkron dan terbaru. | 3. Pemetaan Konten dan Pengendalian Kualitas (Content Mapping & Quality Control) | Mengelola konten hotel dan kamar yang ditampilkan, serta memastikan nama, alamat, dan koordinat (longitude & latitude) hotel sesuai dengan data di Google dan situs resmi hotel."",Kota Adm. Jakarta Pusat,,2,Aktif,2026-07-14,2026-07-28,""Program studi: Administrasi, Manajemen Perhotelan, Usaha Perjalanan Pariwisata, Pariwisata | Tingkat pendidikan: Diploma, Sarjana"",hans.tjandra@mgholidaygroup.com,2026-08-11T05:54:26Z";;
maganghub;a230e6a4-07ff-493a-b9fc-111271453c37;https://maganghub.kemnaker.go.id/magang-nasional/lowongan/human-resources-intern-a230e6a4-07ff-493a-b9fc-111271453c37;0c35ab26-08a0-4101-bd68-e1a20b2ae8b0;PT. Mitra Global Holiday;maganghub-0c35ab26-08a0-4101-bd68-e1a20b2ae8b0;Human Resources Intern;human-resources-intern-a230e6a4-07ff-493a-b9fc-111271453c37;1. Membantu menyusun dan mengelola berbagai materi desain untuk mendukung kegiatan employer branding, seperti poster, konten media sosial, video, dan media promosi lainnya. | 2. Mendukung pelaksanaan kampanye employer branding, baik untuk kebutuhan internal maupun eksternal, melalui berbagai kanal seperti media sosial dan kegiatan lainnya. | 3. Membantu mengumpulkan serta menganalisis data yang berkaitan dengan tingkat keterlibatan (employee engagement) karyawan dan efektivitas aktivitas employer branding perusahaan. | 4. Berkolaborasi dengan tim Human Resources (HR) dalam pelaksanaan berbagai proyek, seperti program employee engagement, rekrutmen, dan program magang. | 5. Mengelola administrasi HR yang diperlukan;Kota Adm. Jakarta Pusat;;2;Aktif;14/07/2026;28/07/2026;Program studi: Psikologi | Tingkat pendidikan: Sarjana;hans.tjandra@mgholidaygroup.com;2026-08-11T05:54:27Z;"maganghub,a230e6a4-07ff-493a-b9fc-111271453c37,https://maganghub.kemnaker.go.id/magang-nasional/lowongan/human-resources-intern-a230e6a4-07ff-493a-b9fc-111271453c37,0c35ab26-08a0-4101-bd68-e1a20b2ae8b0,PT. Mitra Global Holiday,maganghub-0c35ab26-08a0-4101-bd68-e1a20b2ae8b0,Human Resources Intern,human-resources-intern-a230e6a4-07ff-493a-b9fc-111271453c37,""1. Membantu menyusun dan mengelola berbagai materi desain untuk mendukung kegiatan employer branding, seperti poster, konten media sosial, video, dan media promosi lainnya. | 2. Mendukung pelaksanaan kampanye employer branding, baik untuk kebutuhan internal maupun eksternal, melalui berbagai kanal seperti media sosial dan kegiatan lainnya. | 3. Membantu mengumpulkan serta menganalisis data yang berkaitan dengan tingkat keterlibatan (employee engagement) karyawan dan efektivitas aktivitas employer branding perusahaan. | 4. Berkolaborasi dengan tim Human Resources (HR) dalam pelaksanaan berbagai proyek, seperti program employee engagement, rekrutmen, dan program magang. | 5. Mengelola administrasi HR yang diperlukan"",Kota Adm. Jakarta Pusat,,2,Aktif,2026-07-14,2026-07-28,Program studi: Psikologi | Tingkat pendidikan: Sarjana,hans.tjandra@mgholidaygroup.com,2026-08-11T05:54:27Z";;
maganghub;a243a5db-3828-463a-9539-bb74663ceff6;https://maganghub.kemnaker.go.id/magang-nasional/lowongan/departemen-administrasi-pembiayaan-internship-a243a5db-3828-463a-9539-bb74663ceff6;40c3be4b-a143-413c-8d6b-c867f6aa9424;Bank Bca Syariah;maganghub-40c3be4b-a143-413c-8d6b-c867f6aa9424;Departemen Administrasi Pembiayaan Internship;departemen-administrasi-pembiayaan-internship-a243a5db-3828-463a-9539-bb74663ceff6;Membantu Departemen Administrasi Pembiayaan dalam hal administrasi dan operasional melalui proses pengelolaan mulai dari penerimaan, pendistribusian sampai dokumen menjadi e-filling. Posisi ini memberikan kesempatan bagi peserta magang untuk memperoleh pengalaman praktis dalam proses pengadministrasian dokumen serta memahami dokumen pembiayaan perbankan.;Kota Adm. Jakarta Timur;;2;Aktif;14/07/2026;28/07/2026;Program studi: Administrasi BIsnis, Manajemen, Administrasi, Manajemen Administrasi | Tingkat pendidikan: Sarjana;bcas_kepegawaian@bcasyariah.co.id;2026-08-11T05:54:29Z;"maganghub,a243a5db-3828-463a-9539-bb74663ceff6,https://maganghub.kemnaker.go.id/magang-nasional/lowongan/departemen-administrasi-pembiayaan-internship-a243a5db-3828-463a-9539-bb74663ceff6,40c3be4b-a143-413c-8d6b-c867f6aa9424,Bank Bca Syariah,maganghub-40c3be4b-a143-413c-8d6b-c867f6aa9424,Departemen Administrasi Pembiayaan Internship,departemen-administrasi-pembiayaan-internship-a243a5db-3828-463a-9539-bb74663ceff6,""Membantu Departemen Administrasi Pembiayaan dalam hal administrasi dan operasional melalui proses pengelolaan mulai dari penerimaan, pendistribusian sampai dokumen menjadi e-filling. Posisi ini memberikan kesempatan bagi peserta magang untuk memperoleh pengalaman praktis dalam proses pengadministrasian dokumen serta memahami dokumen pembiayaan perbankan."",Kota Adm. Jakarta Timur,,2,Aktif,2026-07-14,2026-07-28,""Program studi: Administrasi BIsnis, Manajemen, Administrasi, Manajemen Administrasi | Tingkat pendidikan: Sarjana"",bcas_kepegawaian@bcasyariah.co.id,2026-08-11T05:54:29Z";;
maganghub;a2438dcd-854c-41dd-b499-132bede1803e;https://maganghub.kemnaker.go.id/magang-nasional/lowongan/analisa-risiko-pembiayaan-fungsi-penilaian-agunan-internship-a2438dcd-854c-41dd-b499-132bede1803e;40c3be4b-a143-413c-8d6b-c867f6aa9424;Bank Bca Syariah;maganghub-40c3be4b-a143-413c-8d6b-c867f6aa9424;Analisa Risiko Pembiayaan-Fungsi Penilaian Agunan Internship;analisa-risiko-pembiayaan-fungsi-penilaian-agunan-internship-a2438dcd-854c-41dd-b499-132bede1803e;Membantu tim penilaian agunan dalam admistrasi penginputan data base, dokumentasi/filling dokumen dan hasil penilaian agunan, laporan bulanan, penginputan data banding Laporan Penilaian. Posisi ini memberikan kesempatan bagi peserta magang utk memperoleh pengetahuan/pengalaman praktis dalam proses penilaian agunan, dokumentasi/filling dokumen, pembuatan laporan bulanan dalam lingkup tim penilaian agunan.;Kota Adm. Jakarta Timur;;2;Aktif;14/07/2026;28/07/2026;Program studi: Teknik  Industri, Akuntansi Keuangan, Ekonomi, Ekonomi Syariah, Teknik Sipil | Tingkat pendidikan: Sarjana;bcas_kepegawaian@bcasyariah.co.id;2026-08-11T05:54:31Z;"maganghub,a2438dcd-854c-41dd-b499-132bede1803e,https://maganghub.kemnaker.go.id/magang-nasional/lowongan/analisa-risiko-pembiayaan-fungsi-penilaian-agunan-internship-a2438dcd-854c-41dd-b499-132bede1803e,40c3be4b-a143-413c-8d6b-c867f6aa9424,Bank Bca Syariah,maganghub-40c3be4b-a143-413c-8d6b-c867f6aa9424,Analisa Risiko Pembiayaan-Fungsi Penilaian Agunan Internship,analisa-risiko-pembiayaan-fungsi-penilaian-agunan-internship-a2438dcd-854c-41dd-b499-132bede1803e,""Membantu tim penilaian agunan dalam admistrasi penginputan data base, dokumentasi/filling dokumen dan hasil penilaian agunan, laporan bulanan, penginputan data banding Laporan Penilaian. Posisi ini memberikan kesempatan bagi peserta magang utk memperoleh pengetahuan/pengalaman praktis dalam proses penilaian agunan, dokumentasi/filling dokumen, pembuatan laporan bulanan dalam lingkup tim penilaian agunan."",Kota Adm. Jakarta Timur,,2,Aktif,2026-07-14,2026-07-28,""Program studi: Teknik  Industri, Akuntansi Keuangan, Ekonomi, Ekonomi Syariah, Teknik Sipil | Tingkat pendidikan: Sarjana"",bcas_kepegawaian@bcasyariah.co.id,2026-08-11T05:54:31Z";;
maganghub;a2434467-c54b-4f2f-9234-69d56e9fb7d5;https://maganghub.kemnaker.go.id/magang-nasional/lowongan/corporate-communications-internship-a2434467-c54b-4f2f-9234-69d56e9fb7d5;40c3be4b-a143-413c-8d6b-c867f6aa9424;Bank Bca Syariah;maganghub-40c3be4b-a143-413c-8d6b-c867f6aa9424;Corporate Communications Internship;corporate-communications-internship-a2434467-c54b-4f2f-9234-69d56e9fb7d5;Peserta magang diharapkan akan menjadi invididu yang siap mendukung fungsi komunikasi korporasi secara end-to-end — mulai dari penulisan, media relations, event support, hingga pelaporan kinerja komunikasi — dengan pemahaman konteks industri perbankan/keuangan syariah.;Kota Adm. Jakarta Timur;;2;Aktif;14/07/2026;28/07/2026;Program studi: Ilmu Komunikasi, Ekonomi Syariah, Desain Komunikasi Visual, Sastra Inggris | Tingkat pendidikan: Sarjana;bcas_kepegawaian@bcasyariah.co.id;2026-08-11T05:54:33Z;"maganghub,a2434467-c54b-4f2f-9234-69d56e9fb7d5,https://maganghub.kemnaker.go.id/magang-nasional/lowongan/corporate-communications-internship-a2434467-c54b-4f2f-9234-69d56e9fb7d5,40c3be4b-a143-413c-8d6b-c867f6aa9424,Bank Bca Syariah,maganghub-40c3be4b-a143-413c-8d6b-c867f6aa9424,Corporate Communications Internship,corporate-communications-internship-a2434467-c54b-4f2f-9234-69d56e9fb7d5,""Peserta magang diharapkan akan menjadi invididu yang siap mendukung fungsi komunikasi korporasi secara end-to-end — mulai dari penulisan, media relations, event support, hingga pelaporan kinerja komunikasi — dengan pemahaman konteks industri perbankan/keuangan syariah."",Kota Adm. Jakarta Timur,,2,Aktif,2026-07-14,2026-07-28,""Program studi: Ilmu Komunikasi, Ekonomi Syariah, Desain Komunikasi Visual, Sastra Inggris | Tingkat pendidikan: Sarjana"",bcas_kepegawaian@bcasyariah.co.id,2026-08-11T05:54:33Z";;
maganghub;a242a83a-1d39-4b17-8687-aac53e8a1873;https://maganghub.kemnaker.go.id/magang-nasional/lowongan/budaya-perusahaandan-layanan-internship-a242a83a-1d39-4b17-8687-aac53e8a1873;40c3be4b-a143-413c-8d6b-c867f6aa9424;Bank Bca Syariah;maganghub-40c3be4b-a143-413c-8d6b-c867f6aa9424;Budaya Perusahaandan Layanan Internship;budaya-perusahaandan-layanan-internship-a242a83a-1d39-4b17-8687-aac53e8a1873;Kurikulum Fungsi Budaya Perusahaan disusun secara komprehensif mulai dari pemahaman budaya perusahaan, penerapan nilai-nilai perusahaan dalam aktivitas kerja, komunikasi efektif, service excellence, customer experience, hingga pengembangan budaya kerja yang kolaboratif, inovatif, dan berorientasi pada perbaikan berkelanjutan. Selain itu, kurikulum juga membekali peserta dengan kemampuan membangun hubungan yang positif dengan nasabah, menangani keluhan secara profesional, serta mengembangkan mindset pelayanan yang mendukung pencapaian tujuan bisnis perusahaan.;Kota Adm. Jakarta Timur;;2;Aktif;14/07/2026;28/07/2026;Program studi: Multimedia, Ilmu Komunikasi, Desain Komunikasi Visual, Multi Media, Desain Media | Tingkat pendidikan: Sarjana, Diploma;bcas_kepegawaian@bcasyariah.co.id;2026-08-11T05:54:35Z;"maganghub,a242a83a-1d39-4b17-8687-aac53e8a1873,https://maganghub.kemnaker.go.id/magang-nasional/lowongan/budaya-perusahaandan-layanan-internship-a242a83a-1d39-4b17-8687-aac53e8a1873,40c3be4b-a143-413c-8d6b-c867f6aa9424,Bank Bca Syariah,maganghub-40c3be4b-a143-413c-8d6b-c867f6aa9424,Budaya Perusahaandan Layanan Internship,budaya-perusahaandan-layanan-internship-a242a83a-1d39-4b17-8687-aac53e8a1873,""Kurikulum Fungsi Budaya Perusahaan disusun secara komprehensif mulai dari pemahaman budaya perusahaan, penerapan nilai-nilai perusahaan dalam aktivitas kerja, komunikasi efektif, service excellence, customer experience, hingga pengembangan budaya kerja yang kolaboratif, inovatif, dan berorientasi pada perbaikan berkelanjutan. Selain itu, kurikulum juga membekali peserta dengan kemampuan membangun hubungan yang positif dengan nasabah, menangani keluhan secara profesional, serta mengembangkan mindset pelayanan yang mendukung pencapaian tujuan bisnis perusahaan."",Kota Adm. Jakarta Timur,,2,Aktif,2026-07-14,2026-07-28,""Program studi: Multimedia, Ilmu Komunikasi, Desain Komunikasi Visual, Multi Media, Desain Media | Tingkat pendidikan: Sarjana, Diploma"",bcas_kepegawaian@bcasyariah.co.id,2026-08-11T05:54:35Z";;
maganghub;a243a9cb-a5ec-4050-8ba7-7b8be88af1f5;https://maganghub.kemnaker.go.id/magang-nasional/lowongan/operasional-perangkat-teknologi-informasi-a243a9cb-a5ec-4050-8ba7-7b8be88af1f5;e0cacaf0-5d15-477d-ab69-9b7c56cda0fc;PT Transportasi Jakarta;maganghub-e0cacaf0-5d15-477d-ab69-9b7c56cda0fc;Operasional Perangkat Teknologi Informasi;operasional-perangkat-teknologi-informasi-a243a9cb-a5ec-4050-8ba7-7b8be88af1f5;Mendukung operasional layanan Teknologi Informasi di halte melalui pelaksanaan pemeriksaan, pemeliharaan, dan perbaikan perangkat TI, pengelolaan inventaris aset, pelaksanaan testing perangkat, koordinasi eskalasi gangguan kepada penyedia managed service, serta penyusunan dokumentasi dan laporan kegiatan untuk memastikan ketersediaan, keandalan, dan optimalisasi perangkat TI sesuai dengan standar operasional perusahaan.;Kota Adm. Jakarta Timur;;4;Aktif;14/07/2026;28/07/2026;Program studi: Teknik Informatika, Ilmu Komputer, Sistem Informasi | Tingkat pendidikan: Sarjana, Diploma;sekretariat@transjakarta.co.id;2026-08-11T05:54:39Z;"maganghub,a243a9cb-a5ec-4050-8ba7-7b8be88af1f5,https://maganghub.kemnaker.go.id/magang-nasional/lowongan/operasional-perangkat-teknologi-informasi-a243a9cb-a5ec-4050-8ba7-7b8be88af1f5,e0cacaf0-5d15-477d-ab69-9b7c56cda0fc,PT Transportasi Jakarta,maganghub-e0cacaf0-5d15-477d-ab69-9b7c56cda0fc,Operasional Perangkat Teknologi Informasi,operasional-perangkat-teknologi-informasi-a243a9cb-a5ec-4050-8ba7-7b8be88af1f5,""Mendukung operasional layanan Teknologi Informasi di halte melalui pelaksanaan pemeriksaan, pemeliharaan, dan perbaikan perangkat TI, pengelolaan inventaris aset, pelaksanaan testing perangkat, koordinasi eskalasi gangguan kepada penyedia managed service, serta penyusunan dokumentasi dan laporan kegiatan untuk memastikan ketersediaan, keandalan, dan optimalisasi perangkat TI sesuai dengan standar operasional perusahaan."",Kota Adm. Jakarta Timur,,4,Aktif,2026-07-14,2026-07-28,""Program studi: Teknik Informatika, Ilmu Komputer, Sistem Informasi | Tingkat pendidikan: Sarjana, Diploma"",sekretariat@transjakarta.co.id,2026-08-11T05:54:39Z";;
maganghub;a241f890-9ecf-4b55-8dbc-54feafefd4cd;https://maganghub.kemnaker.go.id/magang-nasional/lowongan/manajemen-proyek-a241f890-9ecf-4b55-8dbc-54feafefd4cd;e0cacaf0-5d15-477d-ab69-9b7c56cda0fc;PT Transportasi Jakarta;maganghub-e0cacaf0-5d15-477d-ab69-9b7c56cda0fc;Manajemen Proyek;manajemen-proyek-a241f890-9ecf-4b55-8dbc-54feafefd4cd;Mendukung tim Manajemen proyek dalam merancang tata ruang dan estetika prasarana, menyusun dokumen teknis (KAK), evaluasi kelayakan biaya (RAB & AHSP), serta mereview desain dan material dari konsultan/kontraktor. Pemagang bertugas memastikan fungsionalitas dan desain visual sesuai dengan standar identitas perusahaan.;Kota Adm. Jakarta Timur;;4;Aktif;14/07/2026;28/07/2026;Program studi: Arsitektur | Tingkat pendidikan: Sarjana;sekretariat@transjakarta.co.id;2026-08-11T05:54:41Z;"maganghub,a241f890-9ecf-4b55-8dbc-54feafefd4cd,https://maganghub.kemnaker.go.id/magang-nasional/lowongan/manajemen-proyek-a241f890-9ecf-4b55-8dbc-54feafefd4cd,e0cacaf0-5d15-477d-ab69-9b7c56cda0fc,PT Transportasi Jakarta,maganghub-e0cacaf0-5d15-477d-ab69-9b7c56cda0fc,Manajemen Proyek,manajemen-proyek-a241f890-9ecf-4b55-8dbc-54feafefd4cd,""Mendukung tim Manajemen proyek dalam merancang tata ruang dan estetika prasarana, menyusun dokumen teknis (KAK), evaluasi kelayakan biaya (RAB & AHSP), serta mereview desain dan material dari konsultan/kontraktor. Pemagang bertugas memastikan fungsionalitas dan desain visual sesuai dengan standar identitas perusahaan."",Kota Adm. Jakarta Timur,,4,Aktif,2026-07-14,2026-07-28,Program studi: Arsitektur | Tingkat pendidikan: Sarjana,sekretariat@transjakarta.co.id,2026-08-11T05:54:41Z";;
maganghub;a2436a13-dfd5-4c2a-836c-b774a69ca0cc;https://maganghub.kemnaker.go.id/magang-nasional/lowongan/data-analyst-a2436a13-dfd5-4c2a-836c-b774a69ca0cc;e0cacaf0-5d15-477d-ab69-9b7c56cda0fc;PT Transportasi Jakarta;maganghub-e0cacaf0-5d15-477d-ab69-9b7c56cda0fc;Data Analyst;data-analyst-a2436a13-dfd5-4c2a-836c-b774a69ca0cc;1. Melakukan pembersihan (data cleansing) dan validasi data dari berbagai sumber. | 2. Membantu pembuatan dashboard dan laporan menggunakan tools analitik (Power BI/Metabase/SQL). | 3. Melakukan analisis sederhana terhadap tren operasional dan perilaku pelanggan serta menyusun dokumentasi hasil analisis.;Kota Adm. Jakarta Timur;;4;Aktif;14/07/2026;28/07/2026;Program studi: Informatika, Statistika dan Sains Data, Sistem informasi, Statistika, Matematika | Tingkat pendidikan: Sarjana;sekretariat@transjakarta.co.id;2026-08-11T05:54:43Z;"maganghub,a2436a13-dfd5-4c2a-836c-b774a69ca0cc,https://maganghub.kemnaker.go.id/magang-nasional/lowongan/data-analyst-a2436a13-dfd5-4c2a-836c-b774a69ca0cc,e0cacaf0-5d15-477d-ab69-9b7c56cda0fc,PT Transportasi Jakarta,maganghub-e0cacaf0-5d15-477d-ab69-9b7c56cda0fc,Data Analyst,data-analyst-a2436a13-dfd5-4c2a-836c-b774a69ca0cc,1. Melakukan pembersihan (data cleansing) dan validasi data dari berbagai sumber. | 2. Membantu pembuatan dashboard dan laporan menggunakan tools analitik (Power BI/Metabase/SQL). | 3. Melakukan analisis sederhana terhadap tren operasional dan perilaku pelanggan serta menyusun dokumentasi hasil analisis.,Kota Adm. Jakarta Timur,,4,Aktif,2026-07-14,2026-07-28,""Program studi: Informatika, Statistika dan Sains Data, Sistem informasi, Statistika, Matematika | Tingkat pendidikan: Sarjana"",sekretariat@transjakarta.co.id,2026-08-11T05:54:43Z";;
maganghub;a242012e-7318-46ae-b127-f81f236a0eb7;https://maganghub.kemnaker.go.id/magang-nasional/lowongan/pengembangan-prasarana-arsitektur-a242012e-7318-46ae-b127-f81f236a0eb7;e0cacaf0-5d15-477d-ab69-9b7c56cda0fc;PT Transportasi Jakarta;maganghub-e0cacaf0-5d15-477d-ab69-9b7c56cda0fc;Pengembangan Prasarana (Arsitektur);pengembangan-prasarana-arsitektur-a242012e-7318-46ae-b127-f81f236a0eb7;Mendukung tim Analis Pengembangan Prasarana dalam merancang tat ruang dan estetika prasarana, menyusun dokumen teknis (KAK), evaluasi kelayakan biaya (RAB dan AHSP), serta mereview desain dan material dan konsultan/kontraktor. Pemagang bertugas memastikan fungsionalitas dan desain visual sesuai dengan standar identitas perusahaan.;Kota Adm. Jakarta Timur;;4;Aktif;14/07/2026;28/07/2026;Program studi: Arsitektur | Tingkat pendidikan: Sarjana;sekretariat@transjakarta.co.id;2026-08-11T05:54:44Z;"maganghub,a242012e-7318-46ae-b127-f81f236a0eb7,https://maganghub.kemnaker.go.id/magang-nasional/lowongan/pengembangan-prasarana-arsitektur-a242012e-7318-46ae-b127-f81f236a0eb7,e0cacaf0-5d15-477d-ab69-9b7c56cda0fc,PT Transportasi Jakarta,maganghub-e0cacaf0-5d15-477d-ab69-9b7c56cda0fc,Pengembangan Prasarana (Arsitektur),pengembangan-prasarana-arsitektur-a242012e-7318-46ae-b127-f81f236a0eb7,""Mendukung tim Analis Pengembangan Prasarana dalam merancang tat ruang dan estetika prasarana, menyusun dokumen teknis (KAK), evaluasi kelayakan biaya (RAB dan AHSP), serta mereview desain dan material dan konsultan/kontraktor. Pemagang bertugas memastikan fungsionalitas dan desain visual sesuai dengan standar identitas perusahaan."",Kota Adm. Jakarta Timur,,4,Aktif,2026-07-14,2026-07-28,Program studi: Arsitektur | Tingkat pendidikan: Sarjana,sekretariat@transjakarta.co.id,2026-08-11T05:54:44Z";;
maganghub;a241f179-e455-4f46-9f46-fe13c8e7b637;https://maganghub.kemnaker.go.id/magang-nasional/lowongan/manajemen-proyek-mep-a241f179-e455-4f46-9f46-fe13c8e7b637;e0cacaf0-5d15-477d-ab69-9b7c56cda0fc;PT Transportasi Jakarta;maganghub-e0cacaf0-5d15-477d-ab69-9b7c56cda0fc;Manajemen Proyek (MEP);manajemen-proyek-mep-a241f179-e455-4f46-9f46-fe13c8e7b637;Bertanggung jawab mengoordinasikan pelaksanaan pekerjaan MEP sesuai gambar kerja, spesifikasi teknis, standar mutu, dan jadwal proyek, serta memastikan kualitas pekerjaan dan kelengkapan dokumen teknis proyek.;Kota Adm. Jakarta Timur;;4;Aktif;14/07/2026;28/07/2026;Program studi: Teknik Mesin, Teknik Elektro | Tingkat pendidikan: Sarjana;sekretariat@transjakarta.co.id;2026-08-11T05:54:46Z;"maganghub,a241f179-e455-4f46-9f46-fe13c8e7b637,https://maganghub.kemnaker.go.id/magang-nasional/lowongan/manajemen-proyek-mep-a241f179-e455-4f46-9f46-fe13c8e7b637,e0cacaf0-5d15-477d-ab69-9b7c56cda0fc,PT Transportasi Jakarta,maganghub-e0cacaf0-5d15-477d-ab69-9b7c56cda0fc,Manajemen Proyek (MEP),manajemen-proyek-mep-a241f179-e455-4f46-9f46-fe13c8e7b637,""Bertanggung jawab mengoordinasikan pelaksanaan pekerjaan MEP sesuai gambar kerja, spesifikasi teknis, standar mutu, dan jadwal proyek, serta memastikan kualitas pekerjaan dan kelengkapan dokumen teknis proyek."",Kota Adm. Jakarta Timur,,4,Aktif,2026-07-14,2026-07-28,""Program studi: Teknik Mesin, Teknik Elektro | Tingkat pendidikan: Sarjana"",sekretariat@transjakarta.co.id,2026-08-11T05:54:46Z";;
maganghub;a240ea66-dd0d-48e8-8543-5d491d1fdc40;https://maganghub.kemnaker.go.id/magang-nasional/lowongan/perhotelan-a240ea66-dd0d-48e8-8543-5d491d1fdc40;2c804864-11c8-468a-af0b-4f132be22a88;PT. Berlian Global Perkasa (Hermes Palace Hotel);maganghub-2c804864-11c8-468a-af0b-4f132be22a88;Perhotelan;perhotelan-a240ea66-dd0d-48e8-8543-5d491d1fdc40;Peserta akan mempelajari operasional hotel secara menyeluruh melalui penerapan standar pelayanan, koordinasi antarbagian, administrasi operasional, pengendalian kualitas layanan, serta evaluasi proses kerja sesuai standar industri perhotelan untuk mengembangkan kompetensi profesional di bidang hospitality.;Kota Banda Aceh;;4;Aktif;14/07/2026;28/07/2026;Program studi: Perhotelan, Hospitality dan Pariwisata | Tingkat pendidikan: Diploma;hrm@hermespalacehotel.com;2026-08-11T05:54:48Z;"maganghub,a240ea66-dd0d-48e8-8543-5d491d1fdc40,https://maganghub.kemnaker.go.id/magang-nasional/lowongan/perhotelan-a240ea66-dd0d-48e8-8543-5d491d1fdc40,2c804864-11c8-468a-af0b-4f132be22a88,PT. Berlian Global Perkasa (Hermes Palace Hotel),maganghub-2c804864-11c8-468a-af0b-4f132be22a88,Perhotelan,perhotelan-a240ea66-dd0d-48e8-8543-5d491d1fdc40,""Peserta akan mempelajari operasional hotel secara menyeluruh melalui penerapan standar pelayanan, koordinasi antarbagian, administrasi operasional, pengendalian kualitas layanan, serta evaluasi proses kerja sesuai standar industri perhotelan untuk mengembangkan kompetensi profesional di bidang hospitality."",Kota Banda Aceh,,4,Aktif,2026-07-14,2026-07-28,""Program studi: Perhotelan, Hospitality dan Pariwisata | Tingkat pendidikan: Diploma"",hrm@hermespalacehotel.com,2026-08-11T05:54:48Z";;
maganghub;a23f7305-9de2-45c4-badc-2444fee4e027;https://maganghub.kemnaker.go.id/magang-nasional/lowongan/rekaindo-madiun-a23f7305-9de2-45c4-badc-2444fee4e027;06a78f24-4675-46e1-bb56-20efb6461a5e;Perusahaan Perseroan (Persero) PT Industri Kereta Api;maganghub-06a78f24-4675-46e1-bb56-20efb6461a5e;Rekaindo Madiun;rekaindo-madiun-a23f7305-9de2-45c4-badc-2444fee4e027;Teknik Industri: Mendukung pengelolaan data material melalui analisis kebutuhan material, proses purchase, monitoring persediaan (stock), pemantauan kedatangan material, serta penyusunan laporan untuk mendukung kelancaran proses produksi dan rantai pasok. | Sistem Informasi / Manajemen Informatika: Mendukung pengelolaan tata kelola teknologi informasi melalui penyusunan dan pengelolaan dokumen IT Governance, monitoring kepatuhan proses TI, pengelolaan data dan sistem informasi, serta mendukung implementasi kebijakan dan standar teknologi informasi perusahaan. | Teknik Desain dan Manufaktur: Mendukung proses perancangan produk melalui pembuatan gambar teknik 2D/3D menggunakan perangkat lunak CAD (SolidWorks dan AutoCAD), verifikasi dan validasi desain sistem mekanik, penyusunan dokumen teknis, serta pengembangan desain produk sesuai spesifikasi dan standar perusahaan. | Teknik Desain / Teknik Listrik: Mendukung proses perancangan sistem kelistrikan melalui pembuatan gambar teknik 2D/3D menggunakan perangkat lunak CAD (SolidWorks dan AutoCAD), verifikasi dan validasi desain sistem elektrik, penyusunan dokumen teknis, serta pengembangan desain sesuai spesifikasi teknis dan standar perusahaan.;Kota Madiun;;4;Aktif;14/07/2026;28/07/2026;Program studi: Teknik Informatika, Teknik Industri, Teknik Listrik, Sistem informasi, Teknik Desain Dan Manufaktur | Tingkat pendidikan: Diploma, Sarjana, Profesi;ratna.juwita@inka.co.id;2026-08-11T05:54:50Z;"maganghub,a23f7305-9de2-45c4-badc-2444fee4e027,https://maganghub.kemnaker.go.id/magang-nasional/lowongan/rekaindo-madiun-a23f7305-9de2-45c4-badc-2444fee4e027,06a78f24-4675-46e1-bb56-20efb6461a5e,Perusahaan Perseroan (Persero) PT Industri Kereta Api,maganghub-06a78f24-4675-46e1-bb56-20efb6461a5e,Rekaindo Madiun,rekaindo-madiun-a23f7305-9de2-45c4-badc-2444fee4e027,""Teknik Industri: Mendukung pengelolaan data material melalui analisis kebutuhan material, proses purchase, monitoring persediaan (stock), pemantauan kedatangan material, serta penyusunan laporan untuk mendukung kelancaran proses produksi dan rantai pasok. | Sistem Informasi / Manajemen Informatika: Mendukung pengelolaan tata kelola teknologi informasi melalui penyusunan dan pengelolaan dokumen IT Governance, monitoring kepatuhan proses TI, pengelolaan data dan sistem informasi, serta mendukung implementasi kebijakan dan standar teknologi informasi perusahaan. | Teknik Desain dan Manufaktur: Mendukung proses perancangan produk melalui pembuatan gambar teknik 2D/3D menggunakan perangkat lunak CAD (SolidWorks dan AutoCAD), verifikasi dan validasi desain sistem mekanik, penyusunan dokumen teknis, serta pengembangan desain produk sesuai spesifikasi dan standar perusahaan. | Teknik Desain / Teknik Listrik: Mendukung proses perancangan sistem kelistrikan melalui pembuatan gambar teknik 2D/3D menggunakan perangkat lunak CAD (SolidWorks dan AutoCAD), verifikasi dan validasi desain sistem elektrik, penyusunan dokumen teknis, serta pengembangan desain sesuai spesifikasi teknis dan standar perusahaan."",Kota Madiun,,4,Aktif,2026-07-14,2026-07-28,""Program studi: Teknik Informatika, Teknik Industri, Teknik Listrik, Sistem informasi, Teknik Desain Dan Manufaktur | Tingkat pendidikan: Diploma, Sarjana, Profesi"",ratna.juwita@inka.co.id,2026-08-11T05:54:50Z";;
maganghub;a240f0db-2412-4d65-b447-0b1638a2f782;https://maganghub.kemnaker.go.id/magang-nasional/lowongan/command-&-control---software-engineer-supporting-a240f0db-2412-4d65-b447-0b1638a2f782;039d44b1-430c-46c0-80fd-a5e8d169bc38;Perusahaan Perseroan (Persero) PT. Len Industri;maganghub-039d44b1-430c-46c0-80fd-a5e8d169bc38;Command & Control - Software Engineer Supporting;command-control-software-engineer-supporting-a240f0db-2412-4d65-b447-0b1638a2f782;Kualifikasi: | - Memiliki kemampuan analisis dan pemecahan masalah yang baik. | - Mampu bekerja secara individu maupun dalam tim. | - Teliti dan berorientasi pada kualitas hasil pekerjaan. | - Menguasai konsep Object-Oriented Programming (OOP). | - Menguasai bahasa pemrograman Java. | - Memahami konsep Data Structure dan Algorithm. | - Memahami Software Development Life Cycle (SDLC). | - Memahami penggunaan Database Relasional seperti PostgreSQL, MySQL, atau Oracle. | - Menguasai SQL dasar hingga menengah. | - Menguasai penggunaan Git atau Version Control System lainnya. | - Memahami konsep Unit Testing menggunakan JUnit atau framework sejenis. | - Memahami dasar-dasar Design Pattern. | - Memahami konsep Multithreading dan Concurrent Programming menjadi nilai tambah. | - Memahami Maven atau Gradle sebagai build tools menjadi nilai tambah. | Deskripsi Pekerjaan: | - Mengembangkan perangkat lunak berdasarkan spesifikasi kebutuhan dan desain sistem yang telah ditetapkan. | - Mengimplementasikan kode program menggunakan bahasa pemrograman Java dengan menerapkan prinsip Object-Oriented Programming (OOP). | - Mengembangkan fitur baru serta melakukan pemeliharaan dan peningkatan terhadap aplikasi yang sudah ada. | - Melakukan Unit Testing untuk memastikan kualitas dan fungsionalitas kode yang dikembangkan. | - Melakukan debugging, analisis, dan perbaikan terhadap bug atau permasalahan pada aplikasi. | - Berpartisipasi dalam code review untuk menjaga kualitas dan konsistensi kode. | - Menyusun dan memperbarui dokumentasi teknis terkait implementasi dan perubahan perangkat lunak. | - Berkolaborasi dengan Software Analyst, Software Architect, Software Tester, dan DevOps Engineer dalam proses pengembangan perangkat | lunak. | - Menggunakan Version Control System (Git) untuk pengelolaan source code.;Kota Bandung;;4;Aktif;14/07/2026;28/07/2026;Program studi: Teknik Informatika, Rekayasa Perangkat Lunak, Sistem Informasi, Manajemen Informatika, Teknik Komputer | Tingkat pendidikan: Sarjana;marketing.len@len.co.id;2026-08-11T05:54:52Z;"maganghub,a240f0db-2412-4d65-b447-0b1638a2f782,https://maganghub.kemnaker.go.id/magang-nasional/lowongan/command-&-control---software-engineer-supporting-a240f0db-2412-4d65-b447-0b1638a2f782,039d44b1-430c-46c0-80fd-a5e8d169bc38,Perusahaan Perseroan (Persero) PT. Len Industri,maganghub-039d44b1-430c-46c0-80fd-a5e8d169bc38,Command & Control - Software Engineer Supporting,command-control-software-engineer-supporting-a240f0db-2412-4d65-b447-0b1638a2f782,""Kualifikasi: | - Memiliki kemampuan analisis dan pemecahan masalah yang baik. | - Mampu bekerja secara individu maupun dalam tim. | - Teliti dan berorientasi pada kualitas hasil pekerjaan. | - Menguasai konsep Object-Oriented Programming (OOP). | - Menguasai bahasa pemrograman Java. | - Memahami konsep Data Structure dan Algorithm. | - Memahami Software Development Life Cycle (SDLC). | - Memahami penggunaan Database Relasional seperti PostgreSQL, MySQL, atau Oracle. | - Menguasai SQL dasar hingga menengah. | - Menguasai penggunaan Git atau Version Control System lainnya. | - Memahami konsep Unit Testing menggunakan JUnit atau framework sejenis. | - Memahami dasar-dasar Design Pattern. | - Memahami konsep Multithreading dan Concurrent Programming menjadi nilai tambah. | - Memahami Maven atau Gradle sebagai build tools menjadi nilai tambah. | Deskripsi Pekerjaan: | - Mengembangkan perangkat lunak berdasarkan spesifikasi kebutuhan dan desain sistem yang telah ditetapkan. | - Mengimplementasikan kode program menggunakan bahasa pemrograman Java dengan menerapkan prinsip Object-Oriented Programming (OOP). | - Mengembangkan fitur baru serta melakukan pemeliharaan dan peningkatan terhadap aplikasi yang sudah ada. | - Melakukan Unit Testing untuk memastikan kualitas dan fungsionalitas kode yang dikembangkan. | - Melakukan debugging, analisis, dan perbaikan terhadap bug atau permasalahan pada aplikasi. | - Berpartisipasi dalam code review untuk menjaga kualitas dan konsistensi kode. | - Menyusun dan memperbarui dokumentasi teknis terkait implementasi dan perubahan perangkat lunak. | - Berkolaborasi dengan Software Analyst, Software Architect, Software Tester, dan DevOps Engineer dalam proses pengembangan perangkat | lunak. | - Menggunakan Version Control System (Git) untuk pengelolaan source code."",Kota Bandung,,4,Aktif,2026-07-14,2026-07-28,""Program studi: Teknik Informatika, Rekayasa Perangkat Lunak, Sistem Informasi, Manajemen Informatika, Teknik Komputer | Tingkat pendidikan: Sarjana"",marketing.len@len.co.id,2026-08-11T05:54:52Z";;
maganghub;a241b038-b9f8-4b76-98a1-384dfae00677;https://maganghub.kemnaker.go.id/magang-nasional/lowongan/magang-pada-di-bidang-anggaran,-akuntansi,-pelaporan-keuangan,-dan-aset-regional-2-a241b038-b9f8-4b76-98a1-384dfae00677;af84fded-3c0c-4d93-b167-b6bd22c3e0a2;Perusahaan Perseroan (Persero) PT Pelabuhan Indonesia Disingkat PT Pelabuhan Indonesia (Persero);maganghub-af84fded-3c0c-4d93-b167-b6bd22c3e0a2;Magang pada di bidang anggaran, akuntansi, pelaporan keuangan, dan aset (Regional 2);magang-pada-di-bidang-anggaran-akuntansi-pelaporan-keuangan-dan-aset-regional-2-a241b038-b9f8-4b76-98a1-384dfae00677;Mendukung kegiatan pengelolaan anggaran, akuntansi, pelaporan keuangan, dan aset melalui pengolahan data, penyusunan laporan, administrasi dokumen, serta pelaksanaan tugas operasional keuangan lainnya untuk mendukung kelancaran proses bisnis perusahaan.;Kota Adm. Jakarta Utara;;4;Aktif;14/07/2026;28/07/2026;Program studi: Manajemen Keuangan, Manajemen Aset, Akuntansi Sektor Publik, Akuntansi, Administrasi Keuangan | Tingkat pendidikan: Diploma, Sarjana;hubunganpekerja@indonesiaport.co.id;2026-08-11T05:54:54Z;"maganghub,a241b038-b9f8-4b76-98a1-384dfae00677,""https://maganghub.kemnaker.go.id/magang-nasional/lowongan/magang-pada-di-bidang-anggaran,-akuntansi,-pelaporan-keuangan,-dan-aset-regional-2-a241b038-b9f8-4b76-98a1-384dfae00677"",af84fded-3c0c-4d93-b167-b6bd22c3e0a2,Perusahaan Perseroan (Persero) PT Pelabuhan Indonesia Disingkat PT Pelabuhan Indonesia (Persero),maganghub-af84fded-3c0c-4d93-b167-b6bd22c3e0a2,""Magang pada di bidang anggaran, akuntansi, pelaporan keuangan, dan aset (Regional 2)"",magang-pada-di-bidang-anggaran-akuntansi-pelaporan-keuangan-dan-aset-regional-2-a241b038-b9f8-4b76-98a1-384dfae00677,""Mendukung kegiatan pengelolaan anggaran, akuntansi, pelaporan keuangan, dan aset melalui pengolahan data, penyusunan laporan, administrasi dokumen, serta pelaksanaan tugas operasional keuangan lainnya untuk mendukung kelancaran proses bisnis perusahaan."",Kota Adm. Jakarta Utara,,4,Aktif,2026-07-14,2026-07-28,""Program studi: Manajemen Keuangan, Manajemen Aset, Akuntansi Sektor Publik, Akuntansi, Administrasi Keuangan | Tingkat pendidikan: Diploma, Sarjana"",hubunganpekerja@indonesiaport.co.id,2026-08-11T05:54:54Z";;
maganghub;a2390dbb-5252-4181-91c7-c27620c4127e;https://maganghub.kemnaker.go.id/magang-nasional/lowongan/asisten-apoteker-a2390dbb-5252-4181-91c7-c27620c4127e;2c5287f8-9fb1-4cfe-a168-91b2d91742c6;PT. Berlian Cahaya Indah;maganghub-2c5287f8-9fb1-4cfe-a168-91b2d91742c6;Asisten Apoteker;asisten-apoteker-a2390dbb-5252-4181-91c7-c27620c4127e;"•	Melakukan penyiapan, peracikan (apabila diperlukan), pengemasan, dan pelabelan obat sesuai resep dokter di bawah supervisi Apoteker serta sesuai dengan standar pelayanan kefarmasian. | •	Melayani proses penerimaan resep, menyiapkan etiket, serta menyerahkan obat kepada pasien sesuai prosedur yang berlaku. | •	Mengelola persediaan obat dan perbekalan farmasi, meliputi penerimaan, penyimpanan, penataan, pemantauan stok, serta pemeriksaan masa kedaluwarsa. | •	Melaksanakan administrasi kefarmasian, termasuk pencatatan mutasi obat, pengarsipan dokumen dan salinan resep, serta penyusunan laporan penggunaan obat sesuai ketentuan.";Kab. Purwakarta;;4;Aktif;14/07/2026;28/07/2026;Program studi: Farmasi | Tingkat pendidikan: Diploma;andriana.hedi@siloamhospitals.com;2026-08-11T05:54:56Z;"maganghub,a2390dbb-5252-4181-91c7-c27620c4127e,https://maganghub.kemnaker.go.id/magang-nasional/lowongan/asisten-apoteker-a2390dbb-5252-4181-91c7-c27620c4127e,2c5287f8-9fb1-4cfe-a168-91b2d91742c6,PT. Berlian Cahaya Indah,maganghub-2c5287f8-9fb1-4cfe-a168-91b2d91742c6,Asisten Apoteker,asisten-apoteker-a2390dbb-5252-4181-91c7-c27620c4127e,""•	Melakukan penyiapan, peracikan (apabila diperlukan), pengemasan, dan pelabelan obat sesuai resep dokter di bawah supervisi Apoteker serta sesuai dengan standar pelayanan kefarmasian. | •	Melayani proses penerimaan resep, menyiapkan etiket, serta menyerahkan obat kepada pasien sesuai prosedur yang berlaku. | •	Mengelola persediaan obat dan perbekalan farmasi, meliputi penerimaan, penyimpanan, penataan, pemantauan stok, serta pemeriksaan masa kedaluwarsa. | •	Melaksanakan administrasi kefarmasian, termasuk pencatatan mutasi obat, pengarsipan dokumen dan salinan resep, serta penyusunan laporan penggunaan obat sesuai ketentuan."",Kab. Purwakarta,,4,Aktif,2026-07-14,2026-07-28,Program studi: Farmasi | Tingkat pendidikan: Diploma,andriana.hedi@siloamhospitals.com,2026-08-11T05:54:56Z";;
maganghub;a239339b-634c-4b17-b586-010ae4bd1746;https://maganghub.kemnaker.go.id/magang-nasional/lowongan/administasi-rs-a239339b-634c-4b17-b586-010ae4bd1746;2c5287f8-9fb1-4cfe-a168-91b2d91742c6;PT. Berlian Cahaya Indah;maganghub-2c5287f8-9fb1-4cfe-a168-91b2d91742c6;Administasi RS;administasi-rs-a239339b-634c-4b17-b586-010ae4bd1746;"•	Melakukan administrasi pelayanan di ruang perawatan, termasuk pencatatan, pengarsipan, dan pengelolaan dokumen pasien. | •	Menginput dan memperbarui data pasien ke dalam sistem informasi rumah sakit secara akurat dan tepat waktu. | •	Berkoordinasi dengan dokter, perawat, serta unit penunjang terkait untuk mendukung kelancaran proses pelayanan pasien. | •	Memastikan kelengkapan dokumen rekam medis dan administrasi pasien selama proses perawatan sesuai dengan prosedur yang berlaku.";Kab. Purwakarta;;4;Aktif;14/07/2026;28/07/2026;Program studi: Manajemen, Administrasi | Tingkat pendidikan: Sarjana, Diploma;andriana.hedi@siloamhospitals.com;2026-08-11T05:54:58Z;"maganghub,a239339b-634c-4b17-b586-010ae4bd1746,https://maganghub.kemnaker.go.id/magang-nasional/lowongan/administasi-rs-a239339b-634c-4b17-b586-010ae4bd1746,2c5287f8-9fb1-4cfe-a168-91b2d91742c6,PT. Berlian Cahaya Indah,maganghub-2c5287f8-9fb1-4cfe-a168-91b2d91742c6,Administasi RS,administasi-rs-a239339b-634c-4b17-b586-010ae4bd1746,""•	Melakukan administrasi pelayanan di ruang perawatan, termasuk pencatatan, pengarsipan, dan pengelolaan dokumen pasien. | •	Menginput dan memperbarui data pasien ke dalam sistem informasi rumah sakit secara akurat dan tepat waktu. | •	Berkoordinasi dengan dokter, perawat, serta unit penunjang terkait untuk mendukung kelancaran proses pelayanan pasien. | •	Memastikan kelengkapan dokumen rekam medis dan administrasi pasien selama proses perawatan sesuai dengan prosedur yang berlaku."",Kab. Purwakarta,,4,Aktif,2026-07-14,2026-07-28,""Program studi: Manajemen, Administrasi | Tingkat pendidikan: Sarjana, Diploma"",andriana.hedi@siloamhospitals.com,2026-08-11T05:54:58Z";;
maganghub;a23564b8-cc58-478f-acae-9d16ad55c947;https://maganghub.kemnaker.go.id/magang-nasional/lowongan/administrative-&-document-control-staff-a23564b8-cc58-478f-acae-9d16ad55c947;11b5fce4-9257-45c2-a591-62f60c94a7fd;PT. Toyo Denso Indonesia;maganghub-11b5fce4-9257-45c2-a591-62f60c94a7fd;Administrative & Document Control Staff;administrative-document-control-staff-a23564b8-cc58-478f-acae-9d16ad55c947;Mengelola dokumen perusahaan baik hardcopy maupun softcopy. | Melakukan pengarsipan dokumen secara sistematis. | Menjaga kerahasiaan dokumen perusahaan. | Membuat dan menginput data administrasi ke sistem atau Excel. | Menyiapkan surat-menyurat, memo, dan laporan berkala. | Mengelola dokumen kontrak, invoice, purchase request, atau dokumen operasional lainnya. | Melakukan filing dan data entry. | Membantu kebutuhan administrasi departemen;Kab. Bekasi;;4;Aktif;14/07/2026;28/07/2026;Program studi: Manajemen, Administrasi Publik, Administrasi Bisnis, Akuntansi, Administrasi Perkantoran | Tingkat pendidikan: Diploma, Sarjana;hr_ir@toyo-denso.co.jp;2026-08-11T05:55:00Z;"maganghub,a23564b8-cc58-478f-acae-9d16ad55c947,https://maganghub.kemnaker.go.id/magang-nasional/lowongan/administrative-&-document-control-staff-a23564b8-cc58-478f-acae-9d16ad55c947,11b5fce4-9257-45c2-a591-62f60c94a7fd,PT. Toyo Denso Indonesia,maganghub-11b5fce4-9257-45c2-a591-62f60c94a7fd,Administrative & Document Control Staff,administrative-document-control-staff-a23564b8-cc58-478f-acae-9d16ad55c947,""Mengelola dokumen perusahaan baik hardcopy maupun softcopy. | Melakukan pengarsipan dokumen secara sistematis. | Menjaga kerahasiaan dokumen perusahaan. | Membuat dan menginput data administrasi ke sistem atau Excel. | Menyiapkan surat-menyurat, memo, dan laporan berkala. | Mengelola dokumen kontrak, invoice, purchase request, atau dokumen operasional lainnya. | Melakukan filing dan data entry. | Membantu kebutuhan administrasi departemen"",Kab. Bekasi,,4,Aktif,2026-07-14,2026-07-28,""Program studi: Manajemen, Administrasi Publik, Administrasi Bisnis, Akuntansi, Administrasi Perkantoran | Tingkat pendidikan: Diploma, Sarjana"",hr_ir@toyo-denso.co.jp,2026-08-11T05:55:00Z";;
maganghub;a243016d-2616-4541-80c7-41801e7656ab;https://maganghub.kemnaker.go.id/magang-nasional/lowongan/legal-affairs-intern-a243016d-2616-4541-80c7-41801e7656ab;7c1d73cd-da40-4085-a865-f2565cd61383;Perusahaan Perseroan (Persero) PT Perkebunan Nusantara I;maganghub-7c1d73cd-da40-4085-a865-f2565cd61383;Legal Affairs Intern;legal-affairs-intern-a243016d-2616-4541-80c7-41801e7656ab;Terlibat dalam kegiatan hukum perusahaan melalui penyusunan dan telaah dokumen hukum, riset regulasi, administrasi kontrak, serta pemantauan aspek kepatuhan.;Kota Adm. Jakarta Selatan;;4;Aktif;14/07/2026;28/07/2026;Program studi: Ilmu Hukum | Tingkat pendidikan: Diploma, Sarjana;corporatelegaln1@gmail.com;2026-08-11T05:55:02Z;"maganghub,a243016d-2616-4541-80c7-41801e7656ab,https://maganghub.kemnaker.go.id/magang-nasional/lowongan/legal-affairs-intern-a243016d-2616-4541-80c7-41801e7656ab,7c1d73cd-da40-4085-a865-f2565cd61383,Perusahaan Perseroan (Persero) PT Perkebunan Nusantara I,maganghub-7c1d73cd-da40-4085-a865-f2565cd61383,Legal Affairs Intern,legal-affairs-intern-a243016d-2616-4541-80c7-41801e7656ab,""Terlibat dalam kegiatan hukum perusahaan melalui penyusunan dan telaah dokumen hukum, riset regulasi, administrasi kontrak, serta pemantauan aspek kepatuhan."",Kota Adm. Jakarta Selatan,,4,Aktif,2026-07-14,2026-07-28,""Program studi: Ilmu Hukum | Tingkat pendidikan: Diploma, Sarjana"",corporatelegaln1@gmail.com,2026-08-11T05:55:02Z";;
maganghub;a23b2082-b00d-482e-a9d8-39b67b5d1211;https://maganghub.kemnaker.go.id/magang-nasional/lowongan/quality-control-internship-a23b2082-b00d-482e-a9d8-39b67b5d1211;019f45dc-feac-7044-a3a4-ccef1fc1ac97;PT. Torabika Eka Semesta;maganghub-019f45dc-feac-7044-a3a4-ccef1fc1ac97;Quality Control (Internship);quality-control-internship-a23b2082-b00d-482e-a9d8-39b67b5d1211;Pada posisi ini Anda akan membantu melakukan pengambilan sampel, memeriksa dan memastikan kualitas produk serta kemasan sesuai dengan standar mutu perusahaan.;Kab. Tangerang;;4;Aktif;14/07/2026;28/07/2026;Program studi: Teknologi Pangan, Teknologi Pangan dan Hasil Pertanian, Teknologi Hasil Pertanian, Teknologi Hasil Perkebunan, Teknik Kimia | Tingkat pendidikan: Sarjana;darwanto.irga@mayora.co.id;2026-08-11T05:55:04Z;"maganghub,a23b2082-b00d-482e-a9d8-39b67b5d1211,https://maganghub.kemnaker.go.id/magang-nasional/lowongan/quality-control-internship-a23b2082-b00d-482e-a9d8-39b67b5d1211,019f45dc-feac-7044-a3a4-ccef1fc1ac97,PT. Torabika Eka Semesta,maganghub-019f45dc-feac-7044-a3a4-ccef1fc1ac97,Quality Control (Internship),quality-control-internship-a23b2082-b00d-482e-a9d8-39b67b5d1211,""Pada posisi ini Anda akan membantu melakukan pengambilan sampel, memeriksa dan memastikan kualitas produk serta kemasan sesuai dengan standar mutu perusahaan."",Kab. Tangerang,,4,Aktif,2026-07-14,2026-07-28,""Program studi: Teknologi Pangan, Teknologi Pangan dan Hasil Pertanian, Teknologi Hasil Pertanian, Teknologi Hasil Perkebunan, Teknik Kimia | Tingkat pendidikan: Sarjana"",darwanto.irga@mayora.co.id,2026-08-11T05:55:04Z";;
maganghub;a2411802-41a7-478a-8485-7b8ef16dcc34;https://maganghub.kemnaker.go.id/magang-nasional/lowongan/continuous-improvement-a2411802-41a7-478a-8485-7b8ef16dcc34;019f45dc-feac-7044-a3a4-ccef1fc1ac97;PT. Torabika Eka Semesta;maganghub-019f45dc-feac-7044-a3a4-ccef1fc1ac97;Continuous Improvement;continuous-improvement-a2411802-41a7-478a-8485-7b8ef16dcc34;Pada posisi ini Anda akan belajar melakukan analisa perbaikan dan inovasi proses produksi secara berkelanjutan, berdasarkan data dan keadaan di lapangan produksi;Kab. Tangerang;;4;Aktif;14/07/2026;28/07/2026;Program studi: Teknik Mekatronika, Teknik Industri, Teknologi Pangan, Teknik Elektro, Teknik Kimia | Tingkat pendidikan: Sarjana;darwanto.irga@mayora.co.id;2026-08-11T05:55:06Z;"maganghub,a2411802-41a7-478a-8485-7b8ef16dcc34,https://maganghub.kemnaker.go.id/magang-nasional/lowongan/continuous-improvement-a2411802-41a7-478a-8485-7b8ef16dcc34,019f45dc-feac-7044-a3a4-ccef1fc1ac97,PT. Torabika Eka Semesta,maganghub-019f45dc-feac-7044-a3a4-ccef1fc1ac97,Continuous Improvement,continuous-improvement-a2411802-41a7-478a-8485-7b8ef16dcc34,""Pada posisi ini Anda akan belajar melakukan analisa perbaikan dan inovasi proses produksi secara berkelanjutan, berdasarkan data dan keadaan di lapangan produksi"",Kab. Tangerang,,4,Aktif,2026-07-14,2026-07-28,""Program studi: Teknik Mekatronika, Teknik Industri, Teknologi Pangan, Teknik Elektro, Teknik Kimia | Tingkat pendidikan: Sarjana"",darwanto.irga@mayora.co.id,2026-08-11T05:55:06Z";;
maganghub;a239577c-8a71-423f-bd48-68061d03b465;https://maganghub.kemnaker.go.id/magang-nasional/lowongan/warehouse-a239577c-8a71-423f-bd48-68061d03b465;019f45dc-feac-7044-a3a4-ccef1fc1ac97;PT. Torabika Eka Semesta;maganghub-019f45dc-feac-7044-a3a4-ccef1fc1ac97;Warehouse;warehouse-a239577c-8a71-423f-bd48-68061d03b465;Melakukan penghitungan terhadap barang masuk dan keluar, melakukan stock opname harian, serta menempatkan dan mengatur tata letak barang yang masuk ke gudang sesuai dengan peraturan perusahaan;Kab. Tangerang;;4;Aktif;14/07/2026;28/07/2026;Program studi: Akuntansi Manajemen, Teknik Industri, Manajemen Logistik | Tingkat pendidikan: Sarjana, Diploma;darwanto.irga@mayora.co.id;2026-08-11T05:55:08Z;"maganghub,a239577c-8a71-423f-bd48-68061d03b465,https://maganghub.kemnaker.go.id/magang-nasional/lowongan/warehouse-a239577c-8a71-423f-bd48-68061d03b465,019f45dc-feac-7044-a3a4-ccef1fc1ac97,PT. Torabika Eka Semesta,maganghub-019f45dc-feac-7044-a3a4-ccef1fc1ac97,Warehouse,warehouse-a239577c-8a71-423f-bd48-68061d03b465,""Melakukan penghitungan terhadap barang masuk dan keluar, melakukan stock opname harian, serta menempatkan dan mengatur tata letak barang yang masuk ke gudang sesuai dengan peraturan perusahaan"",Kab. Tangerang,,4,Aktif,2026-07-14,2026-07-28,""Program studi: Akuntansi Manajemen, Teknik Industri, Manajemen Logistik | Tingkat pendidikan: Sarjana, Diploma"",darwanto.irga@mayora.co.id,2026-08-11T05:55:08Z";;
maganghub;a23f9186-15c3-404c-aa56-363c5c7bf4e8;https://maganghub.kemnaker.go.id/magang-nasional/lowongan/supervisor-sewing-a23f9186-15c3-404c-aa56-363c5c7bf4e8;019f3b61-1fe6-702f-88f8-ca7a97e4ad2c;PT. Top And Top Apparel;maganghub-019f3b61-1fe6-702f-88f8-ca7a97e4ad2c;Supervisor Sewing;supervisor-sewing-a23f9186-15c3-404c-aa56-363c5c7bf4e8;Mengawasi aktivitas produksi sewing, memonitor pencapaian target harian, mengoordinasikan operator, membantu menyelesaikan kendala produksi, membuat laporan produksi, serta memberikan masukan terkait peningkatan produktivitas, efisiensi proses, dan kualitas hasil jahitan;Kab. Wonogiri;;4;Aktif;14/07/2026;28/07/2026;Program studi: Tata Busana, Teknik Tekstil | Tingkat pendidikan: Diploma, Sarjana;danang.putranto@busanagroup.com;2026-08-11T05:55:10Z;"maganghub,a23f9186-15c3-404c-aa56-363c5c7bf4e8,https://maganghub.kemnaker.go.id/magang-nasional/lowongan/supervisor-sewing-a23f9186-15c3-404c-aa56-363c5c7bf4e8,019f3b61-1fe6-702f-88f8-ca7a97e4ad2c,PT. Top And Top Apparel,maganghub-019f3b61-1fe6-702f-88f8-ca7a97e4ad2c,Supervisor Sewing,supervisor-sewing-a23f9186-15c3-404c-aa56-363c5c7bf4e8,""Mengawasi aktivitas produksi sewing, memonitor pencapaian target harian, mengoordinasikan operator, membantu menyelesaikan kendala produksi, membuat laporan produksi, serta memberikan masukan terkait peningkatan produktivitas, efisiensi proses, dan kualitas hasil jahitan"",Kab. Wonogiri,,4,Aktif,2026-07-14,2026-07-28,""Program studi: Tata Busana, Teknik Tekstil | Tingkat pendidikan: Diploma, Sarjana"",danang.putranto@busanagroup.com,2026-08-11T05:55:10Z";;
maganghub;a228bb1f-3199-413e-81d8-f05ac4c43730;https://maganghub.kemnaker.go.id/magang-nasional/lowongan/seed-quality-assurance-a228bb1f-3199-413e-81d8-f05ac4c43730;32609600-9268-45cc-9e4e-51b4e7398791;PT. Benih Citra Asia;maganghub-32609600-9268-45cc-9e4e-51b4e7398791;Seed Quality Assurance;seed-quality-assurance-a228bb1f-3199-413e-81d8-f05ac4c43730;1. Melaksanakan pengujian mutu benih meliputi mutu fisik, fisiologis, genetik (IEF), dan pengujian lapang sesuai SOP, standar pemerintah, dan/atau ISTA untuk memastikan kualitas benih. | 2. Menyiapkan sampel, media uji, peralatan laboratorium, serta melakukan pemantauan pengujian guna mendukung kelancaran proses analisis dan meminimalkan kegagalan pengujian. | 3. Melakukan analisis, pencatatan, pengelolaan, dan pelaporan hasil pengujian secara akurat dan tepat waktu sebagai dasar pengambilan keputusan serta ketertelusuran data. | 4. Melakukan koordinasi, monitoring, evaluasi proses, dan pemberian rekomendasi perbaikan melalui meeting, briefing, audit, atau uji banding untuk meningkatkan efektivitas dan akurasi pengujian. | 5. Menjaga sistem mutu laboratorium melalui pemeliharaan rekaman mutu, perawatan fasilitas, peralatan laboratorium, serta pemenuhan kebutuhan media dan bahan pendukung pengujian. | 6. Mengikuti dan mendukung kegiatan pelatihan, sertifikasi, penelitian, dan pengembangan kompetensi guna meningkatkan kualitas SDM serta penerapan sistem manajemen mutu laboratorium.;Kab. Jember;;4;Aktif;14/07/2026;28/07/2026;Program studi: Agroteknologi, Agronomi, Kimia, Bioteknologi, Teknik Produksi Benih | Tingkat pendidikan: Diploma, Sarjana;cs@benihcitraasia.co.id;2026-08-11T05:55:11Z;"maganghub,a228bb1f-3199-413e-81d8-f05ac4c43730,https://maganghub.kemnaker.go.id/magang-nasional/lowongan/seed-quality-assurance-a228bb1f-3199-413e-81d8-f05ac4c43730,32609600-9268-45cc-9e4e-51b4e7398791,PT. Benih Citra Asia,maganghub-32609600-9268-45cc-9e4e-51b4e7398791,Seed Quality Assurance,seed-quality-assurance-a228bb1f-3199-413e-81d8-f05ac4c43730,""1. Melaksanakan pengujian mutu benih meliputi mutu fisik, fisiologis, genetik (IEF), dan pengujian lapang sesuai SOP, standar pemerintah, dan/atau ISTA untuk memastikan kualitas benih. | 2. Menyiapkan sampel, media uji, peralatan laboratorium, serta melakukan pemantauan pengujian guna mendukung kelancaran proses analisis dan meminimalkan kegagalan pengujian. | 3. Melakukan analisis, pencatatan, pengelolaan, dan pelaporan hasil pengujian secara akurat dan tepat waktu sebagai dasar pengambilan keputusan serta ketertelusuran data. | 4. Melakukan koordinasi, monitoring, evaluasi proses, dan pemberian rekomendasi perbaikan melalui meeting, briefing, audit, atau uji banding untuk meningkatkan efektivitas dan akurasi pengujian. | 5. Menjaga sistem mutu laboratorium melalui pemeliharaan rekaman mutu, perawatan fasilitas, peralatan laboratorium, serta pemenuhan kebutuhan media dan bahan pendukung pengujian. | 6. Mengikuti dan mendukung kegiatan pelatihan, sertifikasi, penelitian, dan pengembangan kompetensi guna meningkatkan kualitas SDM serta penerapan sistem manajemen mutu laboratorium."",Kab. Jember,,4,Aktif,2026-07-14,2026-07-28,""Program studi: Agroteknologi, Agronomi, Kimia, Bioteknologi, Teknik Produksi Benih | Tingkat pendidikan: Diploma, Sarjana"",cs@benihcitraasia.co.id,2026-08-11T05:55:11Z";;
maganghub;a2414f6f-eeab-415d-ad39-6e6b3af95b69;https://maganghub.kemnaker.go.id/magang-nasional/lowongan/tenaga-sanitasi-lingkungan-a2414f6f-eeab-415d-ad39-6e6b3af95b69;ca518f87-d102-4411-b689-50de175aeec7;Balai Kekarantinaan Kesehatan Kelas I Pontianak;maganghub-ca518f87-d102-4411-b689-50de175aeec7;Tenaga Sanitasi Lingkungan;tenaga-sanitasi-lingkungan-a2414f6f-eeab-415d-ad39-6e6b3af95b69;Pengawasan faktor risiko kesehatan pada alat angkut melalui pemeriksaan dokumen karantina kesehatan, dokumen lainnya, dan/atau pemeriksaan fisik pada alat angkut pada saat keberangkatan dan kedatangan, Pengawasan faktor risiko kesehatan pada barang melalui pemeriksaan dokumen karantina kesehatan, dokumen lainnya dan/atau pemeriksaan fisik pada barang, Pengawasan faktor risiko kesehatan pada lingkungan melalui pemeriksaan dokumen kesehatan, pemeriksaan fisik, dan/atau pemeriksaan laboratorium pada lingkungan, Pelaksanaan tindakan penyehatan media lingkungan, termasuk pada situasi khusus, Pelaksanaan tindakan pengamanan limbah, termasuk pada situasi khusus, Pelaksanaan tindakan pengendalian vektor dan binatang pembawa penyakit, termasuk pada situasi khusus.;Kab. Kubu Raya;;4;Aktif;14/07/2026;28/07/2026;Program studi: Sanitasi, Sanitasi Lingkungan, Kesehatan Lingkungan | Tingkat pendidikan: Diploma;;2026-08-11T05:55:15Z;"maganghub,a2414f6f-eeab-415d-ad39-6e6b3af95b69,https://maganghub.kemnaker.go.id/magang-nasional/lowongan/tenaga-sanitasi-lingkungan-a2414f6f-eeab-415d-ad39-6e6b3af95b69,ca518f87-d102-4411-b689-50de175aeec7,Balai Kekarantinaan Kesehatan Kelas I Pontianak,maganghub-ca518f87-d102-4411-b689-50de175aeec7,Tenaga Sanitasi Lingkungan,tenaga-sanitasi-lingkungan-a2414f6f-eeab-415d-ad39-6e6b3af95b69,""Pengawasan faktor risiko kesehatan pada alat angkut melalui pemeriksaan dokumen karantina kesehatan, dokumen lainnya, dan/atau pemeriksaan fisik pada alat angkut pada saat keberangkatan dan kedatangan, Pengawasan faktor risiko kesehatan pada barang melalui pemeriksaan dokumen karantina kesehatan, dokumen lainnya dan/atau pemeriksaan fisik pada barang, Pengawasan faktor risiko kesehatan pada lingkungan melalui pemeriksaan dokumen kesehatan, pemeriksaan fisik, dan/atau pemeriksaan laboratorium pada lingkungan, Pelaksanaan tindakan penyehatan media lingkungan, termasuk pada situasi khusus, Pelaksanaan tindakan pengamanan limbah, termasuk pada situasi khusus, Pelaksanaan tindakan pengendalian vektor dan binatang pembawa penyakit, termasuk pada situasi khusus."",Kab. Kubu Raya,,4,Aktif,2026-07-14,2026-07-28,""Program studi: Sanitasi, Sanitasi Lingkungan, Kesehatan Lingkungan | Tingkat pendidikan: Diploma"",,2026-08-11T05:55:15Z";;
maganghub;a243dfaf-c58e-4008-b35b-7bea98fd636e;https://maganghub.kemnaker.go.id/magang-nasional/lowongan/arsiparis-a243dfaf-c58e-4008-b35b-7bea98fd636e;9e5b1bb5-acd0-4bd3-b1ad-756db4181cf6;BBWS Citanduy, Ditjen SDA;maganghub-9e5b1bb5-acd0-4bd3-b1ad-756db4181cf6;Arsiparis;arsiparis-a243dfaf-c58e-4008-b35b-7bea98fd636e;Sistem Bimbingan: Mentorship oleh Records Manager atau Office Administrator. Pertemuan mingguan untuk memantau kemajuan penataan dokumen. | Metode Kerja: Learning by doing dengan fokus pada ketelitian (attention to detail) dan konsistensi dalam naming convention. | KPI Magang: | Tingkat akurasi dalam penempatan dokumen (meminimalisir salah simpan). | Kecepatan dalam mencari kembali dokumen saat dibutuhkan (retrieval time). | Kepatuhan terhadap prosedur keamanan data. | Fasilitas: Akses ke ruang arsip, mesin pemindai (scanner), sistem manajemen dokumen internal, dan perlengkapan arsip (map, label, box file).;Kota Banjar;;4;Aktif;14/07/2026;28/07/2026;Program studi: Informasi, Perpustakaan & Kearsipan | Tingkat pendidikan: Sarjana;;2026-08-11T05:55:17Z;"maganghub,a243dfaf-c58e-4008-b35b-7bea98fd636e,https://maganghub.kemnaker.go.id/magang-nasional/lowongan/arsiparis-a243dfaf-c58e-4008-b35b-7bea98fd636e,9e5b1bb5-acd0-4bd3-b1ad-756db4181cf6,""BBWS Citanduy, Ditjen SDA"",maganghub-9e5b1bb5-acd0-4bd3-b1ad-756db4181cf6,Arsiparis,arsiparis-a243dfaf-c58e-4008-b35b-7bea98fd636e,""Sistem Bimbingan: Mentorship oleh Records Manager atau Office Administrator. Pertemuan mingguan untuk memantau kemajuan penataan dokumen. | Metode Kerja: Learning by doing dengan fokus pada ketelitian (attention to detail) dan konsistensi dalam naming convention. | KPI Magang: | Tingkat akurasi dalam penempatan dokumen (meminimalisir salah simpan). | Kecepatan dalam mencari kembali dokumen saat dibutuhkan (retrieval time). | Kepatuhan terhadap prosedur keamanan data. | Fasilitas: Akses ke ruang arsip, mesin pemindai (scanner), sistem manajemen dokumen internal, dan perlengkapan arsip (map, label, box file)."",Kota Banjar,,4,Aktif,2026-07-14,2026-07-28,""Program studi: Informasi, Perpustakaan & Kearsipan | Tingkat pendidikan: Sarjana"",,2026-08-11T05:55:17Z";;
maganghub;a243e056-c1ef-4dc2-b33e-d08858781bcf;https://maganghub.kemnaker.go.id/magang-nasional/lowongan/pengawas-a243e056-c1ef-4dc2-b33e-d08858781bcf;9e5b1bb5-acd0-4bd3-b1ad-756db4181cf6;BBWS Citanduy, Ditjen SDA;maganghub-9e5b1bb5-acd0-4bd3-b1ad-756db4181cf6;Pengawas;pengawas-a243e056-c1ef-4dc2-b33e-d08858781bcf;Sistem Bimbingan: Peserta akan didampingi oleh seorang Pengawas Lapangan (Supervision Engineer) atau Direksi Lapangan. | Metode Kerja: Field-based learning. Peserta wajib berada di lokasi proyek (seragam, APD lengkap, dan mematuhi jam kerja proyek). | KPI Magang: | Kedisiplinan (ketepatan waktu dan kehadiran). | Kemampuan membaca gambar teknis (Shop Drawing). | Akurasi dalam laporan harian. | Ketaatan pada protokol K3. | Akses: Akses terbatas pada dokumen teknis proyek dan area kerja konstruksi untuk tujuan pembelajaran.;Kota Banjar;;4;Aktif;14/07/2026;28/07/2026;Program studi: Teknik Sipil | Tingkat pendidikan: Sarjana;;2026-08-11T05:55:19Z;"maganghub,a243e056-c1ef-4dc2-b33e-d08858781bcf,https://maganghub.kemnaker.go.id/magang-nasional/lowongan/pengawas-a243e056-c1ef-4dc2-b33e-d08858781bcf,9e5b1bb5-acd0-4bd3-b1ad-756db4181cf6,""BBWS Citanduy, Ditjen SDA"",maganghub-9e5b1bb5-acd0-4bd3-b1ad-756db4181cf6,Pengawas,pengawas-a243e056-c1ef-4dc2-b33e-d08858781bcf,""Sistem Bimbingan: Peserta akan didampingi oleh seorang Pengawas Lapangan (Supervision Engineer) atau Direksi Lapangan. | Metode Kerja: Field-based learning. Peserta wajib berada di lokasi proyek (seragam, APD lengkap, dan mematuhi jam kerja proyek). | KPI Magang: | Kedisiplinan (ketepatan waktu dan kehadiran). | Kemampuan membaca gambar teknis (Shop Drawing). | Akurasi dalam laporan harian. | Ketaatan pada protokol K3. | Akses: Akses terbatas pada dokumen teknis proyek dan area kerja konstruksi untuk tujuan pembelajaran."",Kota Banjar,,4,Aktif,2026-07-14,2026-07-28,Program studi: Teknik Sipil | Tingkat pendidikan: Sarjana,,2026-08-11T05:55:19Z";;
maganghub;a23ef7ca-8686-4fb5-aa49-646fda89acfa;https://maganghub.kemnaker.go.id/magang-nasional/lowongan/analis-laboratorium-a23ef7ca-8686-4fb5-aa49-646fda89acfa;0413bb62-a0a0-4e5d-8589-d007d124a416;Balai Standardisasai dan Pelayanan Jasa Industri Pontianak;maganghub-0413bb62-a0a0-4e5d-8589-d007d124a416;Analis Laboratorium;analis-laboratorium-a23ef7ca-8686-4fb5-aa49-646fda89acfa;1. Memahami dan menerapkan K3 Laboratorium serta Tanggap Darurat | 2. Memahami dan menerapkan sistem manajemen mutu berdasarkan ISO/IEC 17025 dan ISO 9001 | 3. Mempelajari tentang teknik pengambilan sampel, melaksanakan preparasi sampel dan pengelolaan peralatan | 4. Mempelajari pelaksanaan pengujian dan/atau kalibrasi sesuai metode uji/kalibrasi yang digunakan serta penggunaan alat instrument | 5. Mempelajari pelaksanaan jaminan mutu;Kota Pontianak;;4;Aktif;14/07/2026;28/07/2026;Program studi: Ilmu Tanah, Kimia, Teknik Fisika, Biologi | Tingkat pendidikan: Diploma, Sarjana;;2026-08-11T05:55:21Z;"maganghub,a23ef7ca-8686-4fb5-aa49-646fda89acfa,https://maganghub.kemnaker.go.id/magang-nasional/lowongan/analis-laboratorium-a23ef7ca-8686-4fb5-aa49-646fda89acfa,0413bb62-a0a0-4e5d-8589-d007d124a416,Balai Standardisasai dan Pelayanan Jasa Industri Pontianak,maganghub-0413bb62-a0a0-4e5d-8589-d007d124a416,Analis Laboratorium,analis-laboratorium-a23ef7ca-8686-4fb5-aa49-646fda89acfa,""1. Memahami dan menerapkan K3 Laboratorium serta Tanggap Darurat | 2. Memahami dan menerapkan sistem manajemen mutu berdasarkan ISO/IEC 17025 dan ISO 9001 | 3. Mempelajari tentang teknik pengambilan sampel, melaksanakan preparasi sampel dan pengelolaan peralatan | 4. Mempelajari pelaksanaan pengujian dan/atau kalibrasi sesuai metode uji/kalibrasi yang digunakan serta penggunaan alat instrument | 5. Mempelajari pelaksanaan jaminan mutu"",Kota Pontianak,,4,Aktif,2026-07-14,2026-07-28,""Program studi: Ilmu Tanah, Kimia, Teknik Fisika, Biologi | Tingkat pendidikan: Diploma, Sarjana"",,2026-08-11T05:55:21Z";;
maganghub;a23adbe0-b9c4-46ef-a4d5-0874295e2ceb;https://maganghub.kemnaker.go.id/magang-nasional/lowongan/analis-laboratorium-a23adbe0-b9c4-46ef-a4d5-0874295e2ceb;17fb6714-e6fb-4b15-a891-267e406dd39e;Balai Standardisasai dan Pelayanan Jasa Industri Palembang;maganghub-17fb6714-e6fb-4b15-a891-267e406dd39e;Analis Laboratorium;analis-laboratorium-a23adbe0-b9c4-46ef-a4d5-0874295e2ceb;'- Menerima, memberi kode, dan mempersiapkan sampel yang akan diuji sesuai prosedur operasi standar (SOP). | - Membantu proses pengujian kimia/fisika/mikrobiologi serta kalibrasi peralatan laboratorium di bawah supervisi analis senior. | - Mencatat data hasil pengujian mentah secara presisi dan menjaga kebersihan serta aspek K3 area kerja laboratorium.;Kota Palembang;;4;Aktif;14/07/2026;28/07/2026;Program studi: Analisis Kimia, Analis Kimia | Tingkat pendidikan: Diploma;;2026-08-11T05:55:23Z;"maganghub,a23adbe0-b9c4-46ef-a4d5-0874295e2ceb,https://maganghub.kemnaker.go.id/magang-nasional/lowongan/analis-laboratorium-a23adbe0-b9c4-46ef-a4d5-0874295e2ceb,17fb6714-e6fb-4b15-a891-267e406dd39e,Balai Standardisasai dan Pelayanan Jasa Industri Palembang,maganghub-17fb6714-e6fb-4b15-a891-267e406dd39e,Analis Laboratorium,analis-laboratorium-a23adbe0-b9c4-46ef-a4d5-0874295e2ceb,""'- Menerima, memberi kode, dan mempersiapkan sampel yang akan diuji sesuai prosedur operasi standar (SOP). | - Membantu proses pengujian kimia/fisika/mikrobiologi serta kalibrasi peralatan laboratorium di bawah supervisi analis senior. | - Mencatat data hasil pengujian mentah secara presisi dan menjaga kebersihan serta aspek K3 area kerja laboratorium."",Kota Palembang,,4,Aktif,2026-07-14,2026-07-28,""Program studi: Analisis Kimia, Analis Kimia | Tingkat pendidikan: Diploma"",,2026-08-11T05:55:23Z";;
maganghub;a23ff1d7-54db-43ef-8e68-f42f478bc1ec;https://maganghub.kemnaker.go.id/magang-nasional/lowongan/admin-sertifikasi-a23ff1d7-54db-43ef-8e68-f42f478bc1ec;96c50735-538e-4020-8839-0030ae7ded5f;Balai Standardisasai dan Pelayanan Jasa Industri Medan;maganghub-96c50735-538e-4020-8839-0030ae7ded5f;Admin Sertifikasi;admin-sertifikasi-a23ff1d7-54db-43ef-8e68-f42f478bc1ec;'- Membantu melakukan analisa data | - Membantu dalam melakukan pelaporan bulanan | - Membantu operasional harian lspro | - Membantu dalam pemeliharaan lembaga sertifikasi;Kota Medan;;4;Aktif;14/07/2026;28/07/2026;Program studi: Teknik Industri, Teknik Kimia, Hukum | Tingkat pendidikan: Sarjana;;2026-08-11T05:55:25Z;"maganghub,a23ff1d7-54db-43ef-8e68-f42f478bc1ec,https://maganghub.kemnaker.go.id/magang-nasional/lowongan/admin-sertifikasi-a23ff1d7-54db-43ef-8e68-f42f478bc1ec,96c50735-538e-4020-8839-0030ae7ded5f,Balai Standardisasai dan Pelayanan Jasa Industri Medan,maganghub-96c50735-538e-4020-8839-0030ae7ded5f,Admin Sertifikasi,admin-sertifikasi-a23ff1d7-54db-43ef-8e68-f42f478bc1ec,'- Membantu melakukan analisa data | - Membantu dalam melakukan pelaporan bulanan | - Membantu operasional harian lspro | - Membantu dalam pemeliharaan lembaga sertifikasi,Kota Medan,,4,Aktif,2026-07-14,2026-07-28,""Program studi: Teknik Industri, Teknik Kimia, Hukum | Tingkat pendidikan: Sarjana"",,2026-08-11T05:55:25Z";;
maganghub;a23f7cd7-f09a-4b8e-999d-9246a2f47c4a;https://maganghub.kemnaker.go.id/magang-nasional/lowongan/marketing-dan-hubungan-masyarakat-a23f7cd7-f09a-4b8e-999d-9246a2f47c4a;efeae5b1-91da-456a-bc14-da296364e85a;Balai Standardisasai dan Pelayanan Jasa Industri Manado;maganghub-efeae5b1-91da-456a-bc14-da296364e85a;Marketing dan Hubungan Masyarakat;marketing-dan-hubungan-masyarakat-a23f7cd7-f09a-4b8e-999d-9246a2f47c4a;Program pelatihan terapan yang menjembatani teori akademis dengan praktik industri. Peserta akan menguasai strategi komunikasi dua arah untuk membangun citra positif brand sekaligus mendorong akuisisi dan retensi konsumen.;Kota Manado;;4;Aktif;14/07/2026;28/07/2026;Program studi: Manajemen, Ilmu Komunikasi, Desain Komunikasi Visual, Manajemen Pemasaran | Tingkat pendidikan: Sarjana;;2026-08-11T05:55:27Z;"maganghub,a23f7cd7-f09a-4b8e-999d-9246a2f47c4a,https://maganghub.kemnaker.go.id/magang-nasional/lowongan/marketing-dan-hubungan-masyarakat-a23f7cd7-f09a-4b8e-999d-9246a2f47c4a,efeae5b1-91da-456a-bc14-da296364e85a,Balai Standardisasai dan Pelayanan Jasa Industri Manado,maganghub-efeae5b1-91da-456a-bc14-da296364e85a,Marketing dan Hubungan Masyarakat,marketing-dan-hubungan-masyarakat-a23f7cd7-f09a-4b8e-999d-9246a2f47c4a,Program pelatihan terapan yang menjembatani teori akademis dengan praktik industri. Peserta akan menguasai strategi komunikasi dua arah untuk membangun citra positif brand sekaligus mendorong akuisisi dan retensi konsumen.,Kota Manado,,4,Aktif,2026-07-14,2026-07-28,""Program studi: Manajemen, Ilmu Komunikasi, Desain Komunikasi Visual, Manajemen Pemasaran | Tingkat pendidikan: Sarjana"",,2026-08-11T05:55:27Z";;
maganghub;a23fa534-e0ec-4685-b7e6-bc8a9791ec60;https://maganghub.kemnaker.go.id/magang-nasional/lowongan/penguji-mutu-barang-a23fa534-e0ec-4685-b7e6-bc8a9791ec60;6838def3-f4b3-44cc-9910-a5bb3bef6b03;Balai Standardisasai dan Pelayanan Jasa Industri Banda Aceh;maganghub-6838def3-f4b3-44cc-9910-a5bb3bef6b03;Penguji Mutu Barang;penguji-mutu-barang-a23fa534-e0ec-4685-b7e6-bc8a9791ec60;Melakukan pengujian (menyususn rencana dan program pengujian mutu barang) fisik, kimia, mikrobiologi, lingkungan pada laboratorium untuk keperluan pengawasan atau layanan publik;Kota Banda Aceh;;4;Aktif;14/07/2026;28/07/2026;Program studi: Teknologi Pangan, Kimia, Biologi, Teknologi Hasil Pertanian | Tingkat pendidikan: Sarjana;;2026-08-11T05:55:29Z;"maganghub,a23fa534-e0ec-4685-b7e6-bc8a9791ec60,https://maganghub.kemnaker.go.id/magang-nasional/lowongan/penguji-mutu-barang-a23fa534-e0ec-4685-b7e6-bc8a9791ec60,6838def3-f4b3-44cc-9910-a5bb3bef6b03,Balai Standardisasai dan Pelayanan Jasa Industri Banda Aceh,maganghub-6838def3-f4b3-44cc-9910-a5bb3bef6b03,Penguji Mutu Barang,penguji-mutu-barang-a23fa534-e0ec-4685-b7e6-bc8a9791ec60,""Melakukan pengujian (menyususn rencana dan program pengujian mutu barang) fisik, kimia, mikrobiologi, lingkungan pada laboratorium untuk keperluan pengawasan atau layanan publik"",Kota Banda Aceh,,4,Aktif,2026-07-14,2026-07-28,""Program studi: Teknologi Pangan, Kimia, Biologi, Teknologi Hasil Pertanian | Tingkat pendidikan: Sarjana"",,2026-08-11T05:55:29Z";;
maganghub;a243f886-d7a0-49fa-b670-7af09432dd33;https://maganghub.kemnaker.go.id/magang-nasional/lowongan/staff-pengendali-lingkungan-a243f886-d7a0-49fa-b670-7af09432dd33;ea070121-1f99-4863-b925-1b36ff6a83dd;Bidang Wilayah II, Pusat Pengendalian LH Wilayah Kalimantan - Kalimantan Selatan dan Tengah;maganghub-ea070121-1f99-4863-b925-1b36ff6a83dd;Staff Pengendali Lingkungan;staff-pengendali-lingkungan-a243f886-d7a0-49fa-b670-7af09432dd33;Melakukan pemantauan dan pengumpulan data kualitas lingkungan (air/udara/tanah) | • Melakukan verifikasi dokumen persetujuan teknis dan kelayakan operasional | • Mengoperasikan dan memvalidasi sistem pelaporan elektronik (SIMPEL/SPARING/PROPER) | • Menyusun rekomendasi pengendalian pencemaran dan kerusakan lingkungan | • Melakukan pembinaan dan sosialisasi kepada pelaku usaha/masyarakat | • Menyusun laporan pemantauan berkala;Kota Banjarbaru;;4;Aktif;14/07/2026;28/07/2026;Program studi: Teknik Lingkungan, Ilmu Komunikasi, Desain Komunikasi Visual | Tingkat pendidikan: Sarjana;;2026-08-11T05:55:31Z;"maganghub,a243f886-d7a0-49fa-b670-7af09432dd33,https://maganghub.kemnaker.go.id/magang-nasional/lowongan/staff-pengendali-lingkungan-a243f886-d7a0-49fa-b670-7af09432dd33,ea070121-1f99-4863-b925-1b36ff6a83dd,""Bidang Wilayah II, Pusat Pengendalian LH Wilayah Kalimantan - Kalimantan Selatan dan Tengah"",maganghub-ea070121-1f99-4863-b925-1b36ff6a83dd,Staff Pengendali Lingkungan,staff-pengendali-lingkungan-a243f886-d7a0-49fa-b670-7af09432dd33,Melakukan pemantauan dan pengumpulan data kualitas lingkungan (air/udara/tanah) | • Melakukan verifikasi dokumen persetujuan teknis dan kelayakan operasional | • Mengoperasikan dan memvalidasi sistem pelaporan elektronik (SIMPEL/SPARING/PROPER) | • Menyusun rekomendasi pengendalian pencemaran dan kerusakan lingkungan | • Melakukan pembinaan dan sosialisasi kepada pelaku usaha/masyarakat | • Menyusun laporan pemantauan berkala,Kota Banjarbaru,,4,Aktif,2026-07-14,2026-07-28,""Program studi: Teknik Lingkungan, Ilmu Komunikasi, Desain Komunikasi Visual | Tingkat pendidikan: Sarjana"",,2026-08-11T05:55:31Z";;
maganghub;a243d427-bf1e-49b9-be38-31827669905b;https://maganghub.kemnaker.go.id/magang-nasional/lowongan/teknisi-budidaya-a243d427-bf1e-49b9-be38-31827669905b;889d82fe-2c8b-4079-9c3d-af5703e916c4;Balai Produksi Induk Udang Uunggul dan Kekerangan Karangasem;maganghub-889d82fe-2c8b-4079-9c3d-af5703e916c4;Teknisi budidaya;teknisi-budidaya-a243d427-bf1e-49b9-be38-31827669905b;Melakukan kegiatan budidaya udang vaname dari persiapan wadah, penebaran benih, pemberian pakan, pengelolaan lingkungam dan penyakit ikan, sampai kegiatan panen;Kab. Karangasem;;4;Aktif;14/07/2026;28/07/2026;Program studi: Budidaya Perikanan, Akuakultur, Budidaya Perairan | Tingkat pendidikan: Sarjana, Diploma;;2026-08-11T05:55:33Z;"maganghub,a243d427-bf1e-49b9-be38-31827669905b,https://maganghub.kemnaker.go.id/magang-nasional/lowongan/teknisi-budidaya-a243d427-bf1e-49b9-be38-31827669905b,889d82fe-2c8b-4079-9c3d-af5703e916c4,Balai Produksi Induk Udang Uunggul dan Kekerangan Karangasem,maganghub-889d82fe-2c8b-4079-9c3d-af5703e916c4,Teknisi budidaya,teknisi-budidaya-a243d427-bf1e-49b9-be38-31827669905b,""Melakukan kegiatan budidaya udang vaname dari persiapan wadah, penebaran benih, pemberian pakan, pengelolaan lingkungam dan penyakit ikan, sampai kegiatan panen"",Kab. Karangasem,,4,Aktif,2026-07-14,2026-07-28,""Program studi: Budidaya Perikanan, Akuakultur, Budidaya Perairan | Tingkat pendidikan: Sarjana, Diploma"",,2026-08-11T05:55:33Z";;
