source,source_id,source_url,perusahaan_source_id,perusahaan_nama,perusahaan_id,judul,slug,deskripsi,lokasi,durasi,kuota,status,tgl_buka,tgl_tutup,syarat,kontak_email,scraped_at
maganghub,a2414c24-688a-4bb1-8fd1-835d97cb6376,https://maganghub.kemnaker.go.id/magang-nasional/lowongan/operation-support-intern-a2414c24-688a-4bb1-8fd1-835d97cb6376,019f4ac5-f358-72b1-a136-74878ac6f816,PT. Bank Syariah Indonesia.tbk,maganghub-019f4ac5-f358-72b1-a136-74878ac6f816,Operation Support Intern,operation-support-intern-a2414c24-688a-4bb1-8fd1-835d97cb6376,"Mengidentifikasi kebutuhan operasional lintas divisi serta menyusun rekomendasi perbaikan proses kerja untuk mendukung efisiensi bisnis pusat. | Melakukan koordinasi dan komunikasi antar-divisi terkait dokumen, jadwal, serta kebutuhan administratif yang bersifat strategis. | Menjalankan proses kompilasi, validasi, dan pelaporan data operasional sesuai standar dan tenggat waktu yang ditetapkan. | Menindaklanjuti proses procurement, kerja sama vendor, hingga penyelesaian dokumen pendukung sampai tuntas. | Memastikan seluruh aktivitas operasional berjalan sesuai ketentuan internal, prinsip kehati-hatian, dan tata kelola perusahaan yang baik (GCG).",Kota Adm. Jakarta Selatan,,150,Aktif,2026-07-14,2026-07-28,"Program studi: Manajemen, Teknik Industri, Ekonomi, Administrasi Bisnis, Ekonomi Syariah (Ekonomi Islam) | Tingkat pendidikan: Sarjana, Diploma, Profesi",nur.laila1093@bankbsi.co.id,2026-08-11T03:16:06Z
maganghub,a2418605-2c57-41be-9b5d-a433165b00eb,https://maganghub.kemnaker.go.id/magang-nasional/lowongan/perawat-a2418605-2c57-41be-9b5d-a433165b00eb,74bb04b5-8aff-460b-8fae-1e9dba17818b,Rumah Sakit Jantung dan Pembuluh Darah Harapan Kita Jakarta,maganghub-74bb04b5-8aff-460b-8fae-1e9dba17818b,Perawat,perawat-a2418605-2c57-41be-9b5d-a433165b00eb,"Persyaratan Tambahan STR Profesi Ners | Melakukan pengkajian data dasar individu, memfasilitasi penggunaan alat pengaman untuk mencegah risiko cidera, memfasilitasi kebutuhan cairan, memfasilitasi kebutuhan nutrisi, memfasilitasi kebutuhan eliminasi, memfasilitasi kebutuhan kebersihan diri pasien, memfasilitasi kebutuhan istirahat dan tidur, memberikan posisi nyaman, melakukan tindakan pencegahan nosokomial infeksi, melakukan pengukuran tanda-tanda vital (TD, nadi, pernapasan, saturasi oksigen)",Kota Adm. Jakarta Barat,,121,Aktif,2026-07-14,2026-07-28,"Program studi: Keperawatan, Ilmu Keperawatan, Keperawatan, keperawatan | Tingkat pendidikan: Profesi",,2026-08-11T03:16:08Z
maganghub,a2416468-3f93-4573-8cd1-75f823a03f71,https://maganghub.kemnaker.go.id/magang-nasional/lowongan/data-analyst-intern-a2416468-3f93-4573-8cd1-75f823a03f71,019f4ac5-f358-72b1-a136-74878ac6f816,PT. Bank Syariah Indonesia.tbk,maganghub-019f4ac5-f358-72b1-a136-74878ac6f816,Data Analyst Intern,data-analyst-intern-a2416468-3f93-4573-8cd1-75f823a03f71,"Mengumpulkan dan menyajikan data, informasi, serta kelengkapan dokumen terkait aktivitas Unit Kerja. | Melakukan administrasi, korespondensi, dan pengarsipan dokumen sesuai standar yang berlaku. | Menyusun laporan sederhana sebagai pendukung monitoring dan evaluasi. | Memberikan dukungan operasional dalam pemenuhan kebutuhan aktivitas unit kerja, termasuk koordinasi lintas unit. | Melakukan managemen terhadap data yang digunakan dan memastikan akurasi data",Kota Adm. Jakarta Selatan,,120,Aktif,2026-07-14,2026-07-28,"Program studi: Teknik Informatika, Sains Data, Aktuaria, Sistem Informasi, Statistika | Tingkat pendidikan: Diploma, Sarjana, Profesi",nur.laila1093@bankbsi.co.id,2026-08-11T03:16:10Z
maganghub,a23b8fa1-7c9e-476c-9bc0-d51d58a602e1,https://maganghub.kemnaker.go.id/magang-nasional/lowongan/elektrik-a23b8fa1-7c9e-476c-9bc0-d51d58a602e1,019f5043-6585-7089-b188-0e57d8827960,Fajar Metal Industry,maganghub-019f5043-6585-7089-b188-0e57d8827960,Elektrik,elektrik-a23b8fa1-7c9e-476c-9bc0-d51d58a602e1,"Kurikulum ini dirancang untuk membekali peserta magang dengan kompetensi dasar hingga lanjutan di bidang kelistrikan industri. Peserta akan mempelajari keselamatan kerja kelistrikan, instalasi dan perawatan sistem listrik, penggunaan alat ukur, troubleshooting, serta pelaksanaan maintenance di bawah bimbingan mentor sesuai standar operasional.",Kab. Morowali,,101,Aktif,2026-07-14,2026-07-28,"Program studi: Pendidikan Teknik Elektro, Elektronika, Rekayasa Elektro, Teknik Elektro, Elektronika dan Instrumentasi | Tingkat pendidikan: Diploma, Sarjana",secretariat@fajarmetal.com,2026-08-11T03:16:12Z
maganghub,a23f49fb-8102-4079-8363-13d371194036,https://maganghub.kemnaker.go.id/magang-nasional/lowongan/ners-a23f49fb-8102-4079-8363-13d371194036,b3b4401e-7892-4515-ac72-0f054af5be2b,Rumah Sakit Universitas Indonesia,maganghub-b3b4401e-7892-4515-ac72-0f054af5be2b,Ners,ners-a23f49fb-8102-4079-8363-13d371194036,"Bertanggung jawab melaksanakan dan mendukung pemberian asuhan keperawatan yang berpusat pada pasien melalui proses keperawatan, pengkajian dan pemeriksaan fisik, pemenuhan kebutuhan dasar pasien, pemberian obat secara aman, pendidikan kesehatan, pencegahan infeksi dan penerapan keselamatan pasien, dokumentasi asuhan, handover, deteksi dini perburukan kondisi pasien, serta pelaksanaan tindakan keperawatan sesuai standar, etika, dan ketentuan pelayanan keperawatan di Rumah Sakit Pendidikan Universitas Indonesia dengan supervisi perawat/preseptor.",Kota Depok,,154,Aktif,2026-07-14,2026-07-28,"Program studi: Keperawatan, Ilmu Keperawatan | Tingkat pendidikan: Profesi",sdm@rs.ui.ac.id,2026-08-11T03:16:14Z
maganghub,a21f9c4a-cb80-4b53-884c-2978e3217301,https://maganghub.kemnaker.go.id/magang-nasional/lowongan/paper-production--maintenance-listrik-&-elektro-a21f9c4a-cb80-4b53-884c-2978e3217301,247daf80-adf6-4fe6-b3c4-c75cecab14b1,PTpabrik Kertas Tjiwi Kimia Tbk,maganghub-247daf80-adf6-4fe6-b3c4-c75cecab14b1,Paper Production / Maintenance (Listrik & Elektro),paper-production-maintenance-listrik-elektro-a21f9c4a-cb80-4b53-884c-2978e3217301,Membantu proses produksi produk stationery sesuai SOP. | Menyiapkan bahan baku dan material produksi. | Mengoperasikan mesin produksi sederhana di bawah bimbingan mentor. | Melakukan pengecekan kualitas produk sesuai standar perusahaan. | Menjaga kebersihan area kerja dan menerapkan prosedur K3. | Membuat laporan hasil pekerjaan kepada supervisor/mentor,Kab. Sidoarjo,,100,Aktif,2026-07-14,2026-07-28,"Program studi: Teknik Listrik, Sistem Kelistrikan, Teknik Otomotif Elektronik, Teknik Elektronika, Teknik Elektro | Tingkat pendidikan: Diploma, Sarjana",nurvita_kurniawati@app.co.id,2026-08-11T03:16:15Z
maganghub,a21f9d53-9ad9-462e-aa99-8a8e4d493292,https://maganghub.kemnaker.go.id/magang-nasional/lowongan/paper--chemical-production-a21f9d53-9ad9-462e-aa99-8a8e4d493292,247daf80-adf6-4fe6-b3c4-c75cecab14b1,PTpabrik Kertas Tjiwi Kimia Tbk,maganghub-247daf80-adf6-4fe6-b3c4-c75cecab14b1,Paper / Chemical Production,paper-chemical-production-a21f9d53-9ad9-462e-aa99-8a8e4d493292,Membantu proses produksi produk stationery sesuai SOP. | Menyiapkan bahan baku dan material produksi. | Mengoperasikan mesin produksi sederhana di bawah bimbingan mentor. | Melakukan pengecekan kualitas produk sesuai standar perusahaan. | Menjaga kebersihan area kerja dan menerapkan prosedur K3. | Membuat laporan hasil pekerjaan kepada supervisor/mentor.,Kab. Sidoarjo,,100,Aktif,2026-07-14,2026-07-28,"Program studi: Teknologi Kimia Industri, Teknik Industri, Teknik Instrumentasi, Teknik Komputer, Teknik Kimia | Tingkat pendidikan: Diploma, Sarjana",nurvita_kurniawati@app.co.id,2026-08-11T03:16:17Z
maganghub,a21f98fe-49c2-4870-bb60-182ee42ab787,https://maganghub.kemnaker.go.id/magang-nasional/lowongan/paper-production--maintenance-mechanical-a21f98fe-49c2-4870-bb60-182ee42ab787,247daf80-adf6-4fe6-b3c4-c75cecab14b1,PTpabrik Kertas Tjiwi Kimia Tbk,maganghub-247daf80-adf6-4fe6-b3c4-c75cecab14b1,Paper Production / Maintenance (Mechanical),paper-production-maintenance-mechanical-a21f98fe-49c2-4870-bb60-182ee42ab787,Membantu proses produksi produk stationery sesuai SOP. | Menyiapkan bahan baku dan material produksi. | Mengoperasikan mesin produksi sederhana di bawah bimbingan mentor. | Melakukan pengecekan kualitas produk sesuai standar perusahaan. | Menjaga kebersihan area kerja dan menerapkan prosedur K3. | Membuat laporan hasil pekerjaan kepada supervisor/mentor.,Kab. Sidoarjo,,100,Aktif,2026-07-14,2026-07-28,"Program studi: Teknik Mesin dan Manufaktur, Teknik Mesin Industri, Teknik Mesin, Pendidikan Teknik Mesin, Teknik Mesin Produksi dan Perawatan | Tingkat pendidikan: Diploma, Sarjana",nurvita_kurniawati@app.co.id,2026-08-11T03:16:19Z
maganghub,a23f3ff4-3ca3-410e-8aac-4cf945ed7040,https://maganghub.kemnaker.go.id/magang-nasional/lowongan/asisten-planner-a23f3ff4-3ca3-410e-8aac-4cf945ed7040,019f4579-cb8f-72b7-9523-3eeaead09cc3,PT Garuda Maintenance Facility Aero Asia Tbk,maganghub-019f4579-cb8f-72b7-9523-3eeaead09cc3,Asisten Planner,asisten-planner-a23f3ff4-3ca3-410e-8aac-4cf945ed7040,"Assistant Planner dalam program pemagangan di MRO adalah peserta yang membantu proses perencanaan kegiatan perawatan pesawat udara melalui penyusunan rencana kerja, koordinasi kebutuhan sumber daya, serta penerapan komunikasi, keselamatan kerja, dan standar operasional untuk mendukung kelancaran proses maintenance.",Kota Tangerang,,300,Aktif,2026-07-14,2026-07-28,"Program studi: Administrasi BIsnis, Logistik, Manajemen, Teknik Industri, Teknik Perawatan Pesawat Udara | Tingkat pendidikan: Sarjana, Diploma",corporatesecretary@gmf-aeroasia.co.id,2026-08-11T03:16:21Z
maganghub,a23f419f-a3f7-44a5-ac77-5bd660aa0c4b,https://maganghub.kemnaker.go.id/magang-nasional/lowongan/asisten-warehouse-a23f419f-a3f7-44a5-ac77-5bd660aa0c4b,019f4579-cb8f-72b7-9523-3eeaead09cc3,PT Garuda Maintenance Facility Aero Asia Tbk,maganghub-019f4579-cb8f-72b7-9523-3eeaead09cc3,Asisten Warehouse,asisten-warehouse-a23f419f-a3f7-44a5-ac77-5bd660aa0c4b,"Asisten Warehouse dalam program pemagangan di MRO adalah peserta yang membantu pelaksanaan kegiatan pergudangan, mulai dari penerimaan, penyimpanan, permintaan, hingga pemindahan material. Selain itu, peserta menerapkan komunikasi yang efektif, budaya keselamatan kerja, dan standar operasional untuk mendukung kelancaran pengelolaan material sesuai prosedur yang berlaku.",Kota Tangerang,,300,Aktif,2026-07-14,2026-07-28,"Program studi: Teknik Mesin, Teknik Industri, Teknik Perawatan Pesawat Udara, Teknologi Pemeliharaan Pesawat Udara, Teknik Elektro | Tingkat pendidikan: Sarjana, Diploma",corporatesecretary@gmf-aeroasia.co.id,2026-08-11T03:16:23Z
maganghub,a23970ae-2c5c-48e5-992c-2d6a6b089df5,https://maganghub.kemnaker.go.id/magang-nasional/lowongan/brilian-internship-assistant-it-directorate-a23970ae-2c5c-48e5-992c-2d6a6b089df5,afd255b6-f2db-40ca-8a8a-f33029cf00a4,PT Bank Rakyat Indonesia (Persero) Tbk,maganghub-afd255b6-f2db-40ca-8a8a-f33029cf00a4,Brilian Internship Assistant IT Directorate,brilian-internship-assistant-it-directorate-a23970ae-2c5c-48e5-992c-2d6a6b089df5,"'- Melakukan pengolahan dan Analisa Data Bisnis dan Operasional. - Melakukan penyususunan Rencana Marketing, Mapping Potensi Pemasaran, dan Strategi Marketing. - Melaksanakan administrasi operasional dan bisnis - Menyusun materi komunikasi dan mengkomunikasikan materi dengan efektif - Menyajikan laporan pelaksanaan pekerjaan. - Mengimplementasikan bidang keilmuan dalam pekerjaan.",Kota Adm. Jakarta Pusat,,96,Aktif,2026-07-14,2026-07-28,"Program studi: Teknik Informatika, Ilmu Komputer, Sistem Informasi, Teknik Elektro, Ilmu Hukum | Tingkat pendidikan: Diploma, Sarjana",alamsyah.wahyu@corp.bri.co.id,2026-08-11T03:16:25Z
maganghub,a240c27e-c9e8-4eb9-8e22-b1b5dbb4d80c,https://maganghub.kemnaker.go.id/magang-nasional/lowongan/perawat-a240c27e-c9e8-4eb9-8e22-b1b5dbb4d80c,0ffee2eb-0d34-4ac8-8585-e2d98f879615,Rumah Sakit Umum Pusat Makassar,maganghub-0ffee2eb-0d34-4ac8-8585-e2d98f879615,Perawat,perawat-a240c27e-c9e8-4eb9-8e22-b1b5dbb4d80c,"Mendukung pelaksanaan pelayanan keperawatan melalui pemberian asuhan keperawatan, pendokumentasian tindakan, penerapan keselamatan pasien, kolaborasi dengan tim kesehatan, serta pelayanan sesuai standar operasional prosedur rumah sakit. Wajib memiliki STR. | Bergabung di grup melalui tautan berikut: https://chat.whatsapp.com/LHMw8T7RKrM6br0UfGfmfd?mode=gi_t",Kota Makassar,,92,Aktif,2026-07-14,2026-07-28,"Program studi: Keperawatan | Tingkat pendidikan: Sarjana, Profesi, Diploma",,2026-08-11T03:16:26Z
maganghub,a23ddf07-78c5-413f-addf-72e8584aca0a,https://maganghub.kemnaker.go.id/magang-nasional/lowongan/asisten-statistisi-a23ddf07-78c5-413f-addf-72e8584aca0a,98f0c792-a545-407b-a34d-2dbcf5ff0702,BPS Kabupaten Aceh Singkil,maganghub-98f0c792-a545-407b-a34d-2dbcf5ff0702,Asisten Statistisi,asisten-statistisi-a23ddf07-78c5-413f-addf-72e8584aca0a,"Membantu pengumpulan, pengolahan, verifikasi, dan penyajian data statistik; mendukung kegiatan survei dan analisis data untuk menghasilkan informasi statistik yang akurat.",Kab. Aceh Singkil,,80,Aktif,2026-07-14,2026-07-28,"Program studi: Geografi Lingkungan, Teknologi Informasi, Teknik Industri, Ekonomi, Statistika dan Sains Data | Tingkat pendidikan: Sarjana",,2026-08-11T03:16:28Z
maganghub,a243c2b3-bfa0-40cc-b431-eb86c31696e0,https://maganghub.kemnaker.go.id/magang-nasional/lowongan/penata-layanan-operasional-a243c2b3-bfa0-40cc-b431-eb86c31696e0,f75827ae-1638-4b07-a347-d354dc9dccdd,Kementerian Kebudayaan,maganghub-f75827ae-1638-4b07-a347-d354dc9dccdd,Penata Layanan Operasional,penata-layanan-operasional-a243c2b3-bfa0-40cc-b431-eb86c31696e0,"Pengelolaan surat-surat masuk dan keluar, kearsipan, pengolahan data, perbantuan penyusunan dokumen laporan, dukungan administrasi dan teknis/keahlian yang dibutuhkan guna kelancaran pelaksanaan tugas dan fungsi instansi",Kota Adm. Jakarta Pusat,,75,Aktif,2026-07-14,2026-07-28,"Program studi: Ilmu Sejarah, Sosiologi, Pendidikan Seni, Desain Komunikasi Visual, Perpustakaan | Tingkat pendidikan: Sarjana",,2026-08-11T03:16:30Z
maganghub,a243ce0f-cdca-4f06-b473-6f1fa0f8893b,https://maganghub.kemnaker.go.id/magang-nasional/lowongan/penata-layanan-operasional-a243ce0f-cdca-4f06-b473-6f1fa0f8893b,f75827ae-1638-4b07-a347-d354dc9dccdd,Kementerian Kebudayaan,maganghub-f75827ae-1638-4b07-a347-d354dc9dccdd,Penata Layanan Operasional,penata-layanan-operasional-a243ce0f-cdca-4f06-b473-6f1fa0f8893b,"Pengelolaan surat-surat masuk dan keluar, kearsipan, pengolahan data, perbantuan penyusunan dokumen laporan, dukungan administrasi dan teknis/keahlian yang dibutuhkan guna kelancaran pelaksanaan tugas dan fungsi instansi.",Kota Adm. Jakarta Pusat,,75,Aktif,2026-07-14,2026-07-28,"Program studi: Ilmu Komputer, Hubungan Internasional, Teknik Elektro, Akuntansi, Film Dan Televisi | Tingkat pendidikan: Sarjana",,2026-08-11T03:16:32Z
maganghub,a243bc9a-7011-4a8d-bbda-55cbd680dd43,https://maganghub.kemnaker.go.id/magang-nasional/lowongan/penata-layanan-operasional-a243bc9a-7011-4a8d-bbda-55cbd680dd43,f75827ae-1638-4b07-a347-d354dc9dccdd,Kementerian Kebudayaan,maganghub-f75827ae-1638-4b07-a347-d354dc9dccdd,Penata Layanan Operasional,penata-layanan-operasional-a243bc9a-7011-4a8d-bbda-55cbd680dd43,"Pengelolaan surat-surat masuk dan keluar, kearsipan, pengolahan data, perbantuan penyusunan dokumen laporan, dukungan administrasi dan teknis/keahlian yang dibutuhkan guna kelancaran pelaksanaan tugas dan fungsi instansi",Kota Adm. Jakarta Pusat,,75,Aktif,2026-07-14,2026-07-28,"Program studi: Teknik Informatika, Antropologi, Manajemen, Arkeologi, Ilmu Hukum | Tingkat pendidikan: Sarjana",,2026-08-11T03:16:33Z
maganghub,a243be04-8eac-43f4-b062-1106a89c2b8e,https://maganghub.kemnaker.go.id/magang-nasional/lowongan/penata-layanan-operasional-a243be04-8eac-43f4-b062-1106a89c2b8e,f75827ae-1638-4b07-a347-d354dc9dccdd,Kementerian Kebudayaan,maganghub-f75827ae-1638-4b07-a347-d354dc9dccdd,Penata Layanan Operasional,penata-layanan-operasional-a243be04-8eac-43f4-b062-1106a89c2b8e,"Pengelolaan surat-surat masuk dan keluar, kearsipan, pengolahan data, perbantuan penyusunan dokumen laporan, dukungan administrasi dan teknis/keahlian yang dibutuhkan guna kelancaran pelaksanaan tugas dan fungsi instansi",Kota Adm. Jakarta Pusat,,75,Aktif,2026-07-14,2026-07-28,"Program studi: Psikologi, Ilmu Ekonomi, Arsitektur, Administrasi Pemerintahan, Ilmu Komunikasi | Tingkat pendidikan: Sarjana",,2026-08-11T03:16:35Z
maganghub,a239aca2-a4f4-47ff-8dcb-1ee37ca25013,https://maganghub.kemnaker.go.id/magang-nasional/lowongan/magang-digitalisasi-transformation-dx-a239aca2-a4f4-47ff-8dcb-1ee37ca25013,4c656ad3-c17b-4f5d-930c-dd6025d5c728,PT Denso Indonesia Bekasi - Plant,maganghub-4c656ad3-c17b-4f5d-930c-dd6025d5c728,Magang Digitalisasi Transformation (DX),magang-digitalisasi-transformation-dx-a239aca2-a4f4-47ff-8dcb-1ee37ca25013,"1. Digitalisasi & Otomasi Proses Kerja | Melakukan digitalisasi dan otomasi proses manual/administrasi (kantin, audit, ordering, dokumen, export-import COO/PIB, checksheet) untuk menggantikan pekerjaan manual menjadi berbasis sistem (paperless). | 2. Visualisasi SOP & Produksi Konten Multimedia | Membuat visualisasi SOP dan konten video/e-learning (SOP-DX, aplikasi DOTA, storyboard, editing video) untuk mempercepat edukasi/OJT MP baru, multiskill, serta training dan awareness perusahaan. | 3. Pengembangan Sistem, Dashboard & Monitoring Data | Mengembangkan sistem/aplikasi (web app, database, F-IoT, PLC/OPC UA) serta dashboard monitoring & analisis data (Power BI/Excel) untuk KPI, warranty, energy, dan visibilitas operasional secara real-time. | 4. Analisis Proses & Improvement (Kaizen) | Melakukan observasi, time study, process mapping, dan analisis bottleneck untuk mengidentifikasi peluang improvement, otomasi (sensor/jig/poka-yoke), serta mendukung trial improvement di area produksi (genba). | 5. Dokumentasi, Pelaporan & Presentasi Hasil | Menyusun dokumen standar (SOP, RA, WI/OPL, requirement analysis), laporan progres/analisis data, serta laporan akhir dan presentasi hasil project digitalisasi sebagai output magang.",Kab. Bekasi,,62,Aktif,2026-07-14,2026-07-28,"Program studi: Teknik Informatika, Teknologi Pendidikan, Rekayasa Perangkat Lunak, Sistem Informasi, Desain Komunikasi Visual | Tingkat pendidikan: Diploma, Sarjana",anrihal.fajari.a3u@ap.denso.com,2026-08-11T03:16:37Z
maganghub,a2397f2a-e9fb-46bd-98d5-bebf300f6fdb,https://maganghub.kemnaker.go.id/magang-nasional/lowongan/brilian-internship-assistant-operation-directorate-a2397f2a-e9fb-46bd-98d5-bebf300f6fdb,afd255b6-f2db-40ca-8a8a-f33029cf00a4,PT Bank Rakyat Indonesia (Persero) Tbk,maganghub-afd255b6-f2db-40ca-8a8a-f33029cf00a4,Brilian Internship Assistant Operation Directorate,brilian-internship-assistant-operation-directorate-a2397f2a-e9fb-46bd-98d5-bebf300f6fdb,"'- Melakukan pengolahan dan Analisa Data Bisnis dan Operasional. - Melakukan penyususunan Rencana Marketing, Mapping Potensi Pemasaran, dan Strategi Marketing. - Melaksanakan administrasi operasional dan bisnis - Menyusun materi komunikasi dan mengkomunikasikan materi dengan efektif - Menyajikan laporan pelaksanaan pekerjaan. - Mengimplementasikan bidang keilmuan dalam pekerjaan.",Kota Adm. Jakarta Pusat,,62,Aktif,2026-07-14,2026-07-28,"Program studi: Teknik Informatika, Sistem Informasi, Desain Komunikasi Visual, Statistika, Akuntansi | Tingkat pendidikan: Diploma, Sarjana",alamsyah.wahyu@corp.bri.co.id,2026-08-11T03:16:41Z
maganghub,a2419ded-18d8-4060-acb3-1b48085a6bb6,https://maganghub.kemnaker.go.id/magang-nasional/lowongan/back-office-general-a2419ded-18d8-4060-acb3-1b48085a6bb6,019f4ae6-368c-723e-b655-812982351cd0,PT BANK SYARIAH INDONESIA - RO IV Jakarta 1,maganghub-019f4ae6-368c-723e-b655-812982351cd0,Back Office (General),back-office-general-a2419ded-18d8-4060-acb3-1b48085a6bb6,"mendukung kelancaran operasional kantor cabang melalui pengelolaan administrasi, verifikasi transaksi, rekonsiliasi data, penyusunan laporan operasional, serta pengarsipan dokumen sesuai dengan ketentuan yang berlaku. Posisi ini memastikan seluruh proses operasional dilaksanakan secara akurat, tepat waktu, dan sesuai dengan standar operasional prosedur (SOP), kebijakan internal, serta regulasi yang ditetapkan oleh otoritas. Selain itu, Back Office (General) memberikan dukungan administratif kepada unit bisnis dan layanan, melakukan koordinasi dengan unit kerja terkait dalam penyelesaian proses operasional, menjaga kerahasiaan data dan dokumen perusahaan, serta mendukung pelaksanaan audit internal maupun eksternal guna menjaga efektivitas, efisiensi, dan kepatuhan operasional perusahaan.",Kota Adm. Jakarta Pusat,,61,Aktif,2026-07-14,2026-07-28,"Program studi: Teknik Multimedia Digital, Administrasi, Statistika, Teknologi Informatika Multimedia Digital, Hukum | Tingkat pendidikan: Diploma, Sarjana",regional4jakarta1@gmail.com,2026-08-11T03:16:43Z
maganghub,a2416647-45e1-45a0-a0ce-bae745ff84db,https://maganghub.kemnaker.go.id/magang-nasional/lowongan/junior-it-intern-a2416647-45e1-45a0-a0ce-bae745ff84db,019f4ac5-f358-72b1-a136-74878ac6f816,PT. Bank Syariah Indonesia.tbk,maganghub-019f4ac5-f358-72b1-a136-74878ac6f816,Junior IT Intern,junior-it-intern-a2416647-45e1-45a0-a0ce-bae745ff84db,"Mengumpulkan dan menyajikan data, informasi, serta kelengkapan dokumen terkait aktivitas operasional IT. | Mengelola korespondensi dan komunikasi resmi yang berhubungan dengan kegiatan IT. | Melakukan administrasi dan pengarsipan seluruh dokumen aktivitas IT sesuai standar yang berlaku. | Menyusun laporan sederhana untuk mendukung pemantauan dan evaluasi aktivitas IT. | Memberikan dukungan kebutuhan operasional dalam pelaksanaan tugas tim IT",Kota Adm. Jakarta Selatan,,60,Aktif,2026-07-14,2026-07-28,"Program studi: Teknik Informatika, Ilmu Komputer, Rekayasa Perangkat Lunak, Sistem Informasi, Teknik Komputer | Tingkat pendidikan: Diploma, Sarjana, Profesi",nur.laila1093@bankbsi.co.id,2026-08-11T03:16:45Z
maganghub,a23f8a23-69c3-494f-8073-1e1b6946c75d,https://maganghub.kemnaker.go.id/magang-nasional/lowongan/brilian-internship-assistant-human-capital-&-ceo-directorate-a23f8a23-69c3-494f-8073-1e1b6946c75d,afd255b6-f2db-40ca-8a8a-f33029cf00a4,PT Bank Rakyat Indonesia (Persero) Tbk,maganghub-afd255b6-f2db-40ca-8a8a-f33029cf00a4,Brilian Internship Assistant Human Capital & CEO Directorate,brilian-internship-assistant-human-capital-ceo-directorate-a23f8a23-69c3-494f-8073-1e1b6946c75d,"'- Melakukan pengolahan dan Analisa Data Bisnis dan Operasional. - Melakukan penyususunan Rencana Marketing, Mapping Potensi Pemasaran, dan Strategi Marketing. - Melaksanakan administrasi operasional dan bisnis - Menyusun materi komunikasi dan mengkomunikasikan materi dengan efektif - Menyajikan laporan pelaksanaan pekerjaan. - Mengimplementasikan bidang keilmuan dalam pekerjaan.",Kota Adm. Jakarta Pusat,,59,Aktif,2026-07-14,2026-07-28,"Program studi: Teknik Informatika, Manajemen, Psikologi, Desain Komunikasi Visual, Statistika | Tingkat pendidikan: Diploma, Sarjana, Profesi",alamsyah.wahyu@corp.bri.co.id,2026-08-11T03:16:46Z
maganghub,a243e056-52c3-4b16-8ece-21c06736bc62,https://maganghub.kemnaker.go.id/magang-nasional/lowongan/perawat-ahli-pertama-ners-a243e056-52c3-4b16-8ece-21c06736bc62,4cfc4216-c015-4df5-8511-d2d9c4a07047,Rumah Sakit Umum Pusat Dr. Wahidin Sudirohusodo Makassar,maganghub-4cfc4216-c015-4df5-8511-d2d9c4a07047,Perawat Ahli Pertama (Ners),perawat-ahli-pertama-ners-a243e056-52c3-4b16-8ece-21c06736bc62,"Memberikan asuhan keperawatan profesional secara komprehensif melalui pengkajian, penetapan diagnosis keperawatan, penyusunan rencana tindakan, implementasi, evaluasi, edukasi pasien, kolaborasi interprofesi, dan dokumentasi pelayanan.",Kota Makassar,,56,Aktif,2026-07-14,2026-07-28,"Program studi: Keperawatan, Ilmu Keperawatan | Tingkat pendidikan: Profesi",,2026-08-11T03:16:48Z
maganghub,a2414eeb-e88d-4f26-b559-b4a3166a76cd,https://maganghub.kemnaker.go.id/magang-nasional/lowongan/creative-design-intern-a2414eeb-e88d-4f26-b559-b4a3166a76cd,019f4ac5-f358-72b1-a136-74878ac6f816,PT. Bank Syariah Indonesia.tbk,maganghub-019f4ac5-f358-72b1-a136-74878ac6f816,Creative Design Intern,creative-design-intern-a2414eeb-e88d-4f26-b559-b4a3166a76cd,"Merancang desain flyer, banner, dan materi promosi untuk mendukung program pemasaran perusahaan. | Mengembangkan infografis informatif untuk kebutuhan edukasi dan komunikasi kepada nasabah. | Menyusun materi presentasi korporat yang sesuai dengan brand guideline perusahaan. | Berkolaborasi dengan departemen lainnya dalam memproduksi aset visual untuk pemasaran dan publikasi digital maupun cetak.",Kota Adm. Jakarta Selatan,,55,Aktif,2026-07-14,2026-07-28,"Program studi: Seni Rupa, Arsitektur, Desain Komunikasi Visual, Desain Produk, Desain Grafis | Tingkat pendidikan: Sarjana, Diploma, Profesi",nur.laila1093@bankbsi.co.id,2026-08-11T03:16:50Z
maganghub,a2397a0e-26e5-409a-8066-f9ba20701737,https://maganghub.kemnaker.go.id/magang-nasional/lowongan/brilian-internship-assistant-consumer-banking-a2397a0e-26e5-409a-8066-f9ba20701737,afd255b6-f2db-40ca-8a8a-f33029cf00a4,PT Bank Rakyat Indonesia (Persero) Tbk,maganghub-afd255b6-f2db-40ca-8a8a-f33029cf00a4,Brilian Internship Assistant Consumer Banking,brilian-internship-assistant-consumer-banking-a2397a0e-26e5-409a-8066-f9ba20701737,"'- Melakukan pengolahan dan Analisa Data Bisnis dan Operasional. - Melakukan penyususunan Rencana Marketing, Mapping Potensi Pemasaran, dan Strategi Marketing. - Melaksanakan administrasi operasional dan bisnis - Menyusun materi komunikasi dan mengkomunikasikan materi dengan efektif - Menyajikan laporan pelaksanaan pekerjaan. - Mengimplementasikan bidang keilmuan dalam pekerjaan.",Kota Adm. Jakarta Pusat,,55,Aktif,2026-07-14,2026-07-28,"Program studi: Teknik Informatika, Manajemen, Statistika, Ilmu Hukum, Desain Grafis | Tingkat pendidikan: Diploma, Sarjana",alamsyah.wahyu@corp.bri.co.id,2026-08-11T03:16:52Z
maganghub,a243500f-ea25-4f33-948b-6d6f5c3ad703,https://maganghub.kemnaker.go.id/magang-nasional/lowongan/perawat-a243500f-ea25-4f33-948b-6d6f5c3ad703,3046a770-946a-4524-a0b6-ae4992b80234,Rumah Sakit Umum Pusat Dr. M. Djamil Padang,maganghub-3046a770-946a-4524-a0b6-ae4992b80234,Perawat,perawat-a243500f-ea25-4f33-948b-6d6f5c3ad703,"""1. memelihara kebersihan ruang rawat dan lingkungannya; | 2. menerima pasien baru sesuai prosedur dan ketentuan yang berlaku; | 3. melakukan pengkajian keperawatan dasar pada individu; | 4. mengajarkan perilaku hidup bersih dan sehat pada individu dalam rangka melakukan upaya promotif; | 5. membuat media untuk peningkatan perilaku hidup bersih dan sehat pada individu dalam rangka melakukan upaya promotif; | 6. memfasilitasi penggunaan alat-alat pengamanan atau pelindung fisik pada pasien untuk mencegah risiko cedera pada individu dalam rangka upaya preventif; | 7. memantau perkembangan pasien sesuai dengan kondisinya (melakukan pemeriksaan fisik, mengamati keadaan pasien) pada individu dalam rangka upaya preventif; | 8. memberikan oksigenasi sederhana; | 9. memberikan bantuan hidup dasar; | 10. melakukan pengukuran antropometri (jika ada); | 11. memfasilitasi pasien dalam memenuhi kebutuhan eliminasi; | 12. memantau keseimbangan cairan dan elektrolit pasien; | 13. melakukan mobilisasi posisi pasien; | 14. mempertahankan posisi anatomis pasien; | 15. memfasilitasi lingkungan yang mendukung istirahat; | 16. memfasilitasi kebiasaaan tidur pasien; | 17. memfasilitasi penggunaan pakaian yang mendukung kenyamanan pada pasien; | 18. memandikan pasien; | 19. membersihkan mulut pasien; | 20. melakukan kegiatan kompres hangat/dingin; | 21. mempertahankan suhu tubuh saat tindakan (memasang warming blanket); | 22. melakukan komunikasi terapeutik dalam pemberian asuhan keperawatan; | 23. melakukan pendampingan pada pasien menjelang ajal (dying care); | 24. memberikan perawatan pada pasien menjelang ajal sampai meninggal; | 25. memberikan dukungan dalam proses kehilangan, berduka dan kematian; | 26. memfasilitasi suasana lingkungan yang tenang dan aman; | 27. melakukan dokumentasi pelaksanaan tindakan keperawatan; | 28. menyusun rencana kegiatan individu perawat; | 29. melaksanakan presentasi kasus dalam upaya meningkatkan asuhan keperawatan; | 30. berperan serta dengan anggota tim kesehatan dalam membahas kasus dalam upaya meningkatkan mutu pelayanan; | 31. melaksanakan evaluasi tindakan keperawatan sesuai batas kemampuannya; | 32. memelihara fasilitas keperawatan dan medis agar selalu dalam keadaan siap pakai; | 33. melatih pasien menggunakan alat bantu seperti : | a. rollstoel | b. tongkat penyanggah | c. protesa dll | 34. melatih pasien untuk melaksanakan tindakan perawatan di rumahmisalnya : | a. merawat luka | b. melatih anggota gerak dll | 35. melaksanakan tugas sore, malam dan hari libur secara bergilir sesuai jadwal dinas; | 36. meningkatkan pengetahuan dan keterampilan antara lain melalui pertemuan ilmiah dan pelatihan; | 37. menjaga kerahasiaan pasien serta informasi lainnya sesuai dengan peraturan yang berlaku di RS; | 38. mengikuti pertemuan berkala/ insidentil yang diadakan kepala instalasi/ pengawas perawatan dan kepala ruangan; | 39. melaksanakan serah terima tugas kepada petugas pengganti secara lisan maupun tertulis pada saat pergantian dinas sesuai standar.""",Kota Padang,,300,Aktif,2026-07-14,2026-07-28,"Program studi: Keperawatan | Tingkat pendidikan: Diploma, Profesi",,2026-08-11T03:16:54Z
maganghub,a21f9f6d-0254-4b3b-af34-be8f70c6d15d,https://maganghub.kemnaker.go.id/magang-nasional/lowongan/warehouse-operation-a21f9f6d-0254-4b3b-af34-be8f70c6d15d,247daf80-adf6-4fe6-b3c4-c75cecab14b1,PTpabrik Kertas Tjiwi Kimia Tbk,maganghub-247daf80-adf6-4fe6-b3c4-c75cecab14b1,Warehouse Operation,warehouse-operation-a21f9f6d-0254-4b3b-af34-be8f70c6d15d,"Menerima dan memeriksa barang yang masuk sesuai dokumen. | Menyusun dan menyimpan barang pada lokasi yang telah ditentukan. | Melakukan proses picking dan packing sesuai permintaan. | Menyiapkan barang untuk proses pengiriman. | Melakukan pengecekan stok serta stock opname secara berkala. | Memastikan jumlah dan kondisi barang sesuai standar perusahaan. | Menjaga kebersihan, keamanan, dan kerapian area gudang. | Mematuhi SOP serta ketentuan Keselamatan dan Kesehatan Kerja (K3). | Membantu aktivitas bongkar muat barang bila diperlukan.",Kab. Sidoarjo,,50,Aktif,2026-07-14,2026-07-28,"Program studi: Akuakultur, Teknik Mesin, Pendidikan Teknik Elektro, Teknologi Rekayasa  Manufaktur, Pendidikan Teknik Otomotif | Tingkat pendidikan: Diploma, Sarjana",nurvita_kurniawati@app.co.id,2026-08-11T03:16:55Z
maganghub,a238dbe3-082d-4d43-953f-6079334ea5bd,https://maganghub.kemnaker.go.id/magang-nasional/lowongan/process-executor-a238dbe3-082d-4d43-953f-6079334ea5bd,019f4635-c3f3-714e-843c-aaf264826c5a,PT Charoen Pokphand Indonesia,maganghub-019f4635-c3f3-714e-843c-aaf264826c5a,Process Executor,process-executor-a238dbe3-082d-4d43-953f-6079334ea5bd,•	Mengontrol kebutuhan bahan baku produksi sesuai dengan area kerja yang ditugaskan. | •	Menjaga kondisi dan proses produksi diarea kerja dan menjaga productivity area produksi yang ditugaskan,Kab. Serang,,50,Aktif,2026-07-14,2026-07-28,"Program studi: Agroindustri Pangan, Teknik Industri, Ilmu  dan Teknologi Pangan | Tingkat pendidikan: Diploma, Sarjana",ayat.hidayat@cp.co.id,2026-08-11T03:16:57Z
maganghub,a23efbdb-762d-4d5b-b87e-29d8a309691b,https://maganghub.kemnaker.go.id/magang-nasional/lowongan/production-staff-a23efbdb-762d-4d5b-b87e-29d8a309691b,24e86341-a99f-412b-85d1-658360d65341,PT. Bright Mobile Telecommunication,maganghub-24e86341-a99f-412b-85d1-658360d65341,Production Staff,production-staff-a23efbdb-762d-4d5b-b87e-29d8a309691b,"'- Melakukan proses produksi sesuai dengan Work Instruction (WI), Standard Operating Procedure (SOP), dan target produksi yang telah ditetapkan. | - Memeriksa spesifikasi material, komponen, dan hasil produksi untuk memastikan kesesuaian dengan standar kualitas yang berlaku. | - Mengoperasikan peralatan dan mesin produksi sesuai dengan prosedur kerja yang aman. | - Melakukan pemeriksaan visual terhadap material dan produk untuk mengidentifikasi ketidaksesuaian serta melaporkannya apabila ditemukan abnormalitas. | - Menjaga kebersihan, kerapihan, dan keteraturan area kerja dengan menerapkan prinsip 5S (Seiri, Seiton, Seiso, Seiketsu, Shitsuke). | - Mematuhi seluruh peraturan Keselamatan dan Kesehatan Kerja (K3), menggunakan APD sesuai ketentuan, serta menjaga lingkungan kerja yang aman. | - Menjaga kualitas, produktivitas, dan efisiensi kerja sesuai target perusahaan. | - Melaksanakan tugas lain yang diberikan oleh atasan sesuai kebutuhan operasional.",Kota Tangerang,,50,Aktif,2026-07-14,2026-07-28,"Program studi: Teknik  Industri, Pendidikan Teknik Elektro, Telekomunikasi, Administrasi, PJJ Teknik Telekomunikasi | Tingkat pendidikan: Diploma, Sarjana",ziyad@oppo.com,2026-08-11T03:16:59Z
maganghub,a2416327-23b1-42df-b8f3-73ba91a9b92f,https://maganghub.kemnaker.go.id/magang-nasional/lowongan/content-management-intern-a2416327-23b1-42df-b8f3-73ba91a9b92f,019f4ac5-f358-72b1-a136-74878ac6f816,PT. Bank Syariah Indonesia.tbk,maganghub-019f4ac5-f358-72b1-a136-74878ac6f816,Content Management Intern,content-management-intern-a2416327-23b1-42df-b8f3-73ba91a9b92f,"Melakukan korespondensi dan koordinasi administrasi terkait kegiatan media dan creative content dengan pihak internal maupun eksternal. | Mengumpulkan dan mengelola data, informasi, serta kelengkapan dokumen pendukung aktivitas media dan content. | Menyediakan dukungan operasional dalam pelaksanaan aktivitas creative content dan media marketing. | Memantau progres kegiatan media serta menyusun laporan sederhana untuk kebutuhan evaluasi. | Mengelola dokumentasi dan arsip seluruh aktivitas content management sesuai kebijakan, prosedur, serta prinsip kehati-hatian dan GCG.",Kota Adm. Jakarta Selatan,,50,Aktif,2026-07-14,2026-07-28,"Program studi: Seni Rupa, Pemasaran Digital, Desain Komunikasi Visual, Komunikasi Digital dan Media, Desain Produk | Tingkat pendidikan: Diploma, Sarjana, Profesi",nur.laila1093@bankbsi.co.id,2026-08-11T03:17:01Z
maganghub,a243a5bd-8dea-4f6a-8da0-c0f96672e242,https://maganghub.kemnaker.go.id/magang-nasional/lowongan/perawat-a243a5bd-8dea-4f6a-8da0-c0f96672e242,daf8accb-0251-4525-b1e8-863802869463,Rumah Sakit Umum Pusat Fatmawati Jakarta,maganghub-daf8accb-0251-4525-b1e8-863802869463,Perawat,perawat-a243a5bd-8dea-4f6a-8da0-c0f96672e242,1. Asuhan keperawatan dasar | 2. Komunikasi terapeutik | 3. Keselamatan kerja | 4. Keselamatan pasien | 5. Asuhan keperawatan perioperatif | 6. Asuhan keperawatan Medikal bedah | 7. Asuhan keperawatan Gawat Darurat | 8. Pencegahan infeksi,Kota Adm. Jakarta Selatan,,45,Aktif,2026-07-14,2026-07-28,Program studi: Keperawatan | Tingkat pendidikan: Diploma,,2026-08-11T03:17:03Z
maganghub,a243d7d8-613a-437a-8be6-98c876243a6b,https://maganghub.kemnaker.go.id/magang-nasional/lowongan/perawat-terampil-a243d7d8-613a-437a-8be6-98c876243a6b,4cfc4216-c015-4df5-8511-d2d9c4a07047,Rumah Sakit Umum Pusat Dr. Wahidin Sudirohusodo Makassar,maganghub-4cfc4216-c015-4df5-8511-d2d9c4a07047,Perawat Terampil,perawat-terampil-a243d7d8-613a-437a-8be6-98c876243a6b,"Memberikan asuhan keperawatan dasar kepada pasien melalui pengkajian, tindakan keperawatan, observasi kondisi pasien, edukasi kesehatan, kolaborasi dengan tenaga kesehatan lain, serta pendokumentasian pelayanan sesuai standar profesi.",Kota Makassar,,40,Aktif,2026-07-14,2026-07-28,"Program studi: Keperawatan, Ilmu Keperawatan | Tingkat pendidikan: Diploma",,2026-08-11T03:17:05Z
maganghub,a2437bc1-f979-4a84-be9b-c9a03b1c8e2a,https://maganghub.kemnaker.go.id/magang-nasional/lowongan/perawat-a2437bc1-f979-4a84-be9b-c9a03b1c8e2a,923edfa9-6eca-4460-9124-d8f9c1e64957,Rumah Sakit Anak dan Bunda Harapan Kita Jakarta,maganghub-923edfa9-6eca-4460-9124-d8f9c1e64957,Perawat,perawat-a2437bc1-f979-4a84-be9b-c9a03b1c8e2a,'-	Pelayanan keperawatan di rawat jalan RSAB Harapan Kita | -	Pelayanan keperawatan di rawat Inap RSAB Harapan Kita | -	Pelayanan keperawatan di Instalasi Gawat Darurat RSAB Harapan Kita,Kota Adm. Jakarta Barat,,40,Aktif,2026-07-14,2026-07-28,"Program studi: Ilmu Keperawatan, keperawatan | Tingkat pendidikan: Diploma, Profesi",,2026-08-11T03:17:07Z
maganghub,a232f914-fa18-4979-b40c-bd63c8da1908,https://maganghub.kemnaker.go.id/magang-nasional/lowongan/warehouse-staff-narogong-footware-&-aparel-a232f914-fa18-4979-b40c-bd63c8da1908,1ef65b50-e9d6-4f11-8d1b-90064774bf24,PT DSV Contract Logistics - PDu,maganghub-1ef65b50-e9d6-4f11-8d1b-90064774bf24,Warehouse Staff Narogong (Footware & Aparel),warehouse-staff-narogong-footware-aparel-a232f914-fa18-4979-b40c-bd63c8da1908,"Deskripsi Pekerjaan : | 1. Membantu proses penerimaan (receiving) barang sesuai dengan prosedur operasional perusahaan. | 2. Melakukan proses penyimpanan (put away) dan penataan barang di area gudang. | 3. Membantu proses picking, packing, dan shipping untuk memastikan pengiriman tepat waktu. | 4. Melakukan pengecekan kuantitas dan kondisi barang sesuai dokumen. | 5. Membantu pelaksanaan stock opname dan pengendalian persediaan (inventory control). | 6. Menginput dan memperbarui data pada Warehouse Management System (WMS) atau SAP sesuai kebutuhan. | 7. Memastikan penyimpanan barang sesuai standar kualitas, keamanan, dan prosedur perusahaan. | 8. Menjaga kebersihan, kerapihan, dan keselamatan area kerja sesuai standar 5S dan K3. | 9. Berkoordinasi dengan tim operasional untuk mendukung kelancaran proses inbound dan outbound. | 10. Melaksanakan tugas lain yang diberikan oleh atasan sesuai kebutuhan operasional. | Requirements : | 1. Mahasiswa aktif atau lulusan baru minimal D3 dari jurusan Logistik, Manajemen, Teknik Industri, Supply Chain Management, Administrasi Bisnis, atau bidang terkait. | 3. Wajib mampu berkomunikasi dalam Bahasa Inggris, baik lisan maupun tulisan. | 3. Memiliki pemahaman dasar mengenai proses pergudangan, logistik, dan supply chain menjadi nilai tambah. | 4. Mampu mengoperasikan Microsoft Office, khususnya Microsoft Excel. | 5. Memiliki kemampuan analisis, ketelitian, dan perhatian terhadap detail. | 6. Mampu bekerja secara individu maupun dalam tim. | 7. Memiliki kemampuan komunikasi dan koordinasi yang baik. | 8. Disiplin, bertanggung jawab, proaktif, serta memiliki kemauan belajar yang tinggi. | 9. Bersedia bekerja di area operasional gudang dan mematuhi standar K3 (Keselamatan dan Kesehatan Kerja). | 10. Bersedia mengikuti program magang selama 6 bulan.",Kota Bekasi,,40,Aktif,2026-07-14,2026-07-28,"Program studi: Manajemen Transportasi, Logistik, Teknik Industri, Manajemen dan Administrasi Logistik, Manajemen Administrasi Perkantoran | Tingkat pendidikan: Diploma, Sarjana, Profesi",info@id.dsv.com,2026-08-11T03:17:08Z
maganghub,a21cd3b4-f74c-4433-b7bb-e36647f1c520,https://maganghub.kemnaker.go.id/magang-nasional/lowongan/warehouse-staff-program-a21cd3b4-f74c-4433-b7bb-e36647f1c520,1ef65b50-e9d6-4f11-8d1b-90064774bf24,PT DSV Contract Logistics - PDu,maganghub-1ef65b50-e9d6-4f11-8d1b-90064774bf24,Warehouse Staff Program,warehouse-staff-program-a21cd3b4-f74c-4433-b7bb-e36647f1c520,Program Magang Warehouse Staff (6 Bulan) | Bulan 1 – Warehouse Orientation | Pengenalan perusahaan dan operasional warehouse. | Memahami SOP Warehouse dan QHSE. | Mengenal layout gudang dan alur proses. | Penggunaan APD dan penerapan 5S. | Pengenalan barcode scanner dan peralatan kerja. | Bulan 2 – Inbound Process | Proses receiving barang. | Pemeriksaan dokumen dan kondisi barang. | Labeling dan put-away. | Input data ke WMS. | Bulan 3 – Outbound Process | Picking dan packing. | Staging dan loading. | Pemeriksaan dokumen pengiriman. | Update transaksi di WMS. | Bulan 4 – Inventory Management | Cycle count dan stock opname. | Rekonsiliasi stok fisik dengan sistem. | Penataan barang (FIFO/FEFO). | Laporan inventory sederhana. | Bulan 5 – Warehouse Management System (WMS) | Operasional transaksi di WMS. | Monitoring inventory. | Pembuatan laporan operasional. | Validasi data sistem. | Bulan 6 – Kaizen (Continuous Improvement) | Identifikasi peluang perbaikan. | Analisis masalah sederhana. | Menyusun dan menerapkan proyek Kaizen. | Presentasi hasil proyek akhir.,Kota Bekasi,,40,Aktif,2026-07-14,2026-07-28,"Program studi: Bisnis Logistik, Manajemen Pelabuhan Dan Logistik Maritim, Manajemen Logistik dan Material, Manajemen Logistik, Manajemen dan Administrasi Logistik | Tingkat pendidikan: Diploma, Sarjana",info@id.dsv.com,2026-08-11T03:17:10Z
maganghub,a23f877f-6359-4a1a-845f-68cfbc054904,https://maganghub.kemnaker.go.id/magang-nasional/lowongan/brilian-internship-assistant-risk-directorate-a23f877f-6359-4a1a-845f-68cfbc054904,afd255b6-f2db-40ca-8a8a-f33029cf00a4,PT Bank Rakyat Indonesia (Persero) Tbk,maganghub-afd255b6-f2db-40ca-8a8a-f33029cf00a4,Brilian Internship Assistant Risk Directorate,brilian-internship-assistant-risk-directorate-a23f877f-6359-4a1a-845f-68cfbc054904,"'- Melakukan pengolahan dan Analisa Data Bisnis dan Operasional. - Melakukan penyususunan Rencana Marketing, Mapping Potensi Pemasaran, dan Strategi Marketing. - Melaksanakan administrasi operasional dan bisnis - Menyusun materi komunikasi dan mengkomunikasikan materi dengan efektif - Menyajikan laporan pelaksanaan pekerjaan. - Mengimplementasikan bidang keilmuan dalam pekerjaan.",Kota Adm. Jakarta Pusat,,39,Aktif,2026-07-14,2026-07-28,"Program studi: Teknik Informatika, Ilmu Ekonomi, Statistika, Ilmu Hukum, Ilmu Aktuaria | Tingkat pendidikan: Diploma, Sarjana",alamsyah.wahyu@corp.bri.co.id,2026-08-11T03:17:12Z
maganghub,a22c6cdd-58d6-4e8f-ae43-896f0172843a,https://maganghub.kemnaker.go.id/magang-nasional/lowongan/perawat-a22c6cdd-58d6-4e8f-ae43-896f0172843a,752bd8e9-aec2-47b8-97cd-278821faa1be,Rumah Sakit Umum Daerah Dr. Soeratno Gemolong,maganghub-752bd8e9-aec2-47b8-97cd-278821faa1be,PERAWAT,perawat-a22c6cdd-58d6-4e8f-ae43-896f0172843a,"Memberikan asuhan keperawatan, memantau kondisi pasien, memberikan obat dan tindakan medis, memberikan edukasi kesehatan, serta memberikan dukungan emosional kepada pasien dan keluarga",Kab. Sragen,,38,Aktif,2026-07-14,2026-07-28,"Program studi: Keperawatan | Tingkat pendidikan: Diploma, Profesi",rssgsragen@gmail.com,2026-08-11T03:17:16Z
maganghub,a23f08ac-2070-4640-8955-a34c86405592,https://maganghub.kemnaker.go.id/magang-nasional/lowongan/brilian-internship-assistant-bri-region-12-surabaya-batch-1-tahun-2026-a23f08ac-2070-4640-8955-a34c86405592,e5893041-fa9a-4132-a93f-41723e315a52,Bri Kanwil Surabaya,maganghub-e5893041-fa9a-4132-a93f-41723e315a52,Brilian Internship Assistant BRI Region 12 Surabaya Batch 1 Tahun 2026,brilian-internship-assistant-bri-region-12-surabaya-batch-1-tahun-2026-a23f08ac-2070-4640-8955-a34c86405592,"1	.	Melakukan proses pengolahan dan analisa data. | 2	.	Menyusun rencana kerja untuk mendukung proses operasional dan bisnis. | 3	.	Melaksanakan kegiatan administrasi operasional dan bisnis. | 4	.	Memahami etika dan cara komunikasi yang efektif | 5	.	Menyusun materi komunikasi dan mengkomunikasikan materi dengan efektif | 6	.	Memahami fungsi bank, produk dan jasa bank, serta Struktur Organisasi Bank. | 7	.	Membuat dan menyajikan laporan pelaksanaan pekerjaan. | 8	.	Menggunakan skill kompetensi terkait bidang study pada pekerjaan yang dilakukan",Kota Surabaya,,38,Aktif,2026-07-14,2026-07-28,"Program studi: Psikologi, Aktuaria, Sistem informasi, Statistika, Sains Data Terapan | Tingkat pendidikan: Sarjana",hcbpsurabaya.hbi@gmail.com,2026-08-11T03:17:18Z
maganghub,a23b8e2f-425d-40f8-a790-34d0353b3e7f,https://maganghub.kemnaker.go.id/magang-nasional/lowongan/mekanik-a23b8e2f-425d-40f8-a790-34d0353b3e7f,019f5043-6585-7089-b188-0e57d8827960,Fajar Metal Industry,maganghub-019f5043-6585-7089-b188-0e57d8827960,Mekanik,mekanik-a23b8e2f-425d-40f8-a790-34d0353b3e7f,"Kurikulum ini dirancang untuk membekali peserta magang dengan kompetensi dasar hingga lanjutan di bidang perawatan mekanik industri. Peserta akan mempelajari keselamatan kerja, penggunaan peralatan, inspeksi, perawatan preventif, troubleshooting, serta pelaksanaan maintenance di bawah bimbingan mentor sesuai standar operasional perusahaan.",Kab. Morowali,,35,Aktif,2026-07-14,2026-07-28,"Program studi: Teknik Mesin Industri, Teknik Mesin, Pemeliharaan Mesin, Perawatan Mesin, Teknik Mesin Produksi dan Perawatan | Tingkat pendidikan: Diploma, Sarjana",secretariat@fajarmetal.com,2026-08-11T03:17:20Z
maganghub,a232fbe2-78ab-4317-bdbd-625c34d494ee,https://maganghub.kemnaker.go.id/magang-nasional/lowongan/perawat-a232fbe2-78ab-4317-bdbd-625c34d494ee,019f206b-3040-71d2-97fb-e3ee3415d13e,Rs.pelabuhan Jakarta,maganghub-019f206b-3040-71d2-97fb-e3ee3415d13e,Perawat,perawat-a232fbe2-78ab-4317-bdbd-625c34d494ee,"Memberikan asuhan keperawatan profesional kepada pasien sesuai standar operasional prosedur (SOP), etika profesi, dan peraturan kesehatan yang berlaku untuk mencapai kualitas pelayanan yang aman, efektif, dan humanis.",Kota Adm. Jakarta Utara,,35,Aktif,2026-07-14,2026-07-28,Program studi: Keperawatan | Tingkat pendidikan: Profesi,sdmkrspj123@gmail.com,2026-08-11T03:17:22Z
maganghub,a240d091-01ec-47e3-ad0e-4336b44e2b94,https://maganghub.kemnaker.go.id/magang-nasional/lowongan/training-control-room-a240d091-01ec-47e3-ad0e-4336b44e2b94,29516589-a8e2-431b-8e74-db56363bbb87,PT Baoshuo Taman Industry Investment Group,maganghub-29516589-a8e2-431b-8e74-db56363bbb87,Training Control Room,training-control-room-a240d091-01ec-47e3-ad0e-4336b44e2b94,"(laki-laki & Perempuan) | 1. Memahami proses dan sistem operasional Control Room, termasuk fungsi peralatan dan alur pengendalian proses produksi. 2. Membantu pemantauan parameter operasional melalui sistem kontrol sesuai prosedur dan arahan pembimbing. 3. Mengoperasikan perangkat dan aplikasi Control Room sesuai standar operasional perusahaan. 4. Mencatat, mengelola, dan menyusun laporan data operasional secara akurat dan tepat waktu. 5. Menerapkan prosedur Keselamatan dan Kesehatan Kerja (K3) serta mematuhi standar operasional dalam kegiatan Control Room. 6. Menerapkan komunikasi yang efektif, ketelitian, kemampuan analisis dasar, serta kerja sama tim dalam mendukung kelancaran operasional.",Kab. Morowali,,35,Aktif,2026-07-14,2026-07-28,"Program studi: Teknologi Kimia Industri, Teknik Industri, Teknik Material dan Metalurgi, Teknik Elektro Industri, Teknik Kimia | Tingkat pendidikan: Diploma, Sarjana, Profesi",HRBAOSHUO@GMAIL.COM,2026-08-11T03:17:23Z
maganghub,a241a0cb-40ad-4a19-90d0-ebbb74d742be,https://maganghub.kemnaker.go.id/magang-nasional/lowongan/financing-business-intern-a241a0cb-40ad-4a19-90d0-ebbb74d742be,019f4ae6-368c-723e-b655-812982351cd0,PT BANK SYARIAH INDONESIA - RO IV Jakarta 1,maganghub-019f4ae6-368c-723e-b655-812982351cd0,Financing Business Intern,financing-business-intern-a241a0cb-40ad-4a19-90d0-ebbb74d742be,"""Melakukan aktifitas sales seperti presentasi, canvasing, dan menjelaskan produk, biaya | serta program guna mencapai target pencairan."" | Mengumpulkan aplikasi pembukaan rekening nasabah sesuai ketentuan dan SLA. | Maintenance nasabah pendanaan untuk top up saldo | ""Membuat laporan harian, mingguan, dan bulanan untuk dilaporkan pada saat pertemuan | dengan Consumer Sales Officer agar Consumer Sales Officer mendapatkan laporan yang | akurat, tepat, informatif, dan dapat diyakini kebenarannya""",Kota Adm. Jakarta Pusat,,35,Aktif,2026-07-14,2026-07-28,"Program studi: Manajemen, Perbankan, Ekonomi, Ekonomi Syariah, Perbankan Syariah | Tingkat pendidikan: Diploma, Sarjana",regional4jakarta1@gmail.com,2026-08-11T03:17:25Z
maganghub,a241a2e1-a058-4f17-b954-53a938890d04,https://maganghub.kemnaker.go.id/magang-nasional/lowongan/funding-&-transaction-business-intern-a241a2e1-a058-4f17-b954-53a938890d04,019f4ae6-368c-723e-b655-812982351cd0,PT BANK SYARIAH INDONESIA - RO IV Jakarta 1,maganghub-019f4ae6-368c-723e-b655-812982351cd0,Funding & Transaction Business Intern,funding-transaction-business-intern-a241a2e1-a058-4f17-b954-53a938890d04,"Melakukan identifikasi dan pemetaan potensi penghimpunan dana atau jasa layanan transaksi untuk mendukung pencapaian target bisnis cabang. | Melakukan pemasaran dan penjualan produk funding atau transaction banking kepada nasabah/nasabah eksisting dan Islamic ecosystem yang telah ditetapkan mencakup calling, visiting dan closing. | Menindaklanjuti lanjut komitmen bank kepada nasabah dari closing aktivitas penjualan atay pengajuan produk/layanan funding atau transaction banking oleh calon nasabah/nasabah eksisting dan Islamic ecosystem secara akurat dan benar sesuai dengan SLA dan ketentuan. | Membuat laporan kunjungan dalam melakukan aktivitas selling atau cross selling baik kepada nasabah maupun calon nasabah yang menjadi target market atau customer. | Melaksanakan kegiatan analisa/ pelayanan nasabah dengan implementasi Anti Pencucian Uang dan Pencegahan Pendanaan Terorisme (APU-PPT). | Melaksanakan tugas dan tanggung jawab pekerjaan sebagaimana diatur dalam ketentuan internal Bank, serta memenuhi prinsip kehati-hatian, sharia compliance dan tidak bertentangan dengan GCG (Good Corporate Governance).",Kota Adm. Jakarta Pusat,,35,Aktif,2026-07-14,2026-07-28,"Program studi: Manajemen, Perbankan, Ekonomi Syariah, Perbankan Syariah, Manajemen Pemasaran/Marketing | Tingkat pendidikan: Diploma, Sarjana",regional4jakarta1@gmail.com,2026-08-11T03:17:27Z
maganghub,a23e2fd2-5201-4ec6-b527-e724799c8bea,https://maganghub.kemnaker.go.id/magang-nasional/lowongan/testing-analyst-a23e2fd2-5201-4ec6-b527-e724799c8bea,7320ad91-49bf-4e02-9290-d10e0eaa4ef1,"PT. Bank Central Asia, Tbk",maganghub-7320ad91-49bf-4e02-9290-d10e0eaa4ef1,Testing Analyst,testing-analyst-a23e2fd2-5201-4ec6-b527-e724799c8bea,Silahkan mendaftar pada website Magang Hub dan juga pada link https://bit.ly/magangnasional2026 agar dapat diproses lebih lanjut. | 1. Membantu menganalisa requirement | 2. Membantu membuat skenario UAT atas requirement yang dibuat oleh Business Analyst | 3. Membantu melakukan UAT atas skenario UAT yang telah dibuat | 4. Membantu membuat administrasi (sertifikasi) terkait project yang akan diimplementasikan | 5. Membantu memonitoring atas project yang telah dilakukan implementasi pada Production,Kota Adm. Jakarta Pusat,,35,Aktif,2026-07-14,2026-07-28,"Program studi: Teknik Informatika, Ilmu Komputer, Teknik Industri, Sistem Informasi, Teknik Sipil | Tingkat pendidikan: Sarjana",adminbanknotes@bca.co.id,2026-08-11T03:17:29Z
maganghub,a23fa8af-d947-48fc-878c-2674922182a6,https://maganghub.kemnaker.go.id/magang-nasional/lowongan/social-media-&-content-creator-a23fa8af-d947-48fc-878c-2674922182a6,3d962a9c-2697-45ab-ac01-2ca1649899a8,Trans Digital Media,maganghub-3d962a9c-2697-45ab-ac01-2ca1649899a8,Social Media & Content Creator,social-media-content-creator-a23fa8af-d947-48fc-878c-2674922182a6,"Social Media & Content Creator dibutuhkan untuk beberapa tim yang ada di detikcom diantaranya: detikProperti, Brand Studio, detikHealth, detikFood, detikNews, detikEdu, Engagement, detikHikmah, detikFinance, Brand Communication, detikTravel, detikX, detikSport, detikOto, detikINET, dan berbuatbaik. | Job Description | 1. Mempunyai persona yang unik dan berani tampil di depan kamera | 2.⁠ Bisa ⁠membuat content planning dan content calendar melalui  riset tren, insight dan hook yang relevan | 3.⁠ Bersedia ⁠⁠menjadi talent untuk konten social media | 4.⁠ ⁠⁠Bisa melakukan editing menggunakan capcut dan sejenisnya | 5.⁠ ⁠Melakukan monitoring performa konten dan memberikan ide optimasi",Kota Adm. Jakarta Selatan,,34,Aktif,2026-07-14,2026-07-28,"Program studi: Teknologi Multimedia Broadcasting, Jurnalistik, Ilmu Komunikasi, Manajemen Pemasaran/Marketing, Bisnis Digital | Tingkat pendidikan: Diploma, Sarjana",legal@detik.com,2026-08-11T03:17:31Z
maganghub,a240d9ef-4e78-4f64-81bf-626a631e44ce,https://maganghub.kemnaker.go.id/magang-nasional/lowongan/pengelola-data-a240d9ef-4e78-4f64-81bf-626a631e44ce,addf04cb-f112-4826-ba17-cc8fa2561bcc,Rumah Sakit Umum Dr Cipto Mangun Kusumo Jakarta Ditjen Pelayanan Kesehatan Kementrian Kesehatan,maganghub-addf04cb-f112-4826-ba17-cc8fa2561bcc,Pengelola Data,pengelola-data-a240d9ef-4e78-4f64-81bf-626a631e44ce,"Mengumpulkan, mencatat, memverifikasi, mengelola, menyimpan, dan menyajikan data secara akurat, lengkap, dan tepat waktu untuk mendukung administrasi, pelaporan, monitoring, evaluasi, serta kelancaran pengambilan keputusan di unit kerja.",Kota Adm. Jakarta Pusat,,33,Aktif,2026-07-14,2026-07-28,"Program studi: Administrasi Rumah Sakit, Adminsitrasi Rumah Sakit, Manajemen Pelayanan Rumah Sakit | Tingkat pendidikan: Diploma",perizinan@rscm.co.id,2026-08-11T03:17:32Z
maganghub,a242defb-d79f-4166-a616-b1d5b4a6e58d,https://maganghub.kemnaker.go.id/magang-nasional/lowongan/arsiparis-a242defb-d79f-4166-a616-b1d5b4a6e58d,ecda53e3-2f16-47ed-8962-8dc9ffb7012e,Kementerian Pemberdayaan Perempuan dan Perlindungan Anak,maganghub-ecda53e3-2f16-47ed-8962-8dc9ffb7012e,Arsiparis,arsiparis-a242defb-d79f-4166-a616-b1d5b4a6e58d,"1. Pemberkasan Arsip Aktif di masing-masing Unit Pengolah; | 2. Penentuan indeks dan pengkodean; | 3. Menyusun daftar arsip aktif; | 4. Menata fisik arsip ke dalam boks dan memberikan label atau kode pada folder arsip/ menata arsip digital pada file-file penyimpanan digital; | 5. Mengatur penyimpanan pada filling cabinet dan boks arsip pada tempat penyimpanan unit Pengolah sesuai dengan prinsip asal usul; | 6. Membuat dan menempelkan label boks dengan mencantumkan kode unit kerja, lokasi simpan, nomor boks dan nomor folder; | 7. Pemberkasan arsip elektronik pada aplikasi SRIKANDI.",Kota Adm. Jakarta Pusat,,31,Aktif,2026-07-14,2026-07-28,"Program studi: Kearsipan, Manajemen, Manajemen Rekod dan Arsip, Kearsipan Digital, Pengelolaan Arsip dan Rekaman Informasi | Tingkat pendidikan: Sarjana, Diploma",,2026-08-11T03:17:34Z
maganghub,a2289793-988f-40fc-90a6-6d9f89cd7095,https://maganghub.kemnaker.go.id/magang-nasional/lowongan/d3-perawat-a2289793-988f-40fc-90a6-6d9f89cd7095,d9bebbd4-a5f5-4a86-ab66-105a08190390,Rumah Sakit Umum Dr. H. Koesnadi Kabupaten Bondowoso,maganghub-d9bebbd4-a5f5-4a86-ab66-105a08190390,D3 PERAWAT,d3-perawat-a2289793-988f-40fc-90a6-6d9f89cd7095,"Pendidikan minimal D3 Keperawatan, memahami standar pelayanan keperawatan di RS, memiliki STR, bersedia mengikuti seluruh ketentuan, jadwal, dan peraturan yang berlaku di RS, memiliki asuransi kesehatan dan kecelakaan selama magang, berkelakuan baik, displin, dan memiliki etika profesi yang baik, memahami standar keselamatan pasien",Kab. Bondowoso,,30,Aktif,2026-07-14,2026-07-28,"Program studi: Keperawatan, Ilmu Keperawatan, Keperawatan | Tingkat pendidikan: Diploma",rsu.koesnadi@gmail.com,2026-08-11T03:17:36Z
maganghub,a2439852-cbc7-4219-9bbf-7631d9902348,https://maganghub.kemnaker.go.id/magang-nasional/lowongan/talenta-kewirausahaan-a2439852-cbc7-4219-9bbf-7631d9902348,e10273cc-6401-43f7-b829-e4e2cc651c14,Balai Perluasan Kesempatan Kerja Bekasi,maganghub-e10273cc-6401-43f7-b829-e4e2cc651c14,TALENTA KEWIRAUSAHAAN,talenta-kewirausahaan-a2439852-cbc7-4219-9bbf-7631d9902348,"1. Mengikuti seluruh tahapan Program Business Incubation Talent and | Innovation Hub selama 6 (enam) bulan. | 2. Mengidentifikasi peluang usaha berdasarkan kebutuhan pasar, | potensi daerah, dan perkembangan industri. | 3. Mengembangkan ide bisnis menjadi model bisnis yang inovatif, bernilai | tambah, dan berkelanjutan. | 4. Melaksanakan proses Problem Validation dan Solution Validation | melalui pendekatan yang berorientasi pada kebutuhan pelanggan. | 5. Mengembangkan Minimum Viable Product (MVP) atau produk/layanan | sebagai dasar validasi pasar. | 6. Melaksanakan uji pasar (Market Testing) serta menyempurnakan | produk atau layanan berdasarkan hasil umpan balik pelanggan. | 7. Menyusun strategi pemasaran, pengembangan usaha, dan rencana | pertumbuhan bisnis (Business Growth Roadmap). | 8. Mengikuti pelatihan, mentoring, coaching, konsultasi bisnis, dan | pendampingan secara intensif sesuai kurikulum Program Business | Incubation. | 9. Menyusun dan mempresentasikan pitch deck pada kegiatan | Innovation Showcase. | 10.Berpartisipasi dalam kegiatan Business Matching untuk memperoleh | peluang kemitraan, akses pasar, dan pembiayaan. | 11.Menyusun laporan perkembangan usaha dan capaian program secara | berkala.",Kota Bekasi,,30,Aktif,2026-07-14,2026-07-28,"Program studi: Multimedia, Teknik lndustri, Manajemen, Ekonomi, Sistem Informasi | Tingkat pendidikan: Diploma, Sarjana, Profesi",,2026-08-11T03:17:38Z
maganghub,a241497d-a4ec-43e9-936d-e0f299d57bf3,https://maganghub.kemnaker.go.id/magang-nasional/lowongan/perawat-profesi-ners-a241497d-a4ec-43e9-936d-e0f299d57bf3,a57f284f-c529-4962-8bef-666e456ca06b,Rumah Sakit Umum Pusat Surabaya,maganghub-a57f284f-c529-4962-8bef-666e456ca06b,Perawat Profesi Ners,perawat-profesi-ners-a241497d-a4ec-43e9-936d-e0f299d57bf3,"""- Mampu melakukan asuhan keperawatan | - Mampu melakukan tindakan Resusitasi | - Melakukan asuhan keparawatan | - Komunikasi efektif dalam tim PPA | - Memberikan terapi | - Melakukan pemantauan Hemodinamik | - Memenuhi personal hygiene | - Melakukan edukasi | - Mempersiapkan tindakan | - Melakukan pendokumentasian""",Kota Surabaya,,71,Aktif,2026-07-14,2026-07-28,Program studi: Keperawatan | Tingkat pendidikan: Profesi,,2026-08-11T03:17:39Z
maganghub,a2439a02-e2f6-4fd1-8233-ad118606ec7f,https://maganghub.kemnaker.go.id/magang-nasional/lowongan/talenta-kewirausahaan-a2439a02-e2f6-4fd1-8233-ad118606ec7f,f134a233-62b9-47ec-8af0-8c6d40ff1a23,Balai Besar Perluasan Kesempatan Kerja Bandung Barat,maganghub-f134a233-62b9-47ec-8af0-8c6d40ff1a23,Talenta Kewirausahaan,talenta-kewirausahaan-a2439a02-e2f6-4fd1-8233-ad118606ec7f,"1. Mengikuti seluruh tahapan Program Business Incubation Talent and | Innovation Hub selama 6 (enam) bulan. | 2. Mengidentifikasi peluang usaha berdasarkan kebutuhan pasar, | potensi daerah, dan perkembangan industri. | 3. Mengembangkan ide bisnis menjadi model bisnis yang inovatif, bernilai | tambah, dan berkelanjutan. | 4. Melaksanakan proses Problem Validation dan Solution Validation | melalui pendekatan yang berorientasi pada kebutuhan pelanggan. | 5. Mengembangkan Minimum Viable Product (MVP) atau produk/layanan | sebagai dasar validasi pasar. | 6. Melaksanakan uji pasar (Market Testing) serta menyempurnakan | produk atau layanan berdasarkan hasil umpan balik pelanggan. | 7. Menyusun strategi pemasaran, pengembangan usaha, dan rencana | pertumbuhan bisnis (Business Growth Roadmap). | 8. Mengikuti pelatihan, mentoring, coaching, konsultasi bisnis, dan | pendampingan secara intensif sesuai kurikulum Program Business | Incubation. | 9. Menyusun dan mempresentasikan pitch deck pada kegiatan | Innovation Showcase. | 10.Berpartisipasi dalam kegiatan Business Matching untuk memperoleh | peluang kemitraan, akses pasar, dan pembiayaan. | 11.Menyusun laporan perkembangan usaha dan capaian program secara | berkala.",Kab. Bandung Barat,,30,Aktif,2026-07-14,2026-07-28,"Program studi: Multimedia, Manajemen, Teknik Industri, Ekonomi, Sistem Informasi | Tingkat pendidikan: Diploma, Sarjana, Profesi",,2026-08-11T03:17:41Z
maganghub,a241564a-617b-4404-aa7b-41eb8b6e8cb8,https://maganghub.kemnaker.go.id/magang-nasional/lowongan/arsiparis-a241564a-617b-4404-aa7b-41eb8b6e8cb8,76d772be-bd79-4b54-b6c7-8e828fa74947,ANRI,maganghub-76d772be-bd79-4b54-b6c7-8e828fa74947,Arsiparis,arsiparis-a241564a-617b-4404-aa7b-41eb8b6e8cb8,"Bertugas mengelola arsip dan memberikan layanan informasi. Tugas utamanya meliputi pengelolaan arsip dinamis (arsip yang masih dipakai), arsip statis (arsip bernilai sejarah), pembinaan kearsipan, serta penyajian informasi arsip agar mudah diakses publik.",Kota Adm. Jakarta Selatan,,30,Aktif,2026-07-14,2026-07-28,"Program studi: Kearsipan, Administrasi Publik, Sejarah, Informasi, Perpustakaan & Kearsipan, Perpustakaan | Tingkat pendidikan: Diploma, Sarjana",,2026-08-11T03:17:43Z
maganghub,a238f155-2079-4831-a2f0-6691e05c0de4,https://maganghub.kemnaker.go.id/magang-nasional/lowongan/perawat-pelaksana-a238f155-2079-4831-a2f0-6691e05c0de4,019f16ab-2065-7371-81f9-437b8fe2fc08,PT. Sapta Kurnia Abadi (Rumah Sakit Izza),maganghub-019f16ab-2065-7371-81f9-437b8fe2fc08,Perawat Pelaksana,perawat-pelaksana-a238f155-2079-4831-a2f0-6691e05c0de4,"Deskripsi Tugas: | Membantu pelaksanaan asuhan keperawatan sesuai Standar Operasional Prosedur (SOP) dan di bawah supervisi Perawat Pembimbing. | Melakukan observasi kondisi pasien, pengukuran tanda-tanda vital, serta mendokumentasikan hasil sesuai arahan. | Membantu pemenuhan kebutuhan dasar pasien dan memberikan edukasi kesehatan sesuai kewenangan. | Membantu persiapan pasien sebelum, selama, dan setelah tindakan keperawatan atau pemeriksaan penunjang. | Berpartisipasi dalam penerapan keselamatan pasien, pencegahan dan pengendalian infeksi (PPI), serta komunikasi efektif dalam tim multidisiplin. | Membantu administrasi dan dokumentasi keperawatan sesuai ketentuan yang berlaku. | Mengikuti kegiatan pembelajaran, diskusi kasus, pertemuan keperawatan, dan evaluasi kompetensi selama program magang.",Kab. Karawang,,30,Aktif,2026-07-14,2026-07-28,"Program studi: Keperawatan | Tingkat pendidikan: Diploma, Profesi",hrrsizza@gmail.com,2026-08-11T03:17:45Z
maganghub,a23fd7f3-b10a-4f6f-85d4-7ee66e98b188,https://maganghub.kemnaker.go.id/magang-nasional/lowongan/perawat-a23fd7f3-b10a-4f6f-85d4-7ee66e98b188,ec9c53fb-4fd6-4081-b286-1dc2a48e90af,Rumah Sakit Umum Daerah Bhakti Dharma Husada Kota Surabaya,maganghub-ec9c53fb-4fd6-4081-b286-1dc2a48e90af,Perawat,perawat-a23fd7f3-b10a-4f6f-85d4-7ee66e98b188,"1. Memberikan pelayanan kesehatan kepada individu, yang bertugas melakukan pelayanan keperawatan sebagai pelaksana asuhan keperawatan pada kasus dengan tingkat ketergantungan minimal tanpa risiko, dibawah bimbingan perawat jenjang diatasnya, mengkoordinasikan hasil asuhan keperawatan kepada perawat jenjang diatasnya dan pelaksana program pengabdian masyarakat, serta bertanggung Jawab dalam Menjamin terlaksananya asuhan keperawatan pada individu dengan tingkat ketergantungan ringan/minimal tanpa risiko, dengan memperhatikan aspek etik, legal dan peka budaya | 2. Melakukan pengkajian keperawatan dasar pada individu | 3. Melakukan komunikasi terapeutik dalam pemberian asuhan keperawatan | 4. Melaksanakan edukasi tentang Perilaku Hidup Bersih dan Sehat dalam rangka melakukan upaya promotif | 5. Melakukan tindakan keperawatan pemenuhan kebutuhan eliminasi | 6. Memberikan oksigenasi sederhana | 7. Melakukan dokumentasi asuhan keperawatan | 8.Melakukan intervensi keperawatan spesifik yang sederhana pada area medikal bedah | 9. Melakukan tindakan pemenuhan rasa nyaman dan pengaturan suhu tubuh | 10.Melakukan perawatan luka | 11.Melakukan tindakan keperawatan pada pasien dengan intervensi pembedahan pada tahap pre/ intra/ post operasi | 12.Memfasilitasi penggunaan alat-alat pengamanan/pelindung fisik pada pasien untuk mencegah risiko cedera pada individu dalam rangka upaya preventif | 13.Melakukan tindakan keperawatan pada kondisi gawat darurat/bencana/kritikal | 14.Memfasilitasi suasana lingkungan yang tenang dan aman dan bebas risiko penularan infeksi | 15.Melakukan dokumentasi tindakan. | 16. Melaksanakan tugas dari atasan/pimpinan",Kota Surabaya,,50,Aktif,2026-07-14,2026-07-28,"Program studi: Keperawatan, Ilmu Keperawatan | Tingkat pendidikan: Sarjana, Diploma, Profesi",rsud_bdh@surabaya.go.id,2026-08-11T03:17:47Z
maganghub,a2359eeb-f164-443f-9585-5fad17788c46,https://maganghub.kemnaker.go.id/magang-nasional/lowongan/staff-perawat-a2359eeb-f164-443f-9585-5fad17788c46,fc2096f6-0442-4214-8c24-ab5517867161,Rumah Sakit Advent Manado,maganghub-fc2096f6-0442-4214-8c24-ab5517867161,Staff Perawat,staff-perawat-a2359eeb-f164-443f-9585-5fad17788c46,"Melakukan pengkajian keperawatan terhadap kondisi fisik, psikologis, sosial, dan spiritual pasien. | Menetapkan diagnosis keperawatan berdasarkan hasil pengkajian. | Menyusun rencana asuhan keperawatan sesuai kebutuhan pasien. | Melaksanakan tindakan keperawatan sesuai rencana dan kewenangan. | Melakukan evaluasi terhadap respons pasien terhadap tindakan keperawatan. | Melakukan pendokumentasian seluruh proses asuhan keperawatan secara lengkap dan akurat. | Melakukan serah terima pasien secara efektif dan sistematis. | Membantu menyusun rencana asuhan keperawatan bersama perawat pembimbing. | Melaksanakan tindakan keperawatan dasar sesuai kompetensi dan supervisi. | Membantu pemenuhan kebutuhan dasar pasien: | Kebersihan diri | Mobilisasi | Nutrisi dan cairan | Eliminasi | Kenyamanan dan istirahat | Melakukan observasi kondisi pasien dan melaporkan perubahan kondisi. | Membantu evaluasi respons pasien terhadap tindakan keperawatan. | Pengukuran tanda vital. | Pengkajian tingkat kesadaran. | Perawatan kebersihan pasien. | Pengaturan posisi dan mobilisasi pasien. | Perawatan luka sederhana sesuai arahan pembimbing. | Perawatan alat dan lingkungan pasien. | Pengambilan spesimen sesuai kompetensi dan kebijakan rumah sakit. | Pencegahan risiko jatuh dan komplikasi imobilisasi | Melakukan identifikasi pasien dengan benar. | Menerapkan komunikasi efektif dengan pasien dan tim kesehatan. | Melaksanakan kebersihan tangan sesuai standar. | Menggunakan APD sesuai kebutuhan. | Menerapkan prinsip pencegahan infeksi. | Membantu menjaga keamanan pasien dan lingkungan perawatan. | Melaporkan kejadian atau risiko keselamatan pasien kepada pembimbing. | Membantu melakukan dokumentasi asuhan keperawatan sesuai arahan pembimbing. | Mencatat tindakan keperawatan yang telah dilakukan. | Membuat laporan kegiatan harian atau logbook magang. | Melakukan serah terima informasi pasien bersama perawat pembimbing. | Menjaga kerahasiaan data pasien. | Melakukan komunikasi terapeutik kepada pasien dan keluarga. | Memberikan edukasi sederhana sesuai arahan perawat penanggung jawab. | Membantu memberikan informasi mengenai perawatan dasar pasien. | Menunjukkan sikap empati, sopan, dan profesional.",Kota Manado,,30,Aktif,2026-07-14,2026-07-28,"Program studi: Keperawatan | Tingkat pendidikan: Diploma, Profesi",marketing.rsadventmdo@gmail.com,2026-08-11T03:17:50Z
maganghub,a24148c1-1d47-4d59-96c0-3e4c1ab2ad7f,https://maganghub.kemnaker.go.id/magang-nasional/lowongan/odoo-administration-a24148c1-1d47-4d59-96c0-3e4c1ab2ad7f,019f4532-cd5b-712d-a608-3cbe7a9f6dd5,PT. Haeng Nam Sejahtera Indonesia,maganghub-019f4532-cd5b-712d-a608-3cbe7a9f6dd5,ODOO ADMINISTRATION,odoo-administration-a24148c1-1d47-4d59-96c0-3e4c1ab2ad7f,Memahami proses bisnis sesuai departemen. | Mampu menjalankan pekerjaan operasional dasar secara mandiri sesuai SOP. | Menggunakan aplikasi pendukung seperti Microsoft Office dan Odoo sesuai kebutuhan.,Kab. Bogor,,30,Aktif,2026-07-14,2026-07-28,"Program studi: Informatika, Pendidikan Vokasional Informatika, Manajemen Administrasi, Administrasi Bisnis, Pendidikan Ekonomi | Tingkat pendidikan: Diploma, Sarjana, Profesi",pga@pthsi.com,2026-08-11T03:17:52Z
maganghub,a23329e8-900c-492c-a913-a463c4deb4ba,https://maganghub.kemnaker.go.id/magang-nasional/lowongan/administrasi-a23329e8-900c-492c-a913-a463c4deb4ba,2e371f79-f825-477a-8218-fcc2536b8546,Awal Bros Putra Medika,maganghub-2e371f79-f825-477a-8218-fcc2536b8546,Administrasi,administrasi-a23329e8-900c-492c-a913-a463c4deb4ba,Membantu pelaksanaan kegiatan administrasi di unit kerja sesuai arahan pembimbing lapangan guna mendukung kelancaran operasional unit serta memperoleh pengalaman kerja sesuai bidang pendidikan.,Kota Pekanbaru,,30,Aktif,2026-07-14,2026-07-28,"Program studi: Administrasi, Farmasi, Gizi, Akuntansi, Desain Grafis | Tingkat pendidikan: Diploma, Sarjana",sdm.pekanbaru@awalbros.com,2026-08-11T03:17:54Z
maganghub,a226a3d9-5cc6-4404-9e53-3f2bcd5e5a5c,https://maganghub.kemnaker.go.id/magang-nasional/lowongan/keperawatan-a226a3d9-5cc6-4404-9e53-3f2bcd5e5a5c,a6c622b9-05c1-46ce-b3da-78cf79a84188,PT BINTANG AMIN HUSADA (RS BINTANG AMIN),maganghub-a6c622b9-05c1-46ce-b3da-78cf79a84188,KEPERAWATAN,keperawatan-a226a3d9-5cc6-4404-9e53-3f2bcd5e5a5c,"Keperawatan merupakan unit yang bertanggungjawab dalam menyelenggarakan pelayanan asuhan keperawatan yang aman, bemutu, profesional dan berorientasi pada keselamatan pasien",Kota Bandar Lampung,,30,Aktif,2026-07-14,2026-07-28,"Program studi: Keperawatan, Ilmu Keperawatan | Tingkat pendidikan: Diploma, Sarjana, Profesi",rsbintangamin@yahoo.com,2026-08-11T03:17:56Z
maganghub,a2415753-b851-4e42-a3ea-0fd7ad385347,https://maganghub.kemnaker.go.id/magang-nasional/lowongan/data-analytics-intern---information-technology-a2415753-b851-4e42-a3ea-0fd7ad385347,bae52da4-54e5-4b62-9bee-d3959310d491,Perusahaan Perseroan (Persero) PT. Bank Mandiri,maganghub-bae52da4-54e5-4b62-9bee-d3959310d491,Data Analytics Intern - Information Technology,data-analytics-intern-information-technology-a2415753-b851-4e42-a3ea-0fd7ad385347,"Mendukung pengolahan dan analisis data menggunakan SQL, pembuatan dashboard dan visualisasi data, data cleansing, penyusunan insight bisnis, serta mendukung pengembangan model analitik sederhana. | Tugas & Tanggung Jawab: | 1. Melakukan data cleansing (pembersihan data) dan pra-pemrosesan agar data siap dianalisis. | 2. Mengekstrak dan memanipulasi data berskala besar menggunakan query SQL. | 3. Merancang dan membuat dashboard interaktif serta visualisasi data analitik. | 4. Membantu menyusun laporan insight bisnis berdasarkan tren data yang ditemukan. | 5. Mendukung pembuatan dan pengujian model analitik atau statistik sederhana. | 6. Berkolaborasi dengan unit bisnis untuk menyediakan data yang dibutuhkan untuk pengambilan keputusan.",Kota Adm. Jakarta Selatan,,30,Aktif,2026-07-14,2026-07-28,"Program studi: Teknik Informatika, Sains Data, Statistika, Sistem Informasi, Matematika | Tingkat pendidikan: Sarjana",mandiricare@bankmandiri.co.id,2026-08-11T03:17:57Z
maganghub,a2391827-a8a7-4e69-ba78-fcaa3b29dd5f,https://maganghub.kemnaker.go.id/magang-nasional/lowongan/perawat-pelaksana-a2391827-a8a7-4e69-ba78-fcaa3b29dd5f,a378f620-88bd-466c-a58b-f82b1fc01dcf,PT Thamrin Sinar Surya,maganghub-a378f620-88bd-466c-a58b-f82b1fc01dcf,Perawat Pelaksana,perawat-pelaksana-a2391827-a8a7-4e69-ba78-fcaa3b29dd5f,1.	Pelatihan keperawatan (uraian tugas ) | 2.	Mempersiapkan ruangan untuk pasien baru | 3.	Memelihara alat penunjang keperawatan/medis agar tetap selalu dalam keadaan siap pakai | 4.	Menginput ITS (Pelaporan Kerusakan) | 5.	Membantu mengambil obat ke Farmasi | 6.	Membantu mengantar dan mengambil alat  CSSD | 7.	Mengecek kelengkapan dan kelayakan fasilitas kamar pasien | 8.	Menginput EWS | 9.	Mengantar RM ke kasir/penata rekening | 10.	Membantu perawat dalam eliminasi pasien ( BAB/BAK ) di tempat tidur | 11.	Membantu transfer pasien dengan derajat 0 di dalam RS | 12.	Menginput E-FOOD (Pemesanan makanan) dan Laundry | 13.	Membantu mempersiapkan alat2 tindakan invasive | 14.	Memandikan pasien | 15.	Pendampingan dalam pemasangan IV Chateter | 16.	Mengganti cairan infus | 17.	Mendampingi perawat memberikan sonde foeding | 18.	Mereturn obat pasien pulang | 19.	Menginput balance cairan pada RME | 20.	Menginput eliminasi pasien pada RME | 21.	Memberi obat oral non sirup | 22.	Melakukan pemeriksaan tanda2 vital | 23.	Tindakan BHD | 24.	Memberi obat sirup | 25.	Memberi injeksi melalui threeway | 26.	Memberikan makan pasien melalui sonde foeding | 27.	Pemasangan IV.Cateter,Kota Medan,,30,Aktif,2026-07-14,2026-07-28,"Program studi: Keperawatan, Ilmu Keperawatan, Keperawatan Gigi | Tingkat pendidikan: Diploma, Profesi",officebunda@gmail.com,2026-08-11T03:17:59Z
maganghub,a2414d5b-9481-4ddb-a9ff-48d45f440358,https://maganghub.kemnaker.go.id/magang-nasional/lowongan/project-development-intern-a2414d5b-9481-4ddb-a9ff-48d45f440358,019f4ac5-f358-72b1-a136-74878ac6f816,PT. Bank Syariah Indonesia.tbk,maganghub-019f4ac5-f358-72b1-a136-74878ac6f816,Project Development Intern,project-development-intern-a2414d5b-9481-4ddb-a9ff-48d45f440358,Mendukung perencanaan dan koordinasi proyek pengembangan bank. | Mengumpulkan data dan menyusun studi kelayakan proyek. | Memantau progres pelaksanaan proyek sesuai timeline. | Menyusun laporan perkembangan proyek secara berkala.,Kota Adm. Jakarta Selatan,,30,Aktif,2026-07-14,2026-07-28,"Program studi: Teknik Lingkungan, Teknik Mesin, Manajemen, Teknik Industri, Teknik Sipil | Tingkat pendidikan: Sarjana, Diploma, Profesi",nur.laila1093@bankbsi.co.id,2026-08-11T03:18:01Z
maganghub,a2436c9d-4414-443e-bbf8-d86975ef8a9d,https://maganghub.kemnaker.go.id/magang-nasional/lowongan/finance-accounting-a2436c9d-4414-443e-bbf8-d86975ef8a9d,ba3fc26c-9ac3-419a-a30d-791a5c0f70b9,Perishable Logistics Indonesia,maganghub-ba3fc26c-9ac3-419a-a30d-791a5c0f70b9,Finance Accounting,finance-accounting-a2436c9d-4414-443e-bbf8-d86975ef8a9d,"Input transaksi biaya ke ERP, administrasi keuangan proyek, petty cash, account payable, account receivable, rekonsiliasi, pengarsipan, filing, data entry, dan clerical support.",Kota Adm. Jakarta Barat,,60,Aktif,2026-07-14,2026-07-28,"Program studi: Manajemen Keuangan, Perbankan Dan Keuangan, Keuangan, Akuntansi Manajemen, Administrasi Keuangan | Tingkat pendidikan: Sarjana",info@att-group.co.id,2026-08-11T03:18:03Z
maganghub,a2397cf7-9bc3-42b1-ba6d-642081c22d95,https://maganghub.kemnaker.go.id/magang-nasional/lowongan/brilian-internship-assistant-network-&-retail-funding-directorate-a2397cf7-9bc3-42b1-ba6d-642081c22d95,afd255b6-f2db-40ca-8a8a-f33029cf00a4,PT Bank Rakyat Indonesia (Persero) Tbk,maganghub-afd255b6-f2db-40ca-8a8a-f33029cf00a4,Brilian Internship Assistant Network & Retail Funding Directorate,brilian-internship-assistant-network-retail-funding-directorate-a2397cf7-9bc3-42b1-ba6d-642081c22d95,"'- Melakukan pengolahan dan Analisa Data Bisnis dan Operasional. - Melakukan penyususunan Rencana Marketing, Mapping Potensi Pemasaran, dan Strategi Marketing. - Melaksanakan administrasi operasional dan bisnis - Menyusun materi komunikasi dan mengkomunikasikan materi dengan efektif - Menyajikan laporan pelaksanaan pekerjaan. - Mengimplementasikan bidang keilmuan dalam pekerjaan.",Kota Adm. Jakarta Pusat,,30,Aktif,2026-07-14,2026-07-28,"Program studi: Manajemen, Desain Komunikasi Visual, Statistika, Ilmu Hukum, Akuntansi | Tingkat pendidikan: Diploma, Sarjana",alamsyah.wahyu@corp.bri.co.id,2026-08-11T03:18:05Z
maganghub,a2397760-6cda-461e-98c5-d0da6803e361,https://maganghub.kemnaker.go.id/magang-nasional/lowongan/brilian-internship-assistant-micro-directorate-a2397760-6cda-461e-98c5-d0da6803e361,afd255b6-f2db-40ca-8a8a-f33029cf00a4,PT Bank Rakyat Indonesia (Persero) Tbk,maganghub-afd255b6-f2db-40ca-8a8a-f33029cf00a4,Brilian Internship Assistant Micro Directorate,brilian-internship-assistant-micro-directorate-a2397760-6cda-461e-98c5-d0da6803e361,"'- Melakukan pengolahan dan Analisa Data Bisnis dan Operasional. - Melakukan penyususunan Rencana Marketing, Mapping Potensi Pemasaran, dan Strategi Marketing. - Melaksanakan administrasi operasional dan bisnis - Menyusun materi komunikasi dan mengkomunikasikan materi dengan efektif - Menyajikan laporan pelaksanaan pekerjaan. - Mengimplementasikan bidang keilmuan dalam pekerjaan.",Kota Adm. Jakarta Pusat,,30,Aktif,2026-07-14,2026-07-28,"Program studi: Teknik Informatika, Manajemen, Desain Komunikasi Visual, Statistika, Matematika | Tingkat pendidikan: Diploma, Sarjana",alamsyah.wahyu@corp.bri.co.id,2026-08-11T03:18:07Z
maganghub,a23967ca-1113-4358-bb08-908a99756996,https://maganghub.kemnaker.go.id/magang-nasional/lowongan/staff-manufacturing-production-a23967ca-1113-4358-bb08-908a99756996,ca1d9042-1eb2-4134-b97e-8f0f7064f3a3,Adis Dimension Footwear,maganghub-ca1d9042-1eb2-4134-b97e-8f0f7064f3a3,STAFF MANUFACTURING PRODUCTION,staff-manufacturing-production-a23967ca-1113-4358-bb08-908a99756996,"Mempelajari dan mendalami proses area manufacturing meliputi Upper Proses terdiri dari Proses Pemotongan material (Cutting), Menjahit Komponen (Stitching), Assembling, dan Bottom Proses.",Kab. Tangerang,,30,Aktif,2026-07-14,2026-07-28,"Program studi: Teknik Mesin, Teknik Manajemen Industri, Teknik Industri, Teknik Manufaktur, Teknik Elektro | Tingkat pendidikan: Diploma, Sarjana",corpsec.adisgroup@gmail.com,2026-08-11T03:18:08Z
maganghub,a2417974-b70b-42cf-85af-4df2c33f5112,https://maganghub.kemnaker.go.id/magang-nasional/lowongan/perawat-rs-gatoel-a2417974-b70b-42cf-85af-4df2c33f5112,019f5b92-b9b8-73ee-860a-2cb34406c857,Nusantara Medika Utama,maganghub-019f5b92-b9b8-73ee-860a-2cb34406c857,Perawat RS Gatoel,perawat-rs-gatoel-a2417974-b70b-42cf-85af-4df2c33f5112,"Bertanggung jawab melaksanakan asuhan keperawatan profesional yang komprehensif, mencakup pengkajian kondisi pasien, pemeriksaan tanda-tanda vital, penanganan kebersihan diri pasien (personal hygiene), pemberian terapi obat/injeksi sesuai instruksi dokter, serta mendampingi visite medis. Berperan memberikan edukasi pemulangan pasien dan menyiapkan kelengkapan administrasi asuhan",Kota Mojokerto,,29,Aktif,2026-07-14,2026-07-28,"Program studi: Keperawatan, Ilmu Keperawatan, Keperawatan | Tingkat pendidikan: Sarjana",nusameditama@nmu.co.id,2026-08-11T03:18:10Z
maganghub,a2397689-f635-4d8a-86cf-cfbb43273783,https://maganghub.kemnaker.go.id/magang-nasional/lowongan/internship-assistant-a2397689-f635-4d8a-86cf-cfbb43273783,5fbf53cf-50c8-4eb5-8e41-9a56b5c075e0,PT. Bank Rakyat Indonesia(Persero) Tbk Regional Office Bandar Lampung,maganghub-5fbf53cf-50c8-4eb5-8e41-9a56b5c075e0,Internship Assistant,internship-assistant-a2397689-f635-4d8a-86cf-cfbb43273783,"Menganalisa Data dan Mengolah Data dengan menggunakan program Microsoft Office (Ms Word , Ms Excel dan Ms Power Point) dengan harapan bisa sebagai calon kandidat regenerasi berikutnya",Kota Bandar Lampung,,29,Aktif,2026-07-14,2026-07-28,"Program studi: Manajemen Keuangan, Akuntansi Manajemen, Manajemen, Administrasi, Manajemen Perkantoran Digital | Tingkat pendidikan: Sarjana, Diploma",ninisprabowosetiowati@gmail.com,2026-08-11T03:18:12Z
maganghub,a2396e4a-95a3-4987-aaec-260e0c88a2be,https://maganghub.kemnaker.go.id/magang-nasional/lowongan/brilian-internship-assistant-treasury-&-international-banking-directorate-a2396e4a-95a3-4987-aaec-260e0c88a2be,afd255b6-f2db-40ca-8a8a-f33029cf00a4,PT Bank Rakyat Indonesia (Persero) Tbk,maganghub-afd255b6-f2db-40ca-8a8a-f33029cf00a4,Brilian Internship Assistant Treasury & International Banking Directorate,brilian-internship-assistant-treasury-international-banking-directorate-a2396e4a-95a3-4987-aaec-260e0c88a2be,"'- Melakukan pengolahan dan Analisa Data Bisnis dan Operasional. - Melakukan penyususunan Rencana Marketing, Mapping Potensi Pemasaran, dan Strategi Marketing. - Melaksanakan administrasi operasional dan bisnis - Menyusun materi komunikasi dan mengkomunikasikan materi dengan efektif - Menyajikan laporan pelaksanaan pekerjaan. - Mengimplementasikan bidang keilmuan dalam pekerjaan.",Kota Adm. Jakarta Pusat,,28,Aktif,2026-07-14,2026-07-28,"Program studi: Arsitektur, Hubungan Internasional, Teknik Sipil, Statistika, Ilmu Hukum | Tingkat pendidikan: Diploma, Sarjana",alamsyah.wahyu@corp.bri.co.id,2026-08-11T03:18:14Z
maganghub,a240eb0b-b413-4da0-aa63-3b9a0b443a7c,https://maganghub.kemnaker.go.id/magang-nasional/lowongan/checker-lapangan-a240eb0b-b413-4da0-aa63-3b9a0b443a7c,29516589-a8e2-431b-8e74-db56363bbb87,PT Baoshuo Taman Industry Investment Group,maganghub-29516589-a8e2-431b-8e74-db56363bbb87,Checker Lapangan,checker-lapangan-a240eb0b-b413-4da0-aa63-3b9a0b443a7c,"1. Melakukan pemeriksaan dan pemantauan aktivitas operasional di lapangan sesuai dengan Standar Operasional Prosedur (SOP). 2. Memastikan kondisi peralatan, material, dan area kerja sesuai dengan standar operasional dan ketentuan perusahaan. 3. Mengidentifikasi, mencatat, dan melaporkan ketidaksesuaian, potensi bahaya, atau kendala yang ditemukan selama inspeksi. 4. Menyusun laporan hasil pemeriksaan dan mendokumentasikan kondisi operasional di lapangan secara akurat. 5. Berkoordinasi dengan supervisor dan departemen terkait dalam tindak lanjut hasil pemeriksaan dan perbaikan. 6. Menerapkan prosedur Keselamatan dan Kesehatan Kerja (K3) serta memastikan kepatuhan terhadap peraturan perusahaan.",Kab. Morowali,,27,Aktif,2026-07-14,2026-07-28,"Program studi: Teknik Metalurgi dan Material, Kimia, Teknik Material | Tingkat pendidikan: Diploma, Sarjana, Profesi",HRBAOSHUO@GMAIL.COM,2026-08-11T03:18:16Z
maganghub,a243bcaf-ba01-4ecf-b6fe-7cdcfe1c63de,https://maganghub.kemnaker.go.id/magang-nasional/lowongan/data-analyst-intern-a243bcaf-ba01-4ecf-b6fe-7cdcfe1c63de,5818a7aa-cc07-49f3-be2b-890182c744c7,PT. Traktor Nusantara,maganghub-5818a7aa-cc07-49f3-be2b-890182c744c7,Data Analyst Intern,data-analyst-intern-a243bcaf-ba01-4ecf-b6fe-7cdcfe1c63de,"'- Mengumpulkan, mengolah, dan memvalidasi data dari berbagai sumber. | - Melakukan analisis data untuk menghasilkan insight dan rekomendasi. | - Membantu penyusunan dashboard, visualisasi data, dan laporan berkala. | - Mendukung pengembangan database dan otomasi pelaporan. | - Melakukan monitoring kualitas data. | - Melaksanakan project improvement dalam lingkup data analyst.",Kota Adm. Jakarta Timur,,26,Aktif,2026-07-14,2026-07-28,"Program studi: Manajemen, Teknik Industri, Ilmu Ekonomi, Sistem Informasi, Statistika | Tingkat pendidikan: Sarjana",yohanes.santoso@traknus.co.id,2026-08-11T03:18:18Z
maganghub,a240c41a-b055-4eaa-a200-e4c094300481,https://maganghub.kemnaker.go.id/magang-nasional/lowongan/asisten-apoteker-a240c41a-b055-4eaa-a200-e4c094300481,0ffee2eb-0d34-4ac8-8585-e2d98f879615,Rumah Sakit Umum Pusat Makassar,maganghub-0ffee2eb-0d34-4ac8-8585-e2d98f879615,Asisten Apoteker,asisten-apoteker-a240c41a-b055-4eaa-a200-e4c094300481,"Mendukung pelaksanaan pelayanan kefarmasian melalui penyiapan, penyimpanan, distribusi, dan pencatatan sediaan farmasi, serta memastikan pengelolaan obat sesuai standar operasional prosedur rumah sakit. Wajib memiliki STR. | Bergabung di grup melalui tautan berikut: | https://chat.whatsapp.com/LHMw8T7RKrM6br0UfGfmfd?mode=gi_t",Kota Makassar,,26,Aktif,2026-07-14,2026-07-28,"Program studi: Farmasi | Tingkat pendidikan: Diploma, Sarjana",,2026-08-11T03:18:20Z
maganghub,a237456b-6841-4b01-b837-7713ab8370e9,https://maganghub.kemnaker.go.id/magang-nasional/lowongan/keperawatan-a237456b-6841-4b01-b837-7713ab8370e9,5291963e-d61c-489e-9a9c-ec2bb83bcfc4,PT. Raudhatussyfaa Sehat Bersama,maganghub-5291963e-d61c-489e-9a9c-ec2bb83bcfc4,KEPERAWATAN,keperawatan-a237456b-6841-4b01-b837-7713ab8370e9,"Memberikan perawatan langsung kepada pasien, memantau tanda-tanda vital, memberikan obat, melakukan prosedur medis dasar, serta membantu pasien menjalani aktivitas harian. Berperan sebagai penghubung antara pasien dan tim dokter.",Kab. Cirebon,,26,Aktif,2026-07-14,2026-07-28,"Program studi: Ilmu Keperawatan | Tingkat pendidikan: Diploma, Profesi",sdmrspc117@gmail.com,2026-08-11T03:18:22Z
maganghub,a2434e90-8c38-4f7b-b9f8-c9d5ffc83876,https://maganghub.kemnaker.go.id/magang-nasional/lowongan/brilian-internship-assistant-program-a2434e90-8c38-4f7b-b9f8-c9d5ffc83876,e55d6edc-e93f-416e-8da6-1eca134d4271,PT. Bank Rakyat Indonesia (Persero) Tbk Kantor Wilayah Palembang,maganghub-e55d6edc-e93f-416e-8da6-1eca134d4271,Brilian Internship Assistant Program,brilian-internship-assistant-program-a2434e90-8c38-4f7b-b9f8-c9d5ffc83876,a. Mempelajari proses pengelohan dan analisa data yang diberikan oleh mentor di Unit Kerja | b. Mempelajari rencana kerja untuk mendukung proses operasional dan bisnis di Unit Kerja | c. Mempelajari kegiatan administrasi operasional dan bisnis di Unit Kerja BRI,Kota Palembang,,26,Aktif,2026-07-14,2026-07-28,"Program studi: Ilmu Komputer, Teknika, Psikologi, Ekonomi, Hukum | Tingkat pendidikan: Sarjana, Diploma",kanwilpalembang_3@brilian.bri.co.id,2026-08-11T03:18:25Z
maganghub,a23975af-bac8-4316-ac88-8544fbc5588a,https://maganghub.kemnaker.go.id/magang-nasional/lowongan/brilian-internship-assistant-finance-directorate-a23975af-bac8-4316-ac88-8544fbc5588a,afd255b6-f2db-40ca-8a8a-f33029cf00a4,PT Bank Rakyat Indonesia (Persero) Tbk,maganghub-afd255b6-f2db-40ca-8a8a-f33029cf00a4,Brilian Internship Assistant Finance Directorate,brilian-internship-assistant-finance-directorate-a23975af-bac8-4316-ac88-8544fbc5588a,"'- Melakukan pengolahan dan Analisa Data Bisnis dan Operasional. - Melakukan penyususunan Rencana Marketing, Mapping Potensi Pemasaran, dan Strategi Marketing. - Melaksanakan administrasi operasional dan bisnis - Menyusun materi komunikasi dan mengkomunikasikan materi dengan efektif - Menyajikan laporan pelaksanaan pekerjaan. - Mengimplementasikan bidang keilmuan dalam pekerjaan.",Kota Adm. Jakarta Pusat,,26,Aktif,2026-07-14,2026-07-28,"Program studi: Teknik Informatika, Manajemen, Desain Komunikasi Visual, Statistika, Akuntansi | Tingkat pendidikan: Sarjana, Diploma",alamsyah.wahyu@corp.bri.co.id,2026-08-11T03:18:27Z
maganghub,a24100c0-58b9-43a6-ba5f-6fd80e9b756c,https://maganghub.kemnaker.go.id/magang-nasional/lowongan/perawat-a24100c0-58b9-43a6-ba5f-6fd80e9b756c,12a695fe-41b4-45b3-a9e5-244aae949d85,PT Success Medika Pitroni,maganghub-12a695fe-41b4-45b3-a9e5-244aae949d85,Perawat,perawat-a24100c0-58b9-43a6-ba5f-6fd80e9b756c,"Melaksanakan asuhan keperawatan dasar secara bio-psiko-sosio-spiritual kepada pasien di ruang rawat inap di bawah supervisi perawat senior/pembimbing klinik, dengan mengutamakan keselamatan pasien (patient safety), pemenuhan kebutuhan dasar manusia, serta ketepatan dokumentasi klinis sesuai standar rumah sakit.",Kab. Minahasa,,25,Aktif,2026-07-14,2026-07-28,"Program studi: Keperawatan, Ilmu Keperawatan | Tingkat pendidikan: Profesi, Diploma",office@awaloei-hospital.com,2026-08-11T03:18:29Z
maganghub,a243dc0f-fa35-4b4a-b3b4-49cc4c1e3333,https://maganghub.kemnaker.go.id/magang-nasional/lowongan/perawat-anestesi-ahli-pertama-a243dc0f-fa35-4b4a-b3b4-49cc4c1e3333,4cfc4216-c015-4df5-8511-d2d9c4a07047,Rumah Sakit Umum Pusat Dr. Wahidin Sudirohusodo Makassar,maganghub-4cfc4216-c015-4df5-8511-d2d9c4a07047,Perawat Anestesi Ahli Pertama,perawat-anestesi-ahli-pertama-a243dc0f-fa35-4b4a-b3b4-49cc4c1e3333,"Memberikan asuhan keperawatan anestesi sebelum, selama, dan setelah tindakan operasi melalui pemantauan kondisi pasien, membantu tindakan anestesi, memberikan edukasi, serta mendokumentasikan seluruh pelayanan secara lengkap.",Kota Makassar,,25,Aktif,2026-07-14,2026-07-28,"Program studi: Keperawatan Anestesiologi | Tingkat pendidikan: Sarjana, Diploma",,2026-08-11T03:18:31Z
maganghub,a243efde-aeea-48ea-963a-93fb6ff7b6cd,https://maganghub.kemnaker.go.id/magang-nasional/lowongan/pengolah-data-dan-informasi-a243efde-aeea-48ea-963a-93fb6ff7b6cd,2c3d8f59-908c-4c58-82f0-01cad066eb19,BBPVP Bekasi,maganghub-2c3d8f59-908c-4c58-82f0-01cad066eb19,Pengolah Data dan Informasi,pengolah-data-dan-informasi-a243efde-aeea-48ea-963a-93fb6ff7b6cd,"Membantu mengolah, mengelola, dan menyajikan data serta informasi unit kerja.Membantu mengolah, mengelola, dan menyajikan data serta informasi unit kerja.",Kota Bekasi,,25,Aktif,2026-07-14,2026-07-28,"Program studi: Informatika, Manajemen Sumber Daya Manusia, Kearsipan, Sistem Informasi, Administrasi Perkantoran | Tingkat pendidikan: Sarjana",,2026-08-11T03:18:32Z
maganghub,a23ada1e-0aa0-4d56-9e10-23556de9f724,https://maganghub.kemnaker.go.id/magang-nasional/lowongan/asisten-penyelia-penjualan-wilayah-a23ada1e-0aa0-4d56-9e10-23556de9f724,019f1262-1495-7093-97e3-8ddcc7b9e8dc,Dua Kelinci,maganghub-019f1262-1495-7093-97e3-8ddcc7b9e8dc,Asisten Penyelia Penjualan Wilayah,asisten-penyelia-penjualan-wilayah-a23ada1e-0aa0-4d56-9e10-23556de9f724,"Deskripsi Jabatan : | Peserta pemagangan akan mempelajari dan membantu pelaksanaan fungsi penyeliaan kegiatan penjualan di suatu wilayah di bawah bimbingan mentor. Peserta terlibat dalam pengolahan data penjualan, pemantauan aktivitas tim, observasi pasar, evaluasi pencapaian, serta penyusunan laporan dan rekomendasi perbaikan. | Ruang lingkup kegiatan meliputi: | 1. Membantu mengumpulkan, memeriksa, dan mengolah data penjualan, kunjungan pelanggan, distribusi produk, serta pencapaian target wilayah. | 2. Membantu menganalisis pencapaian indikator kinerja penjualan, seperti jumlah kunjungan, pelanggan produktif, cakupan distribusi, dan produktivitas penjualan. | 3. Melakukan observasi lapangan bersama penyelia dan tim penjualan untuk mempelajari proses kunjungan pelanggan, penawaran produk, pelayanan pelanggan, penataan produk, dan administrasi penjualan. | 4. Membantu memantau pelaksanaan rencana kunjungan dan aktivitas penjualan sesuai dengan wilayah yang telah ditetapkan. | 5. Mengidentifikasi potensi pasar, peluang pengembangan pelanggan, kendala penjualan, serta kondisi persaingan di wilayah kerja. | 6. Membantu menyiapkan data dan bahan pelaksanaan pengarahan tim penjualan sebelum maupun setelah kegiatan lapangan. | 7. Membantu melakukan evaluasi sederhana terhadap pelaksanaan program penjualan dan distribusi berdasarkan data serta hasil observasi lapangan. | 8. Menyusun laporan berkala mengenai pencapaian penjualan, hasil kunjungan, kondisi pasar, permasalahan lapangan, dan tindak lanjut yang disarankan. | 9. Menyampaikan hasil analisis, temuan, dan rekomendasi perbaikan kepada mentor sebagai bagian dari proses evaluasi pembelajaran. | 10. Melaksanakan tugas pembelajaran lainnya yang berkaitan dengan fungsi penyeliaan penjualan wilayah sesuai arahan mentor dan ketentuan perusahaan.",Kab. Pati,,25,Aktif,2026-07-14,2026-07-28,"Program studi: Manajemen, Ekonomi, Ilmu Komunikasi, Administrasi Bisnis, Manajemen Pemasaran | Tingkat pendidikan: Sarjana",edhiana@duakelinci.co.id,2026-08-11T03:18:34Z
maganghub,a2436a69-c99b-41a7-8a20-545c941497c6,https://maganghub.kemnaker.go.id/magang-nasional/lowongan/supervisor-produksi-a2436a69-c99b-41a7-8a20-545c941497c6,019f1262-1495-7093-97e3-8ddcc7b9e8dc,Dua Kelinci,maganghub-019f1262-1495-7093-97e3-8ddcc7b9e8dc,Supervisor Produksi,supervisor-produksi-a2436a69-c99b-41a7-8a20-545c941497c6,"Peserta Pemagangan akan mempelajari ruang lingkup supervisor produksi dengan didampingi mentor dengan mekanisme tandem & akting dengan rincian deskripsi jabatan sebagai berikut merencanakan, mengoordinasikan, mengawasi, dan mengendalikan seluruh aktivitas produksi agar target kuantitas, kualitas, biaya, ketepatan waktu pengiriman, dan keselamatan kerja tercapai sesuai standar perusahaan. | 1. Mengoordinasikan pelaksanaan proses produksi agar berjalan sesuai rencana produksi, target output, standar mutu, dan jadwal yang telah ditetapkan. | 2. Mengelola sumber daya produksi, meliputi tenaga kerja, mesin, peralatan, bahan baku, dan material pendukung agar digunakan secara efektif dan efisien. | 3. Mengendalikan pencapaian indikator kinerja produksi, seperti produktivitas, kualitas, efisiensi, tingkat cacat produk (defect), pemborosan (waste), dan downtime mesin. | 4. Mengidentifikasi, menganalisis, dan menyelesaikan permasalahan operasional produksi serta mengoordinasikan tindakan perbaikan dan pencegahan. | 5. Melakukan pembinaan, pengarahan, evaluasi, dan pengembangan kompetensi personel produksi yang berada di bawah tanggung jawabnya. | 6.Berkoordinasi dengan departemen terkait, seperti PPIC, Quality Control, Maintenance, Gudang, Engineering, dan HR untuk menjamin kelancaran proses produksi. | 7. Menyusun dan menyampaikan laporan kinerja produksi secara berkala kepada Manajer Produksi sebagai dasar pengambilan keputusan. | 8. Mendorong pelaksanaan program peningkatan berkelanjutan (Continuous Improvement) untuk meningkatkan produktivitas, kualitas, keselamatan kerja, dan efisiensi biaya.",Kab. Pati,,25,Aktif,2026-07-14,2026-07-28,"Program studi: Teknik Mesin, Teknik Industri, Teknologi Pangan, Teknik Listrik, Teknik Elektro | Tingkat pendidikan: Sarjana",edhiana@duakelinci.co.id,2026-08-11T03:18:36Z
maganghub,a2415393-6420-4c01-a30f-0ac4c5648719,https://maganghub.kemnaker.go.id/magang-nasional/lowongan/cyber-security-intern---information-technology-a2415393-6420-4c01-a30f-0ac4c5648719,bae52da4-54e5-4b62-9bee-d3959310d491,Perusahaan Perseroan (Persero) PT. Bank Mandiri,maganghub-bae52da4-54e5-4b62-9bee-d3959310d491,Cyber Security Intern - Information Technology,cyber-security-intern-information-technology-a2415393-6420-4c01-a30f-0ac4c5648719,"Mendukung pelaksanaan aktivitas operasional dan pengembangan fungsi Cyber Security seperti pengamanan aplikasi, infrastruktur, data, membantu pelaksanaan security monitoring, vulnerability assessment, security testing, penyusunan dokumentasi dan kebijakan keamanan informasi, pelaksanaan program security awareness, analisis insiden keamanan, serta mendukung implementasi berbagai inisiatif dan proyek keamanan siber sesuai kebutuhan unit kerja. | Tugas & Tanggung Jawab: | 1. Melakukan pemantauan keamanan (security monitoring) pada aplikasi dan infrastruktur secara rutin. | 2. Membantu pelaksanaan vulnerability assessment dan security testing (seperti penetration testing dasar). | 3. Mendokumentasikan kebijakan, prosedur, dan laporan insiden keamanan informasi. | 4. Membantu menganalisis log insiden keamanan siber yang masuk. | 5. Menyusun materi kampanye dan edukasi untuk program Security Awareness karyawan. | 6. Mendukung implementasi proyek-proyek keamanan siber di unit kerja.",Kota Adm. Jakarta Selatan,,25,Aktif,2026-07-14,2026-07-28,"Program studi: Teknik Informatika, Teknologi Informasi, Ilmu Komputer, Teknik Elektro, Sistem Informasi | Tingkat pendidikan: Sarjana",mandiricare@bankmandiri.co.id,2026-08-11T03:18:38Z
maganghub,a22b787b-2e72-4103-a72f-1f551c153531,https://maganghub.kemnaker.go.id/magang-nasional/lowongan/staf-ao-funding-a22b787b-2e72-4103-a72f-1f551c153531,109a826d-f935-43ef-a86e-86a4fe55fcd1,PT. Bpr Bank Jombang Perseroda,maganghub-109a826d-f935-43ef-a86e-86a4fe55fcd1,Staf AO Funding,staf-ao-funding-a22b787b-2e72-4103-a72f-1f551c153531,"1. Melakukan kegiatan pemasaran produk funding (tabungan dan deposito) kepada calon nasabah secara aktif. | 2. Mencari dan menjalin hubungan dengan nasabah baru, termasuk komunitas masyarakat seperti kelompok arisan, paguyuban, dan pelaku UMKM. | 3. Melakukan kunjungan langsung (door to door) ke calon nasabah maupun nasabah existing untuk menjaga hubungan dan meningkatkan dana pihak ketiga. | 4. Memberikan informasi produk dan layanan perbankan secara jelas dan menarik kepada calon nasabah. | 5. Menjalin dan menjaga hubungan baik dengan nasabah untuk meningkatkan loyalitas dan kepercayaan. | 6. Mendukung kegiatan promosi dan event marketing yang diselenggarakan oleh bank. | 7. Membantu pencapaian target penghimpunan dana sesuai arahan dari atasan. | 8. Melaporkan aktivitas pemasaran dan hasil kunjungan secara berkala. | Kualifikasi Khusus: | 1. Memiliki kemampuan komunikasi yang baik dan berorientasi pada target. | 2. Berpenampilan rapi dan percaya diri. | 3. Mampu bekerja secara individu maupun tim. | 4. Wajib memiliki kendaraan pribadi (motor) dan mampu mengendarai motor untuk mendukung mobilitas kerja.",Kab. Jombang,,25,Aktif,2026-07-14,2026-07-28,"Program studi: Keuangan dan Perbankan, Ilmu Ekonomi, Perbankan, Ilmu Komunikasi, Manajemen Pemasaran/Marketing | Tingkat pendidikan: Sarjana, Diploma",info@bankjombang.co.id,2026-08-11T03:18:40Z
maganghub,a240e64e-355a-4e7e-a8c1-f2b7e6c33f0d,https://maganghub.kemnaker.go.id/magang-nasional/lowongan/intern---hospitality-operations-&-quality-control-a240e64e-355a-4e7e-a8c1-f2b7e6c33f0d,38f244a3-c1d7-4564-85c1-48293c6db990,Hotel Sahid Jaya International,maganghub-38f244a3-c1d7-4564-85c1-48293c6db990,Intern - Hospitality Operations & Quality Control,intern-hospitality-operations-quality-control-a240e64e-355a-4e7e-a8c1-f2b7e6c33f0d,"Mengikuti program rotasi penempatan secara berkala di berbagai departemen operasional utama (seperti Front Office, Housekeeping, Food & Beverage, Engineering dan Sales Marketing) untuk mempelajari siklus bisnis perhotelan secara terpadu. | Mendukung pelaksanaan standar pelayanan prima (service excellence) dan berpartisipasi dalam pengecekan kualitas fasilitas hotel serta area publik dalam kegiatan operasional sehari-hari. | Melakukan observasi lapangan untuk mengidentifikasi potensi perbaikan dalam alur kerja, serta mendokumentasikan temuan untuk dilaporkan kepada supervisor di departemen terkait. | Membantu tim operasional dalam penanganan permintaan, kebutuhan, dan keluhan tamu secara responsif sesuai dengan Standar Operasional Prosedur (SOP) yang berlaku. | Mendukung kelancaran komunikasi dan koordinasi antar departemen, terutama pada saat tingkat hunian (occupancy) sedang tinggi atau saat ada acara berskala besar di hotel.",Kota Adm. Jakarta Pusat,,25,Aktif,2026-07-14,2026-07-28,"Program studi: Hospitality dan Pariwisata, Manajemen Perhotelan dan Pariwisata, Manajemen Akuntansi Hospitaliti, Manajemen Bisnis, Pariwisata | Tingkat pendidikan: Diploma, Sarjana, Profesi",recruitment@sahidgroup.com,2026-08-11T03:18:41Z
maganghub,a241578d-8783-4098-aa39-d588aa5f3a53,https://maganghub.kemnaker.go.id/magang-nasional/lowongan/corporate-event-intern-a241578d-8783-4098-aa39-d588aa5f3a53,019f4ac5-f358-72b1-a136-74878ac6f816,PT. Bank Syariah Indonesia.tbk,maganghub-019f4ac5-f358-72b1-a136-74878ac6f816,Corporate Event Intern,corporate-event-intern-a241578d-8783-4098-aa39-d588aa5f3a53,Mendukung perencanaan dan pelaksanaan corporate event untuk memperkuat citra dan reputasi perusahaan. | Mengumpulkan dan menyajikan data atau informasi yang dibutuhkan dalam event planning dan eksekusi kegiatan korporasi. | Menyusun publikasi event dan melakukan dokumentasi kegiatan sebagai bagian dari komunikasi perusahaan. | Berkoordinasi dengan pihak internal maupun eksternal dalam pemenuhan kebutuhan operasional event. | Mendukung tugas administratif untuk memastikan kelancaran penyelenggaraan corporate event sesuai ketentuan.,Kota Adm. Jakarta Selatan,,25,Aktif,2026-07-14,2026-07-28,"Program studi: Relasi Industri, Manajemen Komunikasi, Ilmu Komunikasi, Desain Komunikasi Visual, Manajemen Pemasaran/Marketing | Tingkat pendidikan: Diploma, Sarjana, Profesi",nur.laila1093@bankbsi.co.id,2026-08-11T03:18:43Z
maganghub,a24181ad-bf15-4e94-8d7b-a1fbc26d333a,https://maganghub.kemnaker.go.id/magang-nasional/lowongan/asisten-analis-sumber-daya-manusia-a24181ad-bf15-4e94-8d7b-a1fbc26d333a,dc6aff39-7344-4e04-bfa5-1fb391b9c6d5,Badan Kepegawaian Negara,maganghub-dc6aff39-7344-4e04-bfa5-1fb391b9c6d5,Asisten Analis Sumber Daya Manusia,asisten-analis-sumber-daya-manusia-a24181ad-bf15-4e94-8d7b-a1fbc26d333a,Membantu pengumpulan dan verifikasi data kepegawaian. | Membantu penyusunan bahan laporan. | Membantu administrasi dan dokumentasi pengembangan karier dan kompetensi ASN. | Membantu pelaksanaan tugas acara kedinasan lainnya.,Kota Adm. Jakarta Timur,,24,Aktif,2026-07-14,2026-07-28,"Program studi: Manajemen, Administrasi Publik, Administrasi Pemerintahan, Administrasi Negara | Tingkat pendidikan: Diploma, Sarjana",,2026-08-11T03:18:45Z
maganghub,a2334d5b-10f0-45ce-8dce-5f351bcff77a,https://maganghub.kemnaker.go.id/magang-nasional/lowongan/perawat-pelaksana-a2334d5b-10f0-45ce-8dce-5f351bcff77a,29ca6dc4-03c7-43a2-888b-86d615c96603,Rumah Sakit Islam Banyu Bening,maganghub-29ca6dc4-03c7-43a2-888b-86d615c96603,Perawat Pelaksana,perawat-pelaksana-a2334d5b-10f0-45ce-8dce-5f351bcff77a,"Menerima pasien baru, melakukan komunikasi terapeutik, dan melakukan pemeriksaan serta pencatatan Tanda-Tanda Vital (TTV) secara berkala. | Membantu pemenuhan kebutuhan dasar pasien, seperti kebersihan diri (personal higiene), posisi tidur yang nyaman, dan membantu mobilisasi di tempat tidur. | Melakukan tindakan keperawatan dasar (seperti pemasangan infus, kateter, NGT, perawatan luka steril, dan pemberian obat) di bawah pengawasan ketat mentor. | Melakukan dokumentasi asuhan keperawatan lengkap, membantu penanganan kegawatdaruratan awal, serta menyusun berkas rencana pasien pulang (discharge planning).",Kab. Boyolali,,24,Aktif,2026-07-14,2026-07-28,"Program studi: Keperawatan, Ilmu Keperawatan, Keperawatan, keperawatan | Tingkat pendidikan: Diploma, Profesi",sekre.rsibanyubening@gmail.com,2026-08-11T03:18:47Z
maganghub,a23f6787-dafc-4e06-9e18-b2ff08df0a9a,https://maganghub.kemnaker.go.id/magang-nasional/lowongan/divisi-production-madiun-a23f6787-dafc-4e06-9e18-b2ff08df0a9a,06a78f24-4675-46e1-bb56-20efb6461a5e,Perusahaan Perseroan (Persero) PT Industri Kereta Api,maganghub-06a78f24-4675-46e1-bb56-20efb6461a5e,Divisi Production Madiun,divisi-production-madiun-a23f6787-dafc-4e06-9e18-b2ff08df0a9a,"Mencakup jurusan sejenis seperti D4 Perkeretaapian, Teknik Manufaktur, Teknik Material, dan Teknik Kimia | Administrasi Perkantoran: Mendukung kegiatan administrasi produksi melalui pengelolaan dokumen, penyusunan laporan operasional, pengarsipan data produksi, serta koordinasi administrasi antarbagian untuk mendukung kelancaran proses manufaktur. | Teknik Mesin / D4 Perkeretaapian: Mendukung pelaksanaan proses manufaktur sarana perkeretaapian melalui kegiatan fabrikasi, perakitan, monitoring proses produksi, evaluasi hasil produksi, serta penerapan standar mutu dan keselamatan kerja. | Teknik Elektro / Elektronika Instrumentasi: Mendukung proses instalasi, inspeksi, pengujian, dan troubleshooting sistem kelistrikan serta instrumentasi pada sarana perkeretaapian sesuai standar teknis yang berlaku. | Teknik Informatika: Mendukung pengelolaan sistem informasi produksi melalui penginputan, validasi, pengolahan, dan analisis data produksi, penyusunan dashboard dan laporan, serta optimalisasi pemanfaatan sistem digital untuk mendukung operasional produksi. | Teknik Material / Teknik Kimia: Mendukung pengendalian kualitas material melalui inspeksi, pengujian karakteristik material, monitoring proses perlakuan material, pengecatan, serta evaluasi kesesuaian material dengan spesifikasi teknis. | Teknik Mesin / Teknik Manufaktur: Mendukung pelaksanaan proses manufaktur melalui pengoperasian dan evaluasi proses produksi, analisis metode kerja, identifikasi peluang peningkatan produktivitas, serta penerapan teknologi manufaktur. | Teknik Industri: Mendukung perencanaan, monitoring, dan evaluasi proses produksi melalui analisis produktivitas, pengukuran kinerja operasional, identifikasi pemborosan (waste), serta penyusunan rekomendasi peningkatan efisiensi proses manufaktur.",Kota Madiun,,24,Aktif,2026-07-14,2026-07-28,"Program studi: Teknik Informatika, Teknik Mesin, Administrasi BIsnis, Teknik Industri, Teknik Elektro | Tingkat pendidikan: Diploma, Sarjana",ratna.juwita@inka.co.id,2026-08-11T03:18:49Z
maganghub,a23512cb-a79b-42ea-9185-8765c316f341,https://maganghub.kemnaker.go.id/magang-nasional/lowongan/perawat-pelaksana-a23512cb-a79b-42ea-9185-8765c316f341,1da9c3b8-9deb-47e8-aa22-9bb0559a0985,Rsu Anwar Medika,maganghub-1da9c3b8-9deb-47e8-aa22-9bb0559a0985,Perawat Pelaksana,perawat-pelaksana-a23512cb-a79b-42ea-9185-8765c316f341,"Kualifikasi: | 1.	Lulusan D3/S1 Keperawatan | 2.	Wajib memiliki STR Aktif | 3.	Customer Oriented | 4.	Memiliki sertifikat BTCLS/PPGD | 5.	Memiliki attitude dan kemampuan komunikasi yang baik. | 6.	Disiplin, bertanggung jawab, serta memiliki semangat kerja yang tinggi. | Tanggung Jawab: | 1.	Memberikan asuhan keperawatan dasar (pengkajian, tindakan, dokumentasi) | 2.	Melakukan pemantauan kondisi pasien, melaksanakan tindakan keperawatan sesuai kewenangan, serta berkolaborasi dengan tim medis dalam pemberian pelayanan kesehatan. | 3.	Melaksanakan Pencegahan dan Pengendalian Infeksi (PPI), menerapkan prinsip keselamatan pasien (Patient Safety), serta menjaga mutu pelayanan keperawatan di setiap tindakan. | 4.	Memberikan edukasi kepada pasien dan keluarga mengenai kondisi kesehatan, pengobatan, perawatan, pencegahan penyakit, serta upaya peningkatan kesehatan sesuai kebutuhan pasien. | 5.	Melakukan dokumentasi asuhan keperawatan secara akurat dan lengkap, menjunjung tinggi etika profesi, profesionalisme, serta mampu bekerja sama secara efektif dalam tim pelayanan kesehatan.",Kab. Sidoarjo,,23,Aktif,2026-07-14,2026-07-28,"Program studi: Keperawatan, Ilmu Keperawatan | Tingkat pendidikan: Diploma, Sarjana, Profesi",rsu.anwarmedika@gmail.com,2026-08-11T03:18:50Z
maganghub,a22b27ad-1877-43ad-9fbe-4f547f8088b5,https://maganghub.kemnaker.go.id/magang-nasional/lowongan/tenaga-perawat-a22b27ad-1877-43ad-9fbe-4f547f8088b5,eb2ee72e-d503-4714-9a35-aa29e11cc9bb,Rs Islam Ibnu Sina Padang,maganghub-eb2ee72e-d503-4714-9a35-aa29e11cc9bb,Tenaga Perawat,tenaga-perawat-a22b27ad-1877-43ad-9fbe-4f547f8088b5,"Perawat di rumah sakit bertugas memberikan asuhan keperawatan secara menyeluruh kepada pasien, mulai dari pengkajian kondisi, perencanaan tindakan, pelaksanaan perawatan, hingga evaluasi hasil. Perawat juga berperan dalam membantu proses pengobatan, memantau perkembangan kesehatan pasien, memberikan edukasi kepada pasien dan keluarga, serta berkolaborasi dengan tim medis lainnya untuk memastikan pelayanan yang aman, efektif, dan berkualitas.",Kota Padang,,23,Aktif,2026-07-14,2026-07-28,"Program studi: Keperawatan, Ilmu Keperawatan | Tingkat pendidikan: Diploma, Sarjana",rsi.ibnusinapadang@yahoo.co.id,2026-08-11T03:18:52Z
maganghub,a2434e33-6308-4f9c-bc5c-421bdd61ee45,https://maganghub.kemnaker.go.id/magang-nasional/lowongan/tenaga-teknis-kefarmasian-a2434e33-6308-4f9c-bc5c-421bdd61ee45,3046a770-946a-4524-a0b6-ae4992b80234,Rumah Sakit Umum Pusat Dr. M. Djamil Padang,maganghub-3046a770-946a-4524-a0b6-ae4992b80234,Tenaga Teknis Kefarmasian,tenaga-teknis-kefarmasian-a2434e33-6308-4f9c-bc5c-421bdd61ee45,"""1. Membuat rencana kebutuhan depo dan mengamprah melalui aplikasi SIMRS | 2. Menerima, memeriksa, dan mencatat pada kartu stok perbekalan sediaan farmasi yang masuk sesuai dengan spesifikasi dan persyaratan yang ditentukan | 3. Menyimpan perbekalan farmasi sesuai jenis obat, kelas terapi, dan disusun secara alfabetis sesuai persyaratan yang berlaku | 4. Melakukan pengecekan dan pengisian formulir monitoring suhu ruangan dan kulkas | 5. Menerima, menyeleksi persyaratan administrasi (telaah resep) | 6. Menyiapkan kebutuhan obat untuk tiap kali pemakaian selama 24 jam (UDD), Menyiapkan obat oral pasien | 7. Menyiapkan kebutuhan obat untuk tiap kali pemakaian selama 24 jam (UDD), Menyiapkan obat intravena dan alat kesehatan | 8. Menyiapkan kebutuhan obat untuk tiap kali pemakaian selama 24 jam (UDD), Menyiapkan obat puyer | 9. Menyiapkan obat sesuai dengan resep/ e-resep dan membuat etiket yang berisi informasi tentang tanggal, identitas pasien, aturan pakai dan cara pemakaian, Menyiapkan obat pasien pulang | 10. Menyerahkan obat pulang kepada pasien disertai dengan pemberian informasi penggunaan obat | 11. Melakukan penginputan pada aplikasi SIMRS semua perbekalan farmasi yang telah dilayani | 12. Mendistribusikan perbekalan farmasi ke setiap ruang rawat, Melakukan serah terima dengan perawat | 13. Menerima retur perbekalan farmasi dari ruang rawatan sesuai SPO | 14. Melakukan pengecekan troli emergensi setiap hari kerja dan mengganti perbekalan farmasi yang terpakai | 15.Melakukan stock opname, Melakukan perhitungan jumlah perbekalan farmasi setiap bulan | 16. Melakukan pemeriksaan dan pendataan perbekalan farmasi mendekati expired dan telah expired | 17. Melakukan pemotongan kartu stok untuk perbekalan farmasi tertentu, Narkotika & psikotropika, obat program, dan lain-lain sesuai kebutuhan depo",Kota Padang,,22,Aktif,2026-07-14,2026-07-28,Program studi: Farmasi | Tingkat pendidikan: Diploma,,2026-08-11T03:18:54Z
maganghub,a2370946-2a12-491e-a30c-930355f39097,https://maganghub.kemnaker.go.id/magang-nasional/lowongan/tenaga-teknis-kefarmasian-a2370946-2a12-491e-a30c-930355f39097,5291963e-d61c-489e-9a9c-ec2bb83bcfc4,PT. Raudhatussyfaa Sehat Bersama,maganghub-5291963e-d61c-489e-9a9c-ec2bb83bcfc4,TENAGA TEKNIS KEFARMASIAN,tenaga-teknis-kefarmasian-a2370946-2a12-491e-a30c-930355f39097,"Membantu apoteker dalam mengelola perbekalan farmasi, menyiapkan dan meracik obat sesuai resep dokter, serta mendistribusikan obat ke bangsal atau pasien. Melakukan pencatatan stok dan pelaporan farmasi di bawah supervisi apoteker penanggung jawab.",Kab. Cirebon,,22,Aktif,2026-07-14,2026-07-28,Program studi: Farmasi | Tingkat pendidikan: Diploma,sdmrspc117@gmail.com,2026-08-11T03:18:56Z
maganghub,a23980f3-a71f-427e-8c56-eec1062d7029,https://maganghub.kemnaker.go.id/magang-nasional/lowongan/sales-generalis-a23980f3-a71f-427e-8c56-eec1062d7029,15417294-22c5-464c-b267-f6d94a19b91e,Perusahaan Perseroan (Persero) Bank Negara Indonesia,maganghub-15417294-22c5-464c-b267-f6d94a19b91e,SALES GENERALIS,sales-generalis-a23980f3-a71f-427e-8c56-eec1062d7029,"1)        Mempelajari manajemen pipeline sesuai dengan produk dan layanan BNI. | 2)        Mempelajari aktivitas penjualan harian seperti morning briefing, sales clinic, atau event pemasaran cabang. | 3)        Mempelajari marketing management serta menyusun laporan sederhana terkait pencapaian kinerja harian.",Kota Bekasi,,22,Aktif,2026-07-14,2026-07-28,"Program studi: Manajemen Keuangan, Bisnis, Ekonomi, Manajemen Bisnis, Bisnis Digital | Tingkat pendidikan: Diploma, Sarjana",bni181bekasi@gmail.com,2026-08-11T03:18:59Z
maganghub,a2439a04-c109-4651-845d-d6e95417fa15,https://maganghub.kemnaker.go.id/magang-nasional/lowongan/sales-generalis-a2439a04-c109-4651-845d-d6e95417fa15,48d68831-967b-4ebc-b74d-01741f1407aa,Perusahaan Perseroan (Persero) Bank Negara Indonesia,maganghub-48d68831-967b-4ebc-b74d-01741f1407aa,Sales Generalis,sales-generalis-a2439a04-c109-4651-845d-d6e95417fa15,"Mempelajari manajemen pipeline sesuai dengan produk dan layanan BNI. | Mempelajari aktivitas penjualan harian seperti morning briefing, sales clinic, atau event pemasaran cabang. | Mempelajari marketing management serta menyusun laporan sederhana terkait pencapaian kinerja harian.",Kota Adm. Jakarta Selatan,,22,Aktif,2026-07-14,2026-07-28,"Program studi: Perbankan Dan Keuangan, Ekonomi, Ilmu Komunikasi, Manajemen Keuangan Perbankan, Manajemen Pemasaran/Marketing | Tingkat pendidikan: Sarjana, Diploma",gcg@bni.co.id,2026-08-11T03:19:01Z
maganghub,a223517b-1627-453e-a39d-470e4fc66a00,https://maganghub.kemnaker.go.id/magang-nasional/lowongan/production-engineering-a223517b-1627-453e-a39d-470e4fc66a00,0379367f-c7b0-4b83-86ed-4f17a870fd99,Indonesia Nippon Seiki,maganghub-0379367f-c7b0-4b83-86ed-4f17a870fd99,Production Engineering,production-engineering-a223517b-1627-453e-a39d-470e4fc66a00,"Dalam enam bulan pertama, tim Production Engineering akan mempelajari dasar-dasar produksi dan rekayasa industri, termasuk proses manufaktur, perencanaan produksi, serta pengendalian kualitas. Mereka akan memahami alur produksi dari bahan baku hingga produk jadi, serta mempelajari penggunaan alat dan mesin produksi yang umum digunakan. Selain itu, aspek keselamatan kerja dan efisiensi proses akan menjadi fokus utama, termasuk penerapan Lean Manufacturing dan Six Sigma untuk mengurangi pemborosan dan meningkatkan kualitas. Pada bulan ketiga, peserta akan diperkenalkan pada sistem otomasi dan teknologi terbaru dalam produksi, seperti penggunaan PLC dan SCADA, serta pengelolaan data produksi berbasis digital. | Pada tahap praktik di bulan keempat hingga keenam, peserta akan mendapatkan pengalaman langsung dengan pengoperasian mesin dan peralatan produksi, melakukan analisis proses, serta mengidentifikasi dan menyelesaikan masalah yang muncul di lini produksi. Mereka juga akan dilatih dalam melakukan pengaturan mesin, melakukan perawatan preventif, dan melakukan peningkatan proses secara berkelanjutan. Selain itu, peserta akan belajar mengelola dokumentasi produksi, melakukan laporan kinerja, serta menerapkan prinsip Continuous Improvement (Kaizen) untuk meningkatkan efisiensi dan produktivitas secara berkelanjutan. Melalui kombinasi teori dan praktik, diharapkan para peserta mampu menjadi bagian dari tim produksi yang kompeten dan inovatif.",Kab. Serang,,22,Aktif,2026-07-14,2026-07-28,"Program studi: Teknik Mesin dan Manufaktur, Teknik Mesin, Teknik Industri, Mekatronika, Teknik Manufaktur Mesin | Tingkat pendidikan: Diploma, Sarjana, Profesi",deni_prastono@ins.co.id,2026-08-11T03:19:03Z
maganghub,a2289a66-61b3-46a5-8f2c-4c003789acc1,https://maganghub.kemnaker.go.id/magang-nasional/lowongan/profesi-perawat-a2289a66-61b3-46a5-8f2c-4c003789acc1,d9bebbd4-a5f5-4a86-ab66-105a08190390,Rumah Sakit Umum Dr. H. Koesnadi Kabupaten Bondowoso,maganghub-d9bebbd4-a5f5-4a86-ab66-105a08190390,PROFESI PERAWAT,profesi-perawat-a2289a66-61b3-46a5-8f2c-4c003789acc1,"Pendidikan minimal Profesi  Ners, memahami standar pelayanan keperawatan di RS, memiliki STR, bersedia mengikuti seluruh ketentuan, jadwal, dan peraturan yang berlaku di RS, memiliki asuransi kesehatan dan kecelakaan selama magang, berkelakuan baik, displin, dan memiliki etika profesi yang baik, memahami standar keselamatan pasien",Kab. Bondowoso,,21,Aktif,2026-07-14,2026-07-28,"Program studi: Ilmu Keperawatan, Keperawatan | Tingkat pendidikan: Profesi",rsu.koesnadi@gmail.com,2026-08-11T03:19:05Z
maganghub,a240d90b-de74-43c9-8757-6b7325a7e737,https://maganghub.kemnaker.go.id/magang-nasional/lowongan/analis-data-dan-informasi-a240d90b-de74-43c9-8757-6b7325a7e737,addf04cb-f112-4826-ba17-cc8fa2561bcc,Rumah Sakit Umum Dr Cipto Mangun Kusumo Jakarta Ditjen Pelayanan Kesehatan Kementrian Kesehatan,maganghub-addf04cb-f112-4826-ba17-cc8fa2561bcc,Analis Data dan Informasi,analis-data-dan-informasi-a240d90b-de74-43c9-8757-6b7325a7e737,"1. Mengumpulkan data dari berbagai sumber sesuai kebutuhan organisasi. | 2. Melakukan validasi, verifikasi, dan pembersihan (*data cleaning*) untuk memastikan kualitas data. | 3. Mengolah dan menganalisis data menggunakan metode statistik atau aplikasi pengolahan data. | 4. Menyusun, mengelola, dan memperbarui basis data (*database*) secara berkala. | 5. Menyajikan hasil analisis dalam bentuk tabel, grafik, dashboard, atau visualisasi data. | 6. Menyusun laporan hasil analisis data secara harian, bulanan, triwulanan, dan tahunan. | 7. Melakukan monitoring dan evaluasi terhadap indikator kinerja berdasarkan data yang tersedia. | 8. Mengidentifikasi tren, pola, dan permasalahan berdasarkan hasil analisis data. | 9. Menyusun rekomendasi sebagai bahan pertimbangan dalam pengambilan keputusan oleh pimpinan. | 10. Menyiapkan data dan informasi untuk kebutuhan audit, akreditasi, evaluasi, maupun pelaporan kepada instansi terkait. | 11. Berkoordinasi dengan unit kerja lain dalam pengumpulan, pengolahan, dan validasi data. | 12. Menjaga keamanan, kerahasiaan, dan integritas data sesuai ketentuan yang berlaku. | 13. Menyusun dan memperbarui Standar Operasional Prosedur (SOP) atau pedoman terkait pengelolaan data. | 14. Melakukan evaluasi kualitas data serta memberikan usulan perbaikan proses pengelolaan data dan informasi. | 15. Melaksanakan tugas kedinasan lainnya sesuai arahan pimpinan.",Kota Adm. Jakarta Pusat,,21,Aktif,2026-07-14,2026-07-28,"Program studi: Ilmu Kesehatan Masyarakat, Kesehatan Masyarakat | Tingkat pendidikan: Sarjana",perizinan@rscm.co.id,2026-08-11T03:19:07Z
maganghub,a23cc9ef-c162-4a91-82cf-6daf4c3c777c,https://maganghub.kemnaker.go.id/magang-nasional/lowongan/engineering-a23cc9ef-c162-4a91-82cf-6daf4c3c777c,44549b64-251f-4511-881a-06fc9e81edab,Dharma Polimetal,maganghub-44549b64-251f-4511-881a-06fc9e81edab,Engineering,engineering-a23cc9ef-c162-4a91-82cf-6daf4c3c777c,"Mendukung pengembangan produk, proses, dan sistem manufaktur melalui kegiatan perancangan (design), project management, pengembangan otomasi, integrasi robot dan Special Purpose Machine (SPM), pengembangan tooling, pengelolaan sparepart, implementasi engineering change, serta pelaksanaan improvement proses produksi untuk meningkatkan kualitas, produktivitas, dan efisiensi operasional perusahaan.",Kab. Bekasi,,21,Aktif,2026-07-14,2026-07-28,"Program studi: Teknik Mesin dan Manufaktur, Teknik Mesin, Mekatronika, Teknologi Rekayasa  Manufaktur, Teknik Otomasi | Tingkat pendidikan: Diploma, Sarjana",yacob.aditama@dac.dharmap.com,2026-08-11T03:19:08Z
maganghub,a243a069-5277-498c-9c2b-f24eecfe7b57,https://maganghub.kemnaker.go.id/magang-nasional/lowongan/sales-generalis-a243a069-5277-498c-9c2b-f24eecfe7b57,8ed91785-b493-46f2-98b8-c101b4b20c4e,Perusahaan Perseroan (Persero) Bank Negara Indonesia,maganghub-8ed91785-b493-46f2-98b8-c101b4b20c4e,SALES GENERALIS,sales-generalis-a243a069-5277-498c-9c2b-f24eecfe7b57,"1)        Mempelajari manajemen pipeline sesuai dengan produk dan layanan BNI. | 2)        Mempelajari aktivitas penjualan harian seperti morning briefing, sales clinic, atau event pemasaran cabang. | 3)        Mempelajari marketing management serta menyusun laporan sederhana terkait pencapaian kinerja harian.",Kota Denpasar,,21,Aktif,2026-07-14,2026-07-28,"Program studi: Keuangan, Ekonomi, Akuntansi, Manajemen Pemasaran, Hukum | Tingkat pendidikan: Sarjana",gcg@bni.co.id,2026-08-11T03:19:10Z
maganghub,a22b480f-a22e-416d-a237-8c67922e7ffe,https://maganghub.kemnaker.go.id/magang-nasional/lowongan/perawat-a22b480f-a22e-416d-a237-8c67922e7ffe,b41e679c-2c2b-447f-a5c4-d7b210f5a720,PT Delapan Bintang,maganghub-b41e679c-2c2b-447f-a5c4-d7b210f5a720,Perawat,perawat-a22b480f-a22e-416d-a237-8c67922e7ffe,"Melaksanakan pelayanan asuhan keperawatan, pendokumentasian pelayanan dan pemantauan kondisi pasien sesuai dengan standar profesi, standar operasional prosedur dan ketentuan rumah sakit dengan tujuan untuk menjamin keselamatan pasien, kontinuitas pelayanan dan mutu pelayanan",Kab. Purwakarta,,21,Aktif,2026-07-14,2026-07-28,"Program studi: Keperawatan, Ilmu Keperawatan, Keperawatan, keperawatan | Tingkat pendidikan: Diploma, Profesi",hrdrsuamira@gmail.com,2026-08-11T03:19:12Z
maganghub,a239738d-5b14-482d-862d-682397fd8022,https://maganghub.kemnaker.go.id/magang-nasional/lowongan/brilian-internship-assistant-legal-&-compliance-a239738d-5b14-482d-862d-682397fd8022,afd255b6-f2db-40ca-8a8a-f33029cf00a4,PT Bank Rakyat Indonesia (Persero) Tbk,maganghub-afd255b6-f2db-40ca-8a8a-f33029cf00a4,Brilian Internship Assistant Legal & Compliance,brilian-internship-assistant-legal-compliance-a239738d-5b14-482d-862d-682397fd8022,"'- Melakukan pengolahan dan Analisa Data Bisnis dan Operasional. - Melakukan penyususunan Rencana Marketing, Mapping Potensi Pemasaran, dan Strategi Marketing. - Melaksanakan administrasi operasional dan bisnis - Menyusun materi komunikasi dan mengkomunikasikan materi dengan efektif - Menyajikan laporan pelaksanaan pekerjaan. - Mengimplementasikan bidang keilmuan dalam pekerjaan.",Kota Adm. Jakarta Pusat,,21,Aktif,2026-07-14,2026-07-28,"Program studi: Ilmu Komunikasi, Statistika, Ilmu Hukum, Akuntansi, Matematika | Tingkat pendidikan: Diploma, Sarjana",alamsyah.wahyu@corp.bri.co.id,2026-08-11T03:19:14Z
maganghub,a236efc0-6899-443d-97b0-7d4d0ca89e2d,https://maganghub.kemnaker.go.id/magang-nasional/lowongan/manufacturing-operations-internship-program-a236efc0-6899-443d-97b0-7d4d0ca89e2d,2093026a-8c78-4160-a54e-0597dde78602,"PT. Steel Pipe Industry Of Indonesia, Tbk",maganghub-2093026a-8c78-4160-a54e-0597dde78602,Manufacturing Operations Internship Program,manufacturing-operations-internship-program-a236efc0-6899-443d-97b0-7d4d0ca89e2d,"Program magang yang dirancang untuk memberikan pengalaman langsung di lingkungan operasional manufaktur. Peserta akan mempelajari proses produksi, engineering, quality, maintenance, dan penerapan K3 melalui penugasan nyata, pendampingan mentor, serta keterlibatan dalam proyek perbaikan untuk memahami proses manufaktur secara menyeluruh.",Kota Surabaya,,20,Aktif,2026-07-14,2026-07-28,"Program studi: Teknik Mesin, Teknik Industri, Teknik Material dan Metalurgi, Teknik Keselamatan Dan Kesehatan Kerja, Teknik Elektro | Tingkat pendidikan: Sarjana",personnel@spindo.co.id,2026-08-11T03:19:16Z
maganghub,a242ba1b-0b16-4ed9-9f61-3144b258ab52,https://maganghub.kemnaker.go.id/magang-nasional/lowongan/hr-officer---intern-a242ba1b-0b16-4ed9-9f61-3144b258ab52,49d6cd57-9120-4b4b-a936-a10d07f4ef1b,"PT Bukaka Teknik Utama, Tbk",maganghub-49d6cd57-9120-4b4b-a936-a10d07f4ef1b,HR Officer - Intern,hr-officer-intern-a242ba1b-0b16-4ed9-9f61-3144b258ab52,"1) Mengelola administrasi internal HRD, termasuk pengarsipan data dan pengelolaan dokumen karyawan baik dalam bentuk soft-copy maupun hard-copy. | 2) Mendukung proses rekrutmen secara end-to-end, mulai dari memproses hiring request, menayangkan lowongan (job posting), melakukan sourcing kandidat, melakukan screening CV, hingga mengoordinasikan jadwal wawancara. | 3) Membantu pelaksanaan kegiatan Learning & Development, mulai dari identifikasi kebutuhan pelatihan, koordinasi operasional dan administrasi kelas pelatihan, hingga memfasilitasi proses onboarding bagi karyawan baru. | 4) Menyusun dan memperbarui dokumen organisasi seperti struktur organisasi, job description, rancangan organisasi (organizational design), serta mengelola dokumen-dokumen Organization Development. | 5) Menjembatani koordinasi awal antara tim HRD dengan user atau unit kerja terkait guna mendukung kebutuhan bisnis serta pengelolaan SDM di setiap divisi (HR Business Partner). | 6) Mempelajari dan mengkaji konsep kompensasi, hak benefit karyawan, serta implementasi kebijakan Compensation & Benefits yang berlaku di perusahaan.",Kab. Bogor,,2,Aktif,2026-07-14,2026-07-28,"Program studi: Manajemen Sumber Daya Manusia, Psikologi, Administrasi | Tingkat pendidikan: Sarjana",legal@bukaka.com,2026-08-11T05:32:41Z
maganghub,a230dbb5-a539-4df8-a13f-bc386bbe9dbb,https://maganghub.kemnaker.go.id/magang-nasional/lowongan/general-accounting-intern-a230dbb5-a539-4df8-a13f-bc386bbe9dbb,264650fb-a218-45ce-9b9a-db54c59a06a0,PT. Buana Centra Swakarsa,maganghub-264650fb-a218-45ce-9b9a-db54c59a06a0,General Accounting Intern,general-accounting-intern-a230dbb5-a539-4df8-a13f-bc386bbe9dbb,Membantu Accounting Supervisor menyiapkan laporan keuangan secara tepat waktu dan sesuai dengan psak untuk memberikan informasi bagi pihak internal dan eksternal.,Kota Cilegon,,2,Aktif,2026-07-14,2026-07-28,"Program studi: Akuntansi Keuangan, Administrasi Fiskal, Ilmu Administrasi Fiskal, Akuntansi | Tingkat pendidikan: Sarjana, Diploma",admin.hr@bcs-logistics.co.id,2026-08-11T05:32:43Z
maganghub,a23335f6-f764-4512-89ca-15ee440cfc42,https://maganghub.kemnaker.go.id/magang-nasional/lowongan/mechanic-intern-a23335f6-f764-4512-89ca-15ee440cfc42,264650fb-a218-45ce-9b9a-db54c59a06a0,PT. Buana Centra Swakarsa,maganghub-264650fb-a218-45ce-9b9a-db54c59a06a0,Mechanic Intern,mechanic-intern-a23335f6-f764-4512-89ca-15ee440cfc42,"Melaksanakan pekerjaan perawatan, perbaikan mesin setiap unit/armada sehingga kegiatan operasional berjalan dengan lancar. Melaksanakan pekerjaan sesuai arahan dari atasan. Melakukan analisa terhadap kerusakan sebelum diadakan perbaikan dan perawatan setiap unit.",Kota Cilegon,,2,Aktif,2026-07-14,2026-07-28,"Program studi: Teknik Mesin, Teknik Otomotif, Pemeliharaan Alat Berat, Mesin Otomotif | Tingkat pendidikan: Sarjana, Diploma",admin.hr@bcs-logistics.co.id,2026-08-11T05:32:45Z
maganghub,a23706ed-dc0c-4b5b-b6f1-8c0083b3c3cd,https://maganghub.kemnaker.go.id/magang-nasional/lowongan/hc-generalist-a23706ed-dc0c-4b5b-b6f1-8c0083b3c3cd,019f26f6-10c8-704e-9a54-71aa6b0c772d,PT Unisia Medika Farma,maganghub-019f26f6-10c8-704e-9a54-71aa6b0c772d,HC Generalist,hc-generalist-a23706ed-dc0c-4b5b-b6f1-8c0083b3c3cd,"Mengelola seluruh siklus SDM (Human Capital), mencakup onboarding, administrasi, manajemen kinerja, hubungan karyawan, hingga kepatuhan hukum ketenagakerjaan",Kab. Sleman,,2,Aktif,2026-07-14,2026-07-28,"Program studi: Manajemen Sumber Daya Manusia, Manajemen, Hukum | Tingkat pendidikan: Sarjana",samsul@rs-jih.co.id,2026-08-11T05:32:47Z
maganghub,a2419fd5-407f-4fde-8d18-c4c1756631ca,https://maganghub.kemnaker.go.id/magang-nasional/lowongan/manufacturing-engineer-intern---assembly-&-testing-a2419fd5-407f-4fde-8d18-c4c1756631ca,24e86341-a99f-412b-85d1-658360d65341,PT. Bright Mobile Telecommunication,maganghub-24e86341-a99f-412b-85d1-658360d65341,Manufacturing Engineer Intern - Assembly & Testing,manufacturing-engineer-intern-assembly-testing-a2419fd5-407f-4fde-8d18-c4c1756631ca,"'- Assist in the operation, monitoring, and optimization of assembly and testing equipment used in smartphone manufacturing. | -  Support the changeover procedures, preventive maintenance, and abnormal handling for 2–3 key manufacturing equipment. | - Participate in daily equipment inspections and support troubleshooting activities to ensure stable production performance. | - Assist in equipment improvement projects by evaluating equipment performance, identifying improvement opportunities, and implementing optimization initiatives. | - Support root cause analysis for equipment abnormalities using problem-solving methodologies such as 5 Why, TQM, QEP, and TPM. | - Assist in disassembling, inspecting, and evaluating manufacturing equipment to improve quality, efficiency, and reliability. | - Learn basic PLC programming and automation concepts to support equipment control and process optimization. | - Support automation projects and initiatives to improve operator productivity and manufacturing efficiency. | - Collaborate with Manufacturing Engineering, Production, Quality, and Maintenance teams to resolve equipment-related issues. | - Prepare technical documentation, maintenance records, and project reports for equipment improvement activities.",Kota Tangerang,,2,Aktif,2026-07-14,2026-07-28,"Program studi: Teknik Mekatronika, Teknik Mesin dan Manufaktur, Teknik Otomasi Industri, Teknik Mesin, Teknik Otomasi | Tingkat pendidikan: Sarjana, Diploma",ziyad@oppo.com,2026-08-11T05:32:49Z
maganghub,a223c2ac-d1b7-48ec-b7aa-f35dc065b871,https://maganghub.kemnaker.go.id/magang-nasional/lowongan/wartawan-a223c2ac-d1b7-48ec-b7aa-f35dc065b871,95d9c3e3-f529-44c1-9db3-a6949a5de7f2,Jambi Ekspres Televisi,maganghub-95d9c3e3-f529-44c1-9db3-a6949a5de7f2,Wartawan,wartawan-a223c2ac-d1b7-48ec-b7aa-f35dc065b871,"Mencari, meliput, dan menyusun fakta menjadi laporan berita visual yang akurat untuk disiarkan. | Mereka tidak hanya menulis naskah, tetapi juga bekerja sama dengan kameramen untuk mengambil gambar dan melakukan siaran langsung di lapangan maupun studio.",Kota Jambi,,2,Aktif,2026-07-14,2026-07-28,"Program studi: Jurnalistik, Ilmu Komunikasi, Bahasa dan Sastra Indonesia, Teknologi Multimedia dan Broadcasting, Ilmu Hukum | Tingkat pendidikan: Sarjana",idhodhobae@ymail.com,2026-08-11T05:32:51Z
maganghub,a228f60d-37d6-49b7-a70c-98c94eae072b,https://maganghub.kemnaker.go.id/magang-nasional/lowongan/prototype-&-lab-staff-a228f60d-37d6-49b7-a70c-98c94eae072b,a4ae55d5-b24b-4686-bd6f-873d9a273494,PT. Mamagreen Pacific,maganghub-a4ae55d5-b24b-4686-bd6f-873d9a273494,Prototype & Lab staff,prototype-lab-staff-a228f60d-37d6-49b7-a70c-98c94eae072b,"PT Mamagreen Pacific, perusahaan manufaktur furniture outdoor berorientasi ekspor, membuka kesempatan bagi individu yang memiliki minat di bidang pengembangan produk untuk bergabung sebagai: Prototype & Lab Staff | Kualifikasi | •	Pendidikan minimal D3 Teknik Furnitur, Teknik Kayu, Teknik Mesin, Teknik Industri, atau jurusan terkait. | •	Memiliki minat pada proses pembuatan prototype dan pengembangan produk. | •	Mampu membaca gambar teknik menjadi nilai tambah. | •	Terbiasa menggunakan alat ukur (meteran, jangka sorong, dll.) menjadi nilai tambah. | •	Teliti, disiplin, bertanggung jawab, dan memiliki kemauan belajar yang tinggi. | •	Mampu bekerja secara individu maupun dalam tim. | Tanggung Jawab | •	Membantu proses pembuatan prototype produk baru sesuai gambar kerja. | •	Menyiapkan material, komponen, dan perlengkapan yang dibutuhkan untuk pembuatan prototype. | •	Melakukan perakitan, pengecekan, dan penyempurnaan prototype sebelum proses review. | •	Membantu pelaksanaan uji produk (product testing) sesuai standar perusahaan. | •	Mendokumentasikan hasil prototype dan pengujian. | •	Menyiapkan sampel produk untuk evaluasi oleh tim R&D, Designer, dan Quality. | •	Menjaga kebersihan, kerapihan, serta kelengkapan area Prototype & Lab. | •	Berkoordinasi dengan tim R&D, Engineering, Produksi, dan Quality dalam proses pengembangan produk.",Kota Semarang,,2,Aktif,2026-07-14,2026-07-28,"Program studi: Teknik Produksi Furnitur, Teknik Industri, Laboratorium Sains | Tingkat pendidikan: Diploma, Sarjana",cristina@mamagreenpacific.com,2026-08-11T05:32:53Z
maganghub,a228eb40-92ee-4e21-a3a4-d72035b85351,https://maganghub.kemnaker.go.id/magang-nasional/lowongan/staff-ppic-a228eb40-92ee-4e21-a3a4-d72035b85351,a4ae55d5-b24b-4686-bd6f-873d9a273494,PT. Mamagreen Pacific,maganghub-a4ae55d5-b24b-4686-bd6f-873d9a273494,Staff PPIC,staff-ppic-a228eb40-92ee-4e21-a3a4-d72035b85351,"PT Mamagreen Pacific adalah perusahaan furniture ekspor yang berkomitmen menghadirkan produk berkualitas tinggi dengan desain berkelanjutan. Produk kami telah dipercaya oleh pasar global di berbagai negara. | Kami membuka kesempatan bagi profesional yang memiliki ketelitian, kemampuan analisa, dan koordinasi yang baik untuk bergabung sebagai Staff PPIC | Tanggung Jawab Utama : | •	Membuat dan mengontrol rencana produksi harian, mingguan, dan bulanan. | •	Menjamin ketersediaan material sesuai jadwal produksi. | •	Berkoordinasi dengan bagian R&D, Produksi, Warehouse, dan Purchasing untuk kelancaran proses produksi. | •	Melakukan perhitungan kebutuhan material (Material Requirement Planning). | •	Memonitor progres produksi dan menyesuaikan rencana bila terjadi perubahan order. | •	Mengontrol stok bahan baku agar tidak terjadi kelebihan atau kekurangan. | •	Menyusun laporan realisasi produksi dan penggunaan bahan. | •	Berkontribusi dalam peningkatan efisiensi sistem PPIC. | Kualifikasi : | •	Pendidikan minimal D3 / S1 Teknik Industri, Manajemen, atau setara. | •	Mampu mengoperasikan Microsoft Excel dan sistem ERP / MRP SAP | •	Memiliki kemampuan analisa, komunikasi, dan koordinasi yang baik. | •	Teliti, disiplin, dan mampu bekerja dengan target waktu. | •	Bahasa Inggris pasif atau aktif menjadi nilai tambah.",Kota Semarang,,2,Aktif,2026-07-14,2026-07-28,"Program studi: Teknik  Industri, Manajemen Bisnis Industri Furnitur, Manajemen Industri | Tingkat pendidikan: Sarjana",cristina@mamagreenpacific.com,2026-08-11T05:32:55Z
maganghub,a241a7a8-780c-47f7-98b0-88c4279ce9a9,https://maganghub.kemnaker.go.id/magang-nasional/lowongan/staf-admin-a241a7a8-780c-47f7-98b0-88c4279ce9a9,109a826d-f935-43ef-a86e-86a4fe55fcd1,PT. Bpr Bank Jombang Perseroda,maganghub-109a826d-f935-43ef-a86e-86a4fe55fcd1,Staf Admin,staf-admin-a241a7a8-780c-47f7-98b0-88c4279ce9a9,"Job Description: | •	Mengelola dan merapikan administrasi kantor sehari-hari (data, surat, dan dokumen). | •	Melakukan input dan update data secara rutin dengan rapi dan teliti. | •	Mengarsipkan dokumen agar tersusun dengan baik dan mudah dicari. | •	Membantu kebutuhan operasional kantor, termasuk koordinasi dengan tim atau bagian lain. | •	Membuat laporan sederhana sesuai kebutuhan atasan. | •	Mendukung kelancaran kegiatan kantor, baik harian maupun saat ada event. | •	Menjaga kerapihan dan keteraturan dokumen serta data administrasi. | Kualifikasi: | •	Pendidikan minimal D3/S1 semua jurusan (diutamakan Manajemen SDM, Psikologi, atau Administrasi). | •	Memiliki kemampuan administrasi yang baik dan teliti. | •	Menguasai Microsoft Office (terutama Excel dan Word). | •	Mampu membuat desain sederhana menggunakan Canva. | •	Disiplin, bertanggung jawab, dan mampu bekerja sesuai deadline. | •	Mampu bekerja sama dengan tim maupun unit kerja lain di kantor. | •	Memiliki kepercayaan diri yang baik, mampu menjadi MC, serta pandai berbicara di depan umum dan memimpin acara kantor. | •	Mampu bekerja dengan cepat serta bersedia bekerja lembur (overtime) jika dibutuhkan. | •	Memiliki pengalaman di bidang administrasi/SDM (nilai tambah). | •	Mampu menjaga kerahasiaan data perusahaan.",Kab. Jombang,,2,Aktif,2026-07-14,2026-07-28,"Program studi: Manajemen, Psikologi, Administrasi, Ilmu Komunikasi, Akuntansi | Tingkat pendidikan: Sarjana, Diploma",info@bankjombang.co.id,2026-08-11T05:32:57Z
maganghub,a243df6f-653f-4a75-9f98-41e81ea71600,https://maganghub.kemnaker.go.id/magang-nasional/lowongan/social-media-specialist-a243df6f-653f-4a75-9f98-41e81ea71600,66ca8265-845e-4c4e-8ed2-3ed8b0c50711,Produksi Film Negara (Persero),maganghub-66ca8265-845e-4c4e-8ed2-3ed8b0c50711,Social Media Specialist,social-media-specialist-a243df6f-653f-4a75-9f98-41e81ea71600,"• Membantu proses perencanaan, pembuatan, dan penjadwalan konten untuk berbagai platform media sosial, seperti Instagram, TikTok, LinkedIn, Facebook, dan platform digital lainnya. | • Melakukan riset tren digital serta memberikan ide kreatif untuk pengembangan konten yang relevan, menarik, dan sesuai dengan target audiens. | • Mengelola kalender konten, memastikan publikasi berjalan sesuai jadwal, serta membantu membangun interaksi dengan audiens melalui komentar dan pesan langsung (direct message). | • Membantu melakukan analisis performa konten menggunakan berbagai tools analitik, seperti Instagram Insights, Meta Business Suite, Google Analytics, atau tools sejenis. | • Berkoordinasi dengan unit kerja terkait dalam mendukung kegiatan promosi, kampanye digital, kolaborasi, dan publikasi perusahaan. | • Menyusun dokumentasi serta laporan perkembangan performa media sosial secara berkala sebagai bahan evaluasi dan pengembangan strategi konten.",Kota Adm. Jakarta Timur,,2,Aktif,2026-07-14,2026-07-28,"Program studi: Multimedia, Ilmu Komunikasi, Pemasaran Digital | Tingkat pendidikan: Sarjana",legal@pfn.co.id,2026-08-11T05:32:58Z
maganghub,a22b86f1-4bef-4f68-ae96-cf00282e94c0,https://maganghub.kemnaker.go.id/magang-nasional/lowongan/video-editor-a22b86f1-4bef-4f68-ae96-cf00282e94c0,109a826d-f935-43ef-a86e-86a4fe55fcd1,PT. Bpr Bank Jombang Perseroda,maganghub-109a826d-f935-43ef-a86e-86a4fe55fcd1,Video Editor,video-editor-a22b86f1-4bef-4f68-ae96-cf00282e94c0,"Job Description: | - Melakukan pengambilan foto dan video (walkaround, review, cinematic, dan behind the scene) dalam kegiatan BJ Tour dan Univ untuk kebutuhan video media sosial (TikTok, Instagram Reels, Facebook, dan YouTube Shorts). | - Membuat ide dan konsep konten yang menarik mengikuti tren media sosial. | - Membuat desain sederhana menggunakan Canva (nilai tambah). | - Bekerja sama dengan tim funding untuk mendokumentasikan kegiatan serta mempromosikan produk. | - Mengelola arsip foto dan video agar tersusun dengan baik. | - Sesekali bersama tim meliput event Bank Jombang. | Kualifikasi: | - Mempunyai bakat sebagai Content Creator, Videographer, atau Video Editor. | - Menguasai CapCut dan Adobe Premiere Pro atau editor video sejenisnya. | - Memahami teknik pengambilan foto dan video menggunakan kamera maupun smartphone. | - Memiliki sense visual yang baik. | - Mengikuti tren TikTok, Instagram, dan YouTube Shorts. | - Kreatif, komunikatif, disiplin, dan mampu bekerja sesuai deadline. | - Memiliki portofolio yang dapat ditunjukkan (nilai tambah). | - Menguasai AI Video Production (nilai tambah).",Kab. Jombang,,2,Aktif,2026-07-14,2026-07-28,"Program studi: Multimedia, Desain Komunikasi Visual, Sistem Informasi, Pendidikan Teknologi Informasi dan Komunikasi, Film Dan Televisi | Tingkat pendidikan: Sarjana, Diploma",info@bankjombang.co.id,2026-08-11T05:33:00Z
maganghub,a228e37d-26f3-4e33-b5d9-eb283ed84ce8,https://maganghub.kemnaker.go.id/magang-nasional/lowongan/teknisi-utility-kelistrikan-a228e37d-26f3-4e33-b5d9-eb283ed84ce8,1e7e6e01-4b32-4275-b4bc-273ac1346e38,PT. Malidas Sterilindo,maganghub-1e7e6e01-4b32-4275-b4bc-273ac1346e38,Teknisi Utility Kelistrikan,teknisi-utility-kelistrikan-a228e37d-26f3-4e33-b5d9-eb283ed84ce8,Memastikan perawatan listrik & facility  berjalan sesuai jadwal. | 2.	Melakukan perbaikan listrik sesuai Work Order yang sudah diterbitkan. | 3.	Memberikan laporan kepada atasan terkait permasalahan pada listrik & facility | 4.	Memberikan masukan kepada atasan terkait listrik & facility | 5.	Bekerja sesuai dengan SOP dan WI yang sudah ditentukan | 6.	Melaksanakan aktifitas kerja sesuai kaidah 5S & K3 | 7.	Melakukan tugas lain sesuai permintaan Atasan. | 8.	Melaporkan ketidaksesuaian & penyimpangan yang terjadi di level jabatannya.,Kab. Sidoarjo,,2,Aktif,2026-07-14,2026-07-28,"Program studi: Teknik Elektronika, Teknik Elektro, Teknik Elektro Industri, Teknik Elektronika Industri | Tingkat pendidikan: Diploma, Sarjana",hrd@malidas.com,2026-08-11T05:33:02Z
maganghub,a228e927-dc96-4544-a93c-e080fa0db80f,https://maganghub.kemnaker.go.id/magang-nasional/lowongan/it-admin-program-a228e927-dc96-4544-a93c-e080fa0db80f,1e7e6e01-4b32-4275-b4bc-273ac1346e38,PT. Malidas Sterilindo,maganghub-1e7e6e01-4b32-4275-b4bc-273ac1346e38,IT Admin Program,it-admin-program-a228e927-dc96-4544-a93c-e080fa0db80f,"Menerima, memprioritaskan dan menyelesaikan permintaan bantuan IT | 2. Instalasi, perawatan dan penyediaan dukungan harian baik untuk hardware & | software, peralatan termasuk printer, scanner, hard-drives external, dll | 3. Melakukan back up data pada server dan database INFOR | 4. Berkerja sama dengan vendor untuk merancang, membuat dan mengimplementasikan | sistem atau aplikasi jika diperlukan. | 5. Bertanggung jawab pada penyediaan layanan infrastruktur termasuk aplikasi, | jaringan    komputer (LAN/ WAN), keamanan Teknologi Informasi dan telekomunikasi | 6. Memberikan laporan kepada atasan atas kendala kerja yang dialami | 7. Melaporkan kepada atasan terkait jika menemukan penyimpangan (ketidak sesuaian) | di area kerja | 8. Melakukan mapping pada dokumen yang sudah tidak digunakan di area kerja | kemudian menyerahkannya kepada DC/ QA untuk dilakukan review yang akan | dilakukan setiap bulan.",Kab. Sidoarjo,,2,Aktif,2026-07-14,2026-07-28,"Program studi: Teknik Informatika, PJJ Informatika, Teknik informatika, Manajemen Informatika, PJJ Teknik Informatika | Tingkat pendidikan: Sarjana",hrd@malidas.com,2026-08-11T05:33:04Z
maganghub,a2397435-0155-454d-881c-0f3bd69b8d8e,https://maganghub.kemnaker.go.id/magang-nasional/lowongan/claim-verificator-a2397435-0155-454d-881c-0f3bd69b8d8e,3c76edde-4654-4dfd-a28b-28b0e8c8dd2c,PT Borden Eagle Indonesia,maganghub-3c76edde-4654-4dfd-a28b-28b0e8c8dd2c,Claim Verificator,claim-verificator-a2397435-0155-454d-881c-0f3bd69b8d8e,"Membantu proses verifikasi berbagai dokumen klaim yang masuk dari distributor, atau customer lain dari setiap program promosi, reward atau bonus yang disediakan perusahaan sebagai bagian dari promosi kepada distributor",Kota Tangerang Selatan,,2,Aktif,2026-07-14,2026-07-28,"Program studi: Analisis Keuangan, Administrasi, Manajemen Administrasi, Administrasi Keuangan, Administrasi Perkantoran | Tingkat pendidikan: Sarjana, Diploma",rosmalela.napitupulu@bordeneagle.com,2026-08-11T05:33:06Z
maganghub,a241af22-a049-4629-b38e-74805552d682,https://maganghub.kemnaker.go.id/magang-nasional/lowongan/hr-pengemudi-intern-a241af22-a049-4629-b38e-74805552d682,084b5b8f-2929-40cf-8387-4df735422cdb,"PT. Blue Bird, Tbk",maganghub-084b5b8f-2929-40cf-8387-4df735422cdb,HR Pengemudi Intern,hr-pengemudi-intern-a241af22-a049-4629-b38e-74805552d682,"Job Deskiripsi: | • Membantu proses rekrutmen, onboarding, dan pelaksanaan pelatihan bagi calon pengemudi sesuai dengan prosedur perusahaan. | • Mendukung pengelolaan administrasi dan data pengemudi serta membantu memastikan proses pengelolaan pengemudi berjalan sesuai dengan ketentuan perusahaan dan regulasi yang berlaku. | • Membantu menyusun laporan pertumbuhan pengemudi serta laporan administrasi lainnya untuk mendukung operasional tim. | Kualifikasi: | • Minimum S1 dari jurusan Psikologi atau Manajemen SDM | • Memiliki kemampuan komunikasi yang baik | • Mampu mengendarai mobil manual dan memiliki SIM A aktif menjadi nilai tambah | • Bersedia WFO di Mampang, Jakarta Selatan",Kota Adm. Jakarta Barat,,2,Aktif,2026-07-14,2026-07-28,"Program studi: Manajemen Sumber Daya Manusia, Manajemen, Psikologi, Hukum | Tingkat pendidikan: Diploma, Sarjana",irfansuganda0301@gmail.com,2026-08-11T05:33:08Z
maganghub,a241be1b-d7cf-40d2-abb6-381c8175991f,https://maganghub.kemnaker.go.id/magang-nasional/lowongan/product-management-intern-a241be1b-d7cf-40d2-abb6-381c8175991f,084b5b8f-2929-40cf-8387-4df735422cdb,"PT. Blue Bird, Tbk",maganghub-084b5b8f-2929-40cf-8387-4df735422cdb,Product Management Intern,product-management-intern-a241be1b-d7cf-40d2-abb6-381c8175991f,"Job Deskripsi: | • Mengidentifikasi kebutuhan pengguna dan bisnis serta menyusun dokumentasi kebutuhan produk. | • Berkoordinasi dengan tim terkait dalam proses pengembangan dan implementasi fitur produk. | • Mengolah data penggunaan produk, umpan balik pengguna, serta menyusun laporan dan dokumentasi pengembangan produk. | • Mendukung pengelolaan product backlog, dokumentasi, dan aktivitas administrasi produk sesuai kebutuhan tim. | Kualifikasi: | • Minimum S1, diutamakan dari jurusan Manajemen, Bisnis, Teknik Industri, Teknik Informatika, Ilmu Komputer, atau jurusan terkait. | • Memiliki pemahaman dasar mengenai product management serta familiar dengan tools seperti Jira, Notion, Asana, ClickUp, atau tools sejenis menjadi nilai tambah. | • Memiliki kemampuan analitis, komunikasi yang baik, proaktif, dan mampu bekerja sama dalam tim. | • Bersedia WFO di Mampang, Jakarta Selatan",Kota Adm. Jakarta Barat,,2,Aktif,2026-07-14,2026-07-28,"Program studi: Teknik Informatika, Ilmu Komputer, Manajemen, Teknik Industri, Bisnis | Tingkat pendidikan: Diploma, Sarjana",irfansuganda0301@gmail.com,2026-08-11T05:33:10Z
maganghub,a237754a-b8d7-47f6-a38c-0b115615f2a4,https://maganghub.kemnaker.go.id/magang-nasional/lowongan/social-media-specialist-a237754a-b8d7-47f6-a38c-0b115615f2a4,019f1722-64e3-713c-8566-fe5610e52ae9,Jackal Holidays,maganghub-019f1722-64e3-713c-8566-fe5610e52ae9,Social Media Specialist,social-media-specialist-a237754a-b8d7-47f6-a38c-0b115615f2a4,"Bertanggung jawab mengelola media sosial perusahaan secara strategis, mulai dari perencanaan konten, penjadwalan publikasi, pengelolaan interaksi dengan audiens, hingga analisis performa setiap platform untuk membangun komunitas dan meningkatkan engagement.",Kota Bandung,,2,Aktif,2026-07-14,2026-07-28,"Program studi: Ilmu Komunikasi, Komunikasi Digital dan Media, Hubungan Masyarakat Dan Komunikasi Digital, Manajemen Pemasaran, Bisnis Digital | Tingkat pendidikan: Diploma, Sarjana",jackalholidaystransport2@gmail.com,2026-08-11T05:33:12Z
maganghub,a243c825-20f7-4613-bec1-a44c1d3c0089,https://maganghub.kemnaker.go.id/magang-nasional/lowongan/research-&-development-a243c825-20f7-4613-bec1-a44c1d3c0089,019f478e-d7b3-70f6-89ed-b1b62fc2b0c5,Poncol Jaya Abadi,maganghub-019f478e-d7b3-70f6-89ed-b1b62fc2b0c5,Research & Development,research-development-a243c825-20f7-4613-bec1-a44c1d3c0089,"Bertanggung jawab melakukan penelitian, pengembangan, dan inovasi untuk menciptakan atau menyempurnakan produk, layanan, proses kerja, maupun strategi bisnis agar perusahaan mampu bersaing dan berkembang.",Kab. Karawang,,3,Aktif,2026-07-14,2026-07-28,"Program studi: Psikologi, Ilmu Administrasi Publik, Sosiologi, Ilmu Pemerintahan | Tingkat pendidikan: Sarjana, Diploma",poncoljayaabadi@gmail.com,2026-08-11T05:33:14Z
maganghub,a241e4df-4b59-479d-80dd-0df43016f6d5,https://maganghub.kemnaker.go.id/magang-nasional/lowongan/hrga-a241e4df-4b59-479d-80dd-0df43016f6d5,019f5f99-b011-725c-b227-8ea57b624e4e,PT. Bintang Mono Indonesia,maganghub-019f5f99-b011-725c-b227-8ea57b624e4e,HRGA,hrga-a241e4df-4b59-479d-80dd-0df43016f6d5,"1. Membantu mengelola administrasi kepegawaian, termasuk penyusunan, pengarsipan, dan pembaruan dokumen personalia. | 2. Membantu memperbarui database karyawan serta memastikan data kepegawaian terdokumentasi secara akurat dan terkini. | 3. Membantu proses administrasi rekrutmen, mulai dari publikasi lowongan, seleksi administrasi, penjadwalan wawancara, hingga dokumentasi hasil seleksi. | 4. Membantu pelaksanaan proses orientasi (onboarding) karyawan baru, termasuk penyiapan dokumen dan kebutuhan administrasi. | 5. Membantu administrasi kehadiran karyawan, seperti absensi, cuti, izin, lembur, dan rekapitulasi data kehadiran. | 6. Membantu administrasi kepesertaan BPJS Kesehatan dan BPJS Ketenagakerjaan sesuai prosedur perusahaan. | 7. Membantu penyusunan laporan HR secara berkala, seperti data headcount, absensi, rekrutmen, dan administrasi SDM lainnya. | 8. Membantu pengelolaan administrasi pelatihan dan pengembangan karyawan, termasuk jadwal, daftar hadir, dokumentasi, dan evaluasi pelatihan. | 9. Membantu pengelolaan inventaris kantor, aset perusahaan, serta administrasi penggunaan fasilitas kerja. | 10. Membantu proses administrasi pengadaan barang dan jasa untuk kebutuhan operasional perusahaan. | 11. Membantu pengelolaan persediaan alat tulis kantor (ATK), perlengkapan kerja, dan kebutuhan operasional lainnya. | 12. Membantu administrasi vendor, termasuk pengelolaan dokumen kerja sama dan data penyedia barang/jasa. | 13. Membantu administrasi kendaraan operasional, fasilitas kantor, serta kebutuhan umum lainnya yang menjadi tanggung jawab General Affairs. | 14. Memberikan dukungan administrasi kepada seluruh unit kerja sesuai kebutuhan operasional perusahaan. | 15. Mengoperasikan aplikasi Microsoft Office dan sistem administrasi perusahaan untuk mendukung pengolahan data dan penyusunan laporan. | 16. Menjaga kerahasiaan data karyawan, dokumen perusahaan, serta informasi yang diperoleh selama mengikuti program magang. | 17. Menyusun logbook kegiatan, laporan perkembangan magang, dan laporan hasil proyek sesuai arahan mentor.",Kota Tangerang Selatan,,1,Aktif,2026-07-14,2026-07-28,"Program studi: Manajemen Sumber Daya Manusia, Bisnis, Akuntansi, Hukum | Tingkat pendidikan: Diploma, Sarjana",hrga@ptbintangmono.com,2026-08-11T05:33:18Z
maganghub,a23ddb99-b0b6-4db1-b900-dc4dce44e061,https://maganghub.kemnaker.go.id/magang-nasional/lowongan/product-service-a23ddb99-b0b6-4db1-b900-dc4dce44e061,c97f06bb-22c7-465e-a191-3b1bdd38e6c0,Sintesa Persada Teknologi,maganghub-c97f06bb-22c7-465e-a191-3b1bdd38e6c0,Product Service,product-service-a23ddb99-b0b6-4db1-b900-dc4dce44e061,"Deskripsi Pekerjaan | Sebagai Product Service Intern, Anda akan membantu tim Product Service dalam memberikan layanan terbaik kepada pelanggan, mulai dari implementasi sistem, pendampingan penggunaan aplikasi, hingga penanganan kendala yang dialami pengguna. | Tugas dan tanggung jawab meliputi: | Membantu proses implementasi aplikasi kepada pelanggan. | Memberikan pendampingan (user assistance) terkait penggunaan produk perusahaan. | Menerima, mencatat, dan menindaklanjuti pertanyaan atau kendala dari pelanggan. | Membantu melakukan troubleshooting dasar terhadap permasalahan sistem. | Berkoordinasi dengan tim Product Development untuk eskalasi kendala teknis. | Membuat dokumentasi hasil implementasi dan laporan aktivitas layanan. | Membantu melakukan pengujian fitur sebelum digunakan oleh pelanggan. | Memberikan edukasi dan pelatihan dasar kepada pengguna mengenai penggunaan aplikasi. | Kualifikasi | Mahasiswa aktif atau Fresh Graduate. | Diutamakan dari jurusan: | Sistem Informasi | Teknik Informatika | Ilmu Komputer | Rekayasa Perangkat Lunak (RPL) | Teknik Komputer | Manajemen Informatika | Administrasi Bisnis | atau jurusan lain yang relevan. | Memiliki kemampuan komunikasi yang baik. | Mampu menjelaskan informasi dengan jelas kepada pengguna. | Mampu bekerja sama dalam tim. | Memiliki kemampuan problem solving dan analisis dasar. | Memahami dasar penggunaan aplikasi berbasis web menjadi nilai tambah. | Memiliki orientasi pada pelayanan pelanggan (customer service mindset).",Kota Adm. Jakarta Selatan,,1,Aktif,2026-07-14,2026-07-28,"Program studi: Informatika Medis, Sistem Informasi, Ilmu Komunikasi, Administrasi Bisnis, Manajemen Informatika | Tingkat pendidikan: Profesi, Sarjana, Diploma",sintesapersada.tech@gmail.com,2026-08-11T05:33:20Z
maganghub,a23dd2af-c786-44f0-b4e3-94b0901f9ee6,https://maganghub.kemnaker.go.id/magang-nasional/lowongan/business-development-a23dd2af-c786-44f0-b4e3-94b0901f9ee6,c97f06bb-22c7-465e-a191-3b1bdd38e6c0,Sintesa Persada Teknologi,maganghub-c97f06bb-22c7-465e-a191-3b1bdd38e6c0,Business Development,business-development-a23dd2af-c786-44f0-b4e3-94b0901f9ee6,"Deskripsi Pekerjaan | Sebagai Business Development Intern, Anda akan membantu tim dalam mengembangkan peluang bisnis, membangun hubungan dengan calon pelanggan, serta mendukung aktivitas pemasaran dan penjualan produk perusahaan. | Tugas dan tanggung jawab meliputi: | Melakukan riset pasar dan analisis potensi pelanggan. | Mengidentifikasi peluang kerja sama dengan calon mitra atau klien. | Membantu menyusun database prospek (lead generation). | Menghubungi calon pelanggan melalui telepon, email, atau media komunikasi lainnya. | Membantu penyusunan proposal penawaran dan presentasi perusahaan. | Mendukung kegiatan meeting dengan calon pelanggan. | Membuat laporan aktivitas dan perkembangan prospek secara berkala. | Berkolaborasi dengan tim Marketing dan Product Service dalam proses pengembangan bisnis. | Kualifikasi | Mahasiswa aktif atau lulusan baru (Fresh Graduate). | Diutamakan dari jurusan: | Manajemen | Administrasi Bisnis | Bisnis Digital | Pemasaran | Ilmu Komunikasi | Sistem Informasi | atau jurusan lain yang relevan. | Memiliki kemampuan komunikasi yang baik. | Mampu bekerja sama dalam tim maupun secara mandiri. | Memiliki kemampuan analisis dan problem solving. | Terbiasa menggunakan Microsoft Office atau Google Workspace. | Memiliki keinginan belajar yang tinggi. | Berorientasi pada target dan hasil. | Memiliki ketertarikan pada dunia teknologi dan digital menjadi nilai tambah.",Kota Adm. Jakarta Selatan,,1,Aktif,2026-07-14,2026-07-28,"Program studi: Manajemen, Administrasi Bisnis, Sistem Informasi, Manajemen Pemasaran, Bisnis Digital | Tingkat pendidikan: Sarjana, Diploma",sintesapersada.tech@gmail.com,2026-08-11T05:33:22Z
maganghub,a23dd68a-2e85-4943-a6c3-63e0330af228,https://maganghub.kemnaker.go.id/magang-nasional/lowongan/system-analyst-a23dd68a-2e85-4943-a6c3-63e0330af228,c97f06bb-22c7-465e-a191-3b1bdd38e6c0,Sintesa Persada Teknologi,maganghub-c97f06bb-22c7-465e-a191-3b1bdd38e6c0,System Analyst,system-analyst-a23dd68a-2e85-4943-a6c3-63e0330af228,"PT Sintesa Persada Teknologi merupakan perusahaan yang bergerak di bidang pengembangan solusi teknologi informasi dan transformasi digital. Kami mengembangkan berbagai produk digital, seperti Sistem Informasi Kesehatan (Medisin), Human Resource Information System (Humans), serta solusi aplikasi berbasis web dan mobile untuk mendukung kebutuhan berbagai sektor industri. | Kami membuka kesempatan bagi mahasiswa dan lulusan baru untuk bergabung sebagai System Analyst Intern dan memperoleh pengalaman langsung dalam proses analisis kebutuhan sistem hingga implementasi pengembangan aplikasi. | Deskripsi Pekerjaan | Sebagai System Analyst Intern, Anda akan membantu tim Product Development dalam menganalisis kebutuhan pengguna serta menerjemahkannya menjadi spesifikasi sistem yang akan digunakan oleh tim pengembang. | Tugas dan tanggung jawab meliputi: | Melakukan pengumpulan kebutuhan pengguna (requirement gathering). | Membantu menganalisis proses bisnis pelanggan. | Menyusun Business Requirement Document (BRD) dan Software Requirement Specification (SRS). | Membuat flowchart, activity diagram, use case diagram, dan dokumentasi sistem. | Berkoordinasi dengan tim Product Manager, UI/UX Designer, Developer, dan Quality Assurance. | Membantu melakukan User Acceptance Test (UAT) dan validasi kebutuhan sistem. | Mendokumentasikan perubahan kebutuhan sistem selama proses pengembangan. | Membantu memastikan solusi yang dikembangkan sesuai dengan kebutuhan pengguna. | Kualifikasi | Mahasiswa aktif atau Fresh Graduate. | Diutamakan dari jurusan: | Sistem Informasi | Teknik Informatika | Ilmu Komputer | Rekayasa Perangkat Lunak (RPL) | Teknik Komputer | atau jurusan lain yang relevan. | Memahami dasar analisis sistem dan proses bisnis. | Mampu berpikir analitis dan sistematis. | Memiliki kemampuan komunikasi yang baik. | Mampu membuat dokumentasi dengan rapi. | Memahami dasar UML menjadi nilai tambah. | Memahami SDLC (Software Development Life Cycle) menjadi nilai tambah. | Memiliki ketelitian tinggi serta mampu bekerja dalam tim.",Kota Adm. Jakarta Selatan,,1,Aktif,2026-07-14,2026-07-28,"Program studi: Teknik Informatika, Teknologi Rekayasa Perangkat Lunak, Ilmu Komputer, Sistem Informasi | Tingkat pendidikan: Sarjana, Diploma, Profesi",sintesapersada.tech@gmail.com,2026-08-11T05:33:24Z
maganghub,a240ed81-3c6c-4a88-a710-062b39625459,https://maganghub.kemnaker.go.id/magang-nasional/lowongan/recruitment-&-learning-development-hr-department-a240ed81-3c6c-4a88-a710-062b39625459,f6fd83bd-c45d-437c-b349-79b796af32d5,Intanwijaya Internasional,maganghub-f6fd83bd-c45d-437c-b349-79b796af32d5,Recruitment & Learning Development (HR Department),recruitment-learning-development-hr-department-a240ed81-3c6c-4a88-a710-062b39625459,1. Membantu dalam screening CV kandidat | 2. Membantu proses penjadwalan interview kandidat | 3. Membantu proses psikotest kandidat | 4. Membantu membuat laporan hasil Psikotest kandidat | 5. Membantu membuat Training Need Analysis (TNA) | 6. Membantu pelaksanaan proses training internal perusahaan | 7. Membantu mengkoreksi hasil training internal perusahaan,Kota Adm. Jakarta Barat,,1,Aktif,2026-07-14,2026-07-28,Program studi: Psikologi | Tingkat pendidikan: Sarjana,info@intanwijaya.com,2026-08-11T05:33:26Z
maganghub,a2410f36-dd88-4bba-bede-8e64b7548562,https://maganghub.kemnaker.go.id/magang-nasional/lowongan/formalin-production-staff-a2410f36-dd88-4bba-bede-8e64b7548562,019f36d4-a83c-70ae-bb24-15498f8a90b4,Intanwijaya Internasional,maganghub-019f36d4-a83c-70ae-bb24-15498f8a90b4,Formalin Production Staff,formalin-production-staff-a2410f36-dd88-4bba-bede-8e64b7548562,"1. Membantu administrasi laporan produksi formalin, log sheet, dan dokumen operasional produksi. | 2. Membantu rekap data produksi harian, level tank, jam operasi, downtime, dan catatan abnormalitas. | 3. Membantu pencatatan pemakaian bahan baku, khususnya methanol dan material pendukung lainnya. | 4. Membantu rekap hasil analisa QC, status mutu produk, dan dokumen release/hold. | 5. Membantu pengarsipan evidence produksi, dokumen K3, dan kelengkapan tanda tangan dokumen produksi. | 6. Membantu koordinasi administratif dengan QC, PPIC, gudang, HSE, maintenance, dan produksi. | 7. Membantu penyusunan laporan pemakaian material, hasil produksi, dan final project administrasi produksi formalin.",Kota Semarang,,1,Aktif,2026-07-14,2026-07-28,"Program studi: Teknik Industri, Manajemen Industri, Kimia, Teknik Kimia | Tingkat pendidikan: Sarjana",info@intanwijaya.com,2026-08-11T05:33:28Z
maganghub,a2411330-4d52-4ade-96bd-c46a4dfb9039,https://maganghub.kemnaker.go.id/magang-nasional/lowongan/logistic-staff-a2411330-4d52-4ade-96bd-c46a4dfb9039,019f36d4-a83c-70ae-bb24-15498f8a90b4,Intanwijaya Internasional,maganghub-019f36d4-a83c-70ae-bb24-15498f8a90b4,Logistic Staff,logistic-staff-a2411330-4d52-4ade-96bd-c46a4dfb9039,"1. Membantu administrasi barang masuk, barang keluar, penerimaan barang, pengeluaran barang, dan data stok. | 2. Membantu pengarsipan surat jalan, delivery order, bukti timbang, bukti penerimaan, dan dokumen logistik lainnya. | 3. Membantu rekap penerimaan barang dari supplier atau produksi serta pengeluaran barang ke customer/departemen terkait. | 4. Membantu monitoring aktivitas loading dan unloading sesuai arahan PIC. | 5. Membantu mengumpulkan evidence pengiriman, penerimaan barang, dan dokumen pendukung operasional logistik. | 6. Membantu support stock opname, rekap selisih stok, dan laporan aktivitas gudang/logistik. | 7. Membantu koordinasi administratif dengan gudang, transport, security, PPIC, invoice, dan departemen terkait.",Kota Semarang,,1,Aktif,2026-07-14,2026-07-28,"Program studi: Manajemen Transportasi, Manajemen, Teknik Industri, Administrasi Bisnis | Tingkat pendidikan: Sarjana",info@intanwijaya.com,2026-08-11T05:33:30Z
maganghub,a2411466-bd52-4c40-a3aa-722d99d3984c,https://maganghub.kemnaker.go.id/magang-nasional/lowongan/engineering-staff-a2411466-bd52-4c40-a3aa-722d99d3984c,019f36d4-a83c-70ae-bb24-15498f8a90b4,Intanwijaya Internasional,maganghub-019f36d4-a83c-70ae-bb24-15498f8a90b4,Engineering Staff,engineering-staff-a2411466-bd52-4c40-a3aa-722d99d3984c,"1. Membantu administrasi pekerjaan engineering, work order, preventive maintenance, dan corrective maintenance. | 2. Membantu rekap jadwal inspeksi, checklist peralatan, dan laporan kondisi mesin/peralatan. | 3. Membantu dokumentasi laporan perbaikan, breakdown, downtime, dan tindak lanjut pekerjaan teknik. | 4. Membantu rekap pemakaian sparepart, material teknik, dan kebutuhan permintaan barang. | 5. Membantu pengarsipan dokumen teknik, gambar, layout, evidence pekerjaan, dan dokumen proyek. | 6. Membantu monitoring progress pekerjaan engineering dan koordinasi administratif dengan produksi, maintenance, utility, procurement, dan HSE. | 7. Membantu final project berupa database work order, checklist preventive maintenance, rekap breakdown, atau dashboard pekerjaan engineering.",Kota Semarang,,1,Aktif,2026-07-14,2026-07-28,"Program studi: Teknik Mesin, Mekatronika, Teknik Elektro, Teknik Sipil | Tingkat pendidikan: Sarjana",info@intanwijaya.com,2026-08-11T05:33:32Z
maganghub,a241124a-b128-4324-b419-346cde9206a4,https://maganghub.kemnaker.go.id/magang-nasional/lowongan/water-treatment-process-staff-a241124a-b128-4324-b419-346cde9206a4,019f36d4-a83c-70ae-bb24-15498f8a90b4,Intanwijaya Internasional,maganghub-019f36d4-a83c-70ae-bb24-15498f8a90b4,Water Treatment Process Staff,water-treatment-process-staff-a241124a-b128-4324-b419-346cde9206a4,"1. Membantu administrasi operasional WTRO, termasuk log sheet, laporan harian, dan evidence operasional. | 2. Membantu pencatatan parameter operasional seperti flow, pressure, pH, TDS, conductivity, level tank, dan jam operasi. | 3. Membantu rekap pemakaian chemical, sparepart, consumable, dan kebutuhan material pendukung WTRO. | 4. Membantu checklist kondisi pompa, tank, filter, RO, dan peralatan pendukung lainnya. | 5. Membantu dokumentasi preventive maintenance dan tindak lanjut temuan operasional. | 6. Membantu penyusunan laporan operasional WTRO dan dokumen evidence kepatuhan lingkungan. | 7. Membantu final project berupa template log sheet, dashboard parameter, checklist peralatan, atau database chemical.",Kota Semarang,,1,Aktif,2026-07-14,2026-07-28,"Program studi: Teknik Lingkungan, Teknik Mesin, Kimia, Teknik Elektro, Teknik Kimia | Tingkat pendidikan: Sarjana",info@intanwijaya.com,2026-08-11T05:33:34Z
maganghub,a241105f-b2f7-49a1-8bfc-59f1c1e75ebc,https://maganghub.kemnaker.go.id/magang-nasional/lowongan/collection-staff-a241105f-b2f7-49a1-8bfc-59f1c1e75ebc,019f36d4-a83c-70ae-bb24-15498f8a90b4,Intanwijaya Internasional,maganghub-019f36d4-a83c-70ae-bb24-15498f8a90b4,Collection Staff,collection-staff-a241105f-b2f7-49a1-8bfc-59f1c1e75ebc,"1. Membantu administrasi data piutang customer, invoice outstanding, aging piutang, dan jatuh tempo pembayaran. | 2. Membantu pengarsipan invoice, tanda terima, bukti penagihan, bukti pembayaran, dan dokumen pendukung collection. | 3. Membantu update database collection berdasarkan status pembayaran dan hasil follow up. | 4. Membantu menyiapkan daftar reminder pembayaran sesuai arahan mentor. | 5. Membantu mencatat hasil follow up customer dan kendala penagihan secara administratif. | 6. Membantu koordinasi data dengan sales, FAT, dan pihak internal terkait penyelesaian piutang. | 7. Membantu penyusunan laporan collection sederhana dan final project administrasi collection.",Kota Semarang,,1,Aktif,2026-07-14,2026-07-28,"Program studi: Manajemen Keuangan, Komunikasi, Manajemen, Administrasi Bisnis, Akuntansi | Tingkat pendidikan: Sarjana",info@intanwijaya.com,2026-08-11T05:33:36Z
maganghub,a240ef1d-48bf-40c4-8611-71d1ba9f30da,https://maganghub.kemnaker.go.id/magang-nasional/lowongan/corporate-secretary-&-building-management-a240ef1d-48bf-40c4-8611-71d1ba9f30da,f6fd83bd-c45d-437c-b349-79b796af32d5,Intanwijaya Internasional,maganghub-f6fd83bd-c45d-437c-b349-79b796af32d5,Corporate Secretary & Building Management,corporate-secretary-building-management-a240ef1d-48bf-40c4-8611-71d1ba9f30da,1. Membantu dalam proses arsip dokumen perusahaan | 2. Membantu dalam proses administrasi dokumen perusahaan | 3. Membantu dalam proses administrasi Building Management | 4. Membantu proses administrasi perizinan perusahaan,Kota Adm. Jakarta Barat,,1,Aktif,2026-07-14,2026-07-28,"Program studi: Administrasi Bisnis, Teknik Sipil, Administrasi Perkantoran, Hukum | Tingkat pendidikan: Sarjana",info@intanwijaya.com,2026-08-11T05:33:38Z
maganghub,a2410ea1-8954-4d27-b51f-db16eb96539b,https://maganghub.kemnaker.go.id/magang-nasional/lowongan/resin-production-staff-a2410ea1-8954-4d27-b51f-db16eb96539b,019f36d4-a83c-70ae-bb24-15498f8a90b4,Intanwijaya Internasional,maganghub-019f36d4-a83c-70ae-bb24-15498f8a90b4,Resin Production Staff,resin-production-staff-a2410ea1-8954-4d27-b51f-db16eb96539b,"1. Membantu administrasi laporan produksi resin, work order, batch record, dan jadwal produksi. | 2. Membantu pencatatan dan rekap pemakaian bahan baku, bahan pembantu, packaging, dan hasil produksi. | 3. Membantu pengarsipan dokumen produksi, log sheet, evidence operasional, dan dokumen batch. | 4. Membantu rekap status produk berdasarkan hasil koordinasi dengan QC, seperti release, hold, atau perlu tindak lanjut. | 5. Membantu pencatatan downtime, kendala produksi, dan data pendukung evaluasi produksi. | 6. Membantu koordinasi administratif dengan PPIC, QC, gudang, maintenance, dan produksi. | 7. Membantu penyusunan laporan administrasi produksi dan final project perbaikan administrasi produksi resin.",Kota Semarang,,1,Aktif,2026-07-14,2026-07-28,"Program studi: Teknik Industri, Manajemen Industri, Kimia, Teknik Kimia | Tingkat pendidikan: Sarjana",info@intanwijaya.com,2026-08-11T05:33:39Z
maganghub,a242eac5-6763-46cf-a60e-208065d30032,https://maganghub.kemnaker.go.id/magang-nasional/lowongan/sales-operational-support-a242eac5-6763-46cf-a60e-208065d30032,019f36d4-a83c-70ae-bb24-15498f8a90b4,Intanwijaya Internasional,maganghub-019f36d4-a83c-70ae-bb24-15498f8a90b4,Sales Operational Support,sales-operational-support-a242eac5-6763-46cf-a60e-208065d30032,"1. Membantu aktivitas pendukung penjualan offline dan online, termasuk observasi customer, inquiry, prospek, follow up, dan kebutuhan pelanggan. | 2. Membantu memahami product knowledge, selling point, dan kebutuhan customer agar dapat mendukung komunikasi awal penjualan. | 3. Membantu pencarian dan pengelompokan prospek customer potensial dari database internal, media sosial, marketplace, website, event, atau sumber lain yang relevan. | 4. Membantu merespons inquiry awal customer dan mencatat kebutuhan pelanggan sesuai arahan mentor atau PIC Sales. | 5. Membantu follow up prospek/customer melalui channel yang ditentukan perusahaan, seperti telepon, WhatsApp, email, media sosial, marketplace, atau pertemuan offline. | 6. Membantu kegiatan sales campaign, promosi produk, kunjungan sales, event, pameran, aktivasi offline, atau promosi online. | 7. Membantu membuat laporan sederhana terkait leads, inquiry, follow up, respon customer, peluang penjualan, dan hasil aktivitas sales.",Kota Semarang,,1,Aktif,2026-07-14,2026-07-28,"Program studi: Ilmu Komunikasi, Administrasi Bisnis, Manajemen Pemasaran/Marketing | Tingkat pendidikan: Sarjana",info@intanwijaya.com,2026-08-11T05:33:41Z
maganghub,a241152e-eeec-428d-b203-302400a31a17,https://maganghub.kemnaker.go.id/magang-nasional/lowongan/analyst-staff-rnd-department-a241152e-eeec-428d-b203-302400a31a17,019f36d4-a83c-70ae-bb24-15498f8a90b4,Intanwijaya Internasional,maganghub-019f36d4-a83c-70ae-bb24-15498f8a90b4,Analyst Staff (RND Department),analyst-staff-rnd-department-a241152e-eeec-428d-b203-302400a31a17,"1. Membantu administrasi kegiatan riset dan pengembangan produk, sample, trial, dan hasil analisa. | 2. Membantu pencatatan data sample, labeling sample, penataan sample, dan pengarsipan dokumen eksperimen. | 3. Membantu input data hasil pengujian laboratorium ke dalam format rekap yang ditentukan. | 4. Membantu membuat tabel perbandingan hasil uji, hasil trial, dan data evaluasi sample. | 5. Membantu dokumentasi kegiatan trial, pengembangan produk, dan administrasi laboratorium. | 6. Membantu rekap feedback sample dari QC, produksi, marketing, atau customer sesuai arahan mentor. | 7. Membantu final project berupa database sample, template laporan uji, rekap hasil trial, atau laporan analisa sederhana.",Kota Semarang,,1,Aktif,2026-07-14,2026-07-28,"Program studi: Kimia, Teknologi Industri Kimia, Analis Kimia, Teknik Kimia | Tingkat pendidikan: Sarjana",info@intanwijaya.com,2026-08-11T05:33:43Z
maganghub,a240f2f2-3adc-4216-adf1-0e2fc8cf09e0,https://maganghub.kemnaker.go.id/magang-nasional/lowongan/content-creator-a240f2f2-3adc-4216-adf1-0e2fc8cf09e0,f6fd83bd-c45d-437c-b349-79b796af32d5,Intanwijaya Internasional,maganghub-f6fd83bd-c45d-437c-b349-79b796af32d5,Content Creator,content-creator-a240f2f2-3adc-4216-adf1-0e2fc8cf09e0,1. Membantu mencari ide konten | 2. Membantu menyusun content pillar | 3. Membantu membuat desain konten visual | 4. Membantu membuat laporan performa konten secara sederhana | 5. Membantu monitoring engagement,Kota Adm. Jakarta Barat,,1,Aktif,2026-07-14,2026-07-28,"Program studi: Ilmu Komunikasi, Desain Komunikasi Visual, Teknologi Multimedia dan Broadcasting | Tingkat pendidikan: Sarjana",info@intanwijaya.com,2026-08-11T05:33:45Z
maganghub,a240f1ff-7452-473e-9bc1-e7b171f78f4e,https://maganghub.kemnaker.go.id/magang-nasional/lowongan/digital-marketing-a240f1ff-7452-473e-9bc1-e7b171f78f4e,f6fd83bd-c45d-437c-b349-79b796af32d5,Intanwijaya Internasional,maganghub-f6fd83bd-c45d-437c-b349-79b796af32d5,Digital Marketing,digital-marketing-a240f1ff-7452-473e-9bc1-e7b171f78f4e,"1. Membantu observasi media digital perusahaan | 2. Membantu riset terkait target audiens, tren pasar, dan kompetitor digital | 3. Membantu menyusun ide konten, ide promosi, dan ide campaign digital | 4. Membantu membuat kalender konten mingguan atau bulanan | 5. Membantu membuat draft caption, headline, dan materi promosi digital | 6. Membantu membuat laporan performa digital marketing secara sederhana",Kota Adm. Jakarta Barat,,1,Aktif,2026-07-14,2026-07-28,"Program studi: Pemasaran Digital, Desain Komunikasi Visual, Manajemen Pemasaran/Marketing | Tingkat pendidikan: Sarjana",info@intanwijaya.com,2026-08-11T05:33:47Z
maganghub,a2411196-52e7-4353-8859-8da38b83ffce,https://maganghub.kemnaker.go.id/magang-nasional/lowongan/it-support-staff-a2411196-52e7-4353-8859-8da38b83ffce,019f36d4-a83c-70ae-bb24-15498f8a90b4,Intanwijaya Internasional,maganghub-019f36d4-a83c-70ae-bb24-15498f8a90b4,IT Support Staff,it-support-staff-a2411196-52e7-4353-8859-8da38b83ffce,"1. Membantu pendataan inventaris perangkat IT, komputer, printer, scanner, jaringan LAN, dan perangkat pendukung lainnya. | 2. Membantu dokumentasi titik jaringan, kabel LAN, access point, switch, router, dan perangkat user. | 3. Membantu support troubleshooting dasar komputer, printer, koneksi internet, dan software office. | 4. Membantu pencatatan tiket, keluhan user, dan status penyelesaian pekerjaan IT support. | 5. Membantu instalasi software standar, pengecekan antivirus, update sistem, dan maintenance ringan perangkat. | 6. Membantu backup data sederhana dan pengecekan perangkat sesuai instruksi mentor. | 7. Membantu penyusunan checklist preventive maintenance dan laporan kondisi perangkat IT.",Kota Semarang,,1,Aktif,2026-07-14,2026-07-28,"Program studi: Teknik Informatika, Sistem Informasi, Teknik Komputer dan Jaringan | Tingkat pendidikan: Sarjana",info@intanwijaya.com,2026-08-11T05:33:49Z
maganghub,a24113d5-7382-4a40-96a2-afe53bd3b329,https://maganghub.kemnaker.go.id/magang-nasional/lowongan/transport-staff-a24113d5-7382-4a40-96a2-afe53bd3b329,019f36d4-a83c-70ae-bb24-15498f8a90b4,Intanwijaya Internasional,maganghub-019f36d4-a83c-70ae-bb24-15498f8a90b4,Transport Staff,transport-staff-a24113d5-7382-4a40-96a2-afe53bd3b329,"1. Membantu administrasi data armada, data driver, jadwal pengiriman, dan rute perjalanan. | 2. Membantu pengarsipan surat jalan, delivery order, bukti delivery, dokumen perjalanan, dan evidence pengiriman. | 3. Membantu rekap uang jalan, biaya operasional perjalanan, dan pertanggungjawaban driver sesuai arahan mentor. | 4. Membantu monitoring status pengiriman, keberangkatan, kedatangan, bongkar muat, dan kendaraan kembali. | 5. Membantu mencatat kendala pengiriman, keterlambatan, dokumen belum lengkap, dan tindak lanjut operasional. | 6. Membantu rekap maintenance kendaraan, checklist armada, dan status kesiapan kendaraan. | 7. Membantu penyusunan laporan operasional transport harian/mingguan dan final project administrasi transport.",Kota Semarang,,1,Aktif,2026-07-14,2026-07-28,"Program studi: Manajemen Transportasi, Logistik, Manajemen, Administrasi Bisnis | Tingkat pendidikan: Sarjana",info@intanwijaya.com,2026-08-11T05:33:51Z
maganghub,a23f3630-4523-4aa1-a01d-1e894328fb0e,https://maganghub.kemnaker.go.id/magang-nasional/lowongan/qc-staff-a23f3630-4523-4aa1-a01d-1e894328fb0e,bb8c8fd5-be4a-406f-ab72-0859b467278f,PT L-Essential,maganghub-bb8c8fd5-be4a-406f-ab72-0859b467278f,QC Staff,qc-staff-a23f3630-4523-4aa1-a01d-1e894328fb0e,"'- Melakukan pengecekan ph, viscositas, bj dan keseragaman bobot | dan pengisian dokumen pada sistem. | - Melakukan kontrol line primer, pengecekan keseragaman bobot, | Pengujian kebocoran, dan pengisian dokumen EBR | -Membantu pembuatan media, reagen dan fase gerak | -Analisa parameter fisika kimia non-HPLC | -Analisa parameter mikrobiologi",Kota Tangerang Selatan,,5,Aktif,2026-07-14,2026-07-28,"Program studi: Farmasi, Analisis Kimia, Kimia, Analis Kimia, Teknik Kimia | Tingkat pendidikan: Sarjana",hr@l-essential.com,2026-08-11T05:33:55Z
maganghub,a23568c0-ca95-479e-834e-87839a82253f,https://maganghub.kemnaker.go.id/magang-nasional/lowongan/asisten-pengajar-bahasa-jepang-a23568c0-ca95-479e-834e-87839a82253f,019f3f80-a687-7131-8aa4-90639edfa5ec,Human Mandiri Indonesia,maganghub-019f3f80-a687-7131-8aa4-90639edfa5ec,Asisten Pengajar Bahasa Jepang,asisten-pengajar-bahasa-jepang-a23568c0-ca95-479e-834e-87839a82253f,1. Membantu pengajar bahasa Jepang untuk memberikan pengajaran kepada siswa. | 2. Memeriksa tugas-tugas siswa. | 3. Memberikan bimbingan konseling dan pelajaran tambahan kepada siswa. | 4. Memberikan orientasi dan edukasi tentang tata cara hidup di Jepang,Kota Adm. Jakarta Selatan,,5,Aktif,2026-07-14,2026-07-28,"Program studi: Bahasa Jepang, Pendidikan Bahasa Jepang | Tingkat pendidikan: Sarjana",asdi@human-ind.com,2026-08-11T05:33:57Z
maganghub,a239280a-8030-4181-9d3a-429f7f3f8bb9,https://maganghub.kemnaker.go.id/magang-nasional/lowongan/officer-data-support---operasional-a239280a-8030-4181-9d3a-429f7f3f8bb9,674291da-1428-4439-8eeb-dacd9cb15293,Perkebunan Nusantara Iv,maganghub-674291da-1428-4439-8eeb-dacd9cb15293,Officer Data Support - Operasional,officer-data-support-operasional-a239280a-8030-4181-9d3a-429f7f3f8bb9,"Deskripsi Lingkungan Kerja	:	Berperan dalam aktivitas inti bisnis perkebunan mulai dari produksi, perawatan tanaman, panen, pengolahan hasil, hingga pemasaran dan penjualan, termasuk pengelolaan data produksi dan perawatan sarana pendukung. Peran ini bertujuan untuk memastikan tercapainya target produktivitas dan kualitas hasil, meningkatkan efisiensi operasional, serta mendukung keberlanjutan kegiatan usaha dari hulu ke hilir secara optimal",Kota Adm. Jakarta Selatan,,5,Aktif,2026-07-14,2026-07-28,"Program studi: Teknik Informatika, Teknik Industri, Rekayasa Pertanian, Statistika, Agribisnis | Tingkat pendidikan: Sarjana",dsdm.palmco@gmail.com,2026-08-11T05:33:59Z
maganghub,a23f5ac4-9011-4827-8056-d12e68290e59,https://maganghub.kemnaker.go.id/magang-nasional/lowongan/krani-bidang-sdm-&-sistem-manajemen-a23f5ac4-9011-4827-8056-d12e68290e59,e0b880a4-8104-495b-bd66-4b2d38a28b0e,Perkebunan Nusantara Iv,maganghub-e0b880a4-8104-495b-bd66-4b2d38a28b0e,Krani Bidang SDM & Sistem Manajemen,krani-bidang-sdm-sistem-manajemen-a23f5ac4-9011-4827-8056-d12e68290e59,"Krani Bidang SDM & Sistem Manajemen bertanggung jawab melaksanakan administrasi, pencatatan, verifikasi, pengelolaan data, dan pelaporan kegiatan di bidang sumber daya manusia (SDM) serta sistem manajemen secara akurat, lengkap, dan tepat waktu guna mendukung pengelolaan SDM yang efektif, penerapan sistem manajemen perusahaan, serta penyediaan informasi yang andal bagi pengambilan keputusan manajemen. Jabatan ini berperan dalam memastikan seluruh proses administrasi SDM dan sistem manajemen dilaksanakan sesuai dengan kebijakan perusahaan, standar operasional prosedur (SOP), dan ketentuan yang berlaku. | Ruang lingkup tugas meliputi pengelolaan administrasi data kepegawaian, absensi, cuti, lembur, perjalanan dinas, mutasi, promosi, pengembangan kompetensi, penilaian kinerja, disiplin kerja, serta administrasi hubungan industrial sesuai dengan kewenangan yang diberikan. Jabatan ini juga bertanggung jawab melakukan pemutakhiran data pegawai dalam sistem informasi SDM, pengelolaan dokumen kepegawaian, penyusunan rekapitulasi data ketenagakerjaan, serta penyusunan laporan administrasi SDM sebagai dasar monitoring dan evaluasi. | Pada aspek sistem manajemen, Krani Bidang SDM & Sistem Manajemen mendukung administrasi penyusunan, pengendalian, distribusi, dan pengarsipan dokumen sistem manajemen perusahaan, termasuk kebijakan, prosedur, instruksi kerja, formulir, dan dokumen pendukung lainnya. Jabatan ini juga membantu pelaksanaan administrasi audit internal, tindak lanjut hasil audit, pemantauan kepatuhan terhadap sistem manajemen, serta penyusunan laporan terkait implementasi standar dan persyaratan yang berlaku di perusahaan, termasuk sistem manajemen mutu, lingkungan, keselamatan dan kesehatan kerja, serta standar keberlanjutan sesuai ruang lingkup unit kerja. | Dalam pelaksanaan tugasnya, jabatan ini berkoordinasi dengan unit kerja terkait untuk memastikan validitas data, kelengkapan dokumen, dan ketepatan waktu penyampaian informasi. Krani Bidang SDM & Sistem Manajemen juga menjaga kerahasiaan data kepegawaian dan dokumen perusahaan, serta mendukung penerapan Sistem Pengendalian Internal (SPI), prinsip Good Corporate Governance (GCG), ketentuan ketenagakerjaan, serta standar sertifikasi perusahaan seperti ISO, ISPO, RSPO, atau standar lain yang relevan sesuai ruang lingkup operasional perusahaan. | Keberhasilan pelaksanaan jabatan diukur berdasarkan tingkat akurasi data kepegawaian dan dokumen sistem manajemen, ketepatan waktu penyelesaian administrasi dan pelaporan, kelengkapan dokumentasi, kepatuhan terhadap prosedur perusahaan, efektivitas pengendalian dokumen, serta kontribusinya dalam mendukung pengelolaan SDM yang tertib, implementasi sistem manajemen yang konsisten, dan peningkatan efektivitas tata kelola perusahaan.",Kota Jambi,,5,Aktif,2026-07-14,2026-07-28,"Program studi: Ilmu Lingkungan, Psikologi, Komputasi Statistik, Komputer Akutansi, Desain Komunikasi Visual | Tingkat pendidikan: Sarjana, Profesi",sekretariat@ptpn6.id,2026-08-11T05:34:01Z
maganghub,a23f50b4-fdba-41df-9176-9ea0d33bf9da,https://maganghub.kemnaker.go.id/magang-nasional/lowongan/krani-bidang-tanaman-a23f50b4-fdba-41df-9176-9ea0d33bf9da,e0b880a4-8104-495b-bd66-4b2d38a28b0e,Perkebunan Nusantara Iv,maganghub-e0b880a4-8104-495b-bd66-4b2d38a28b0e,Krani Bidang Tanaman,krani-bidang-tanaman-a23f50b4-fdba-41df-9176-9ea0d33bf9da,"Krani Bidang Tanaman (Budidaya Pertanian) bertanggung jawab melaksanakan administrasi dan pengelolaan data operasional budidaya pertanian secara akurat, tertib, dan tepat waktu guna mendukung kelancaran pelaksanaan kegiatan budidaya serta penyediaan informasi yang andal bagi pengambilan keputusan manajemen. Jabatan ini berperan dalam memastikan seluruh kegiatan administrasi yang berkaitan dengan proses budidaya tanaman telah terdokumentasi sesuai dengan ketentuan perusahaan. | Ruang lingkup tugas meliputi pencatatan, verifikasi, pengolahan, dan pelaporan data kegiatan budidaya, antara lain persiapan lahan, pembibitan, penanaman, penyisipan, pemeliharaan tanaman, pemupukan, pengendalian gulma, pengendalian hama dan penyakit tanaman, konservasi lahan, irigasi atau drainase, hingga kegiatan panen sesuai komoditas yang diusahakan. Selain itu, jabatan ini melakukan administrasi penggunaan tenaga kerja, alat dan mesin pertanian, bahan pendukung, serta realisasi biaya operasional budidaya sebagai bahan monitoring terhadap pencapaian rencana kerja dan anggaran. | Krani Bidang Tanaman (Budidaya Pertanian) menyusun laporan harian, mingguan, bulanan, dan laporan insidentil mengenai pelaksanaan kegiatan budidaya, perkembangan kondisi tanaman, produktivitas, penggunaan sumber daya, serta capaian indikator operasional lainnya. Jabatan ini juga melakukan rekonsiliasi data dengan mandor, pengawas lapangan, dan atasan langsung untuk memastikan validitas informasi yang disampaikan. | Dalam menjalankan tugasnya, jabatan ini memastikan seluruh dokumen administrasi tersusun secara sistematis, menjaga kerahasiaan data perusahaan, serta mendukung penerapan Standar Operasional Prosedur (SOP), Keselamatan dan Kesehatan Kerja (K3), praktik budidaya yang baik (Good Agricultural Practices/GAP), serta standar keberlanjutan dan sertifikasi yang berlaku, seperti ISPO, RSPO (untuk komoditas kelapa sawit), atau standar lain yang relevan. | Keberhasilan pelaksanaan jabatan diukur berdasarkan tingkat akurasi administrasi, ketepatan waktu pelaporan, kelengkapan dokumentasi operasional, validitas data budidaya, efektivitas koordinasi dengan unit kerja terkait, serta kontribusinya dalam mendukung peningkatan produktivitas, efisiensi operasional, dan pengelolaan budidaya pertanian yang berkelanjutan.",Kota Jambi,,5,Aktif,2026-07-14,2026-07-28,"Program studi: Teknik Informatika, Ilmu Tanah, Ekonomi Pertanian dan Agribisnis, Agroekoteknologi, Komputer Akutansi | Tingkat pendidikan: Sarjana, Profesi",sekretariat@ptpn6.id,2026-08-11T05:34:03Z
maganghub,a243d0b6-3c4f-4be7-a5a0-5b36ee847c74,https://maganghub.kemnaker.go.id/magang-nasional/lowongan/prod.-assistant---department-1-&-2-a243d0b6-3c4f-4be7-a5a0-5b36ee847c74,d082a13d-728c-43b8-a66c-e3f3bea66ae7,PT Televisi Transformasi Indonesia,maganghub-d082a13d-728c-43b8-a66c-e3f3bea66ae7,Prod. Assistant - Department 1 & 2,prod-assistant-department-1-2-a243d0b6-3c4f-4be7-a5a0-5b36ee847c74,"Peserta magang akan mendukung operasional tim produksi dalam mempersiapkan kebutuhan produksi, menyusun dan mengelola dokumen produksi, mengatur jadwal serta koordinasi kru dan talent, membantu pelaksanaan produksi di studio maupun lapangan, melakukan administrasi produksi, serta memastikan seluruh proses produksi berjalan sesuai dengan rundown, jadwal, dan standar operasional perusahaan.",Kota Adm. Jakarta Selatan,,5,Aktif,2026-07-14,2026-07-28,"Program studi: Penyiaran, Multimedia, Jurnalistik, Ilmu Komunikasi | Tingkat pendidikan: Diploma, Sarjana",widyastuti@detik.com,2026-08-11T05:34:05Z
maganghub,a2417ef4-248f-457c-8259-0b63a43e5e2d,https://maganghub.kemnaker.go.id/magang-nasional/lowongan/officer-hps-harga-perkiraan-sendiri-a2417ef4-248f-457c-8259-0b63a43e5e2d,328cba87-4fcc-4845-becc-639fe32ed8b7,Perkebunan Nusantara Iv,maganghub-328cba87-4fcc-4845-becc-639fe32ed8b7,Officer HPS (Harga Perkiraan Sendiri),officer-hps-harga-perkiraan-sendiri-a2417ef4-248f-457c-8259-0b63a43e5e2d,"1. Membantu proses monitoring arus Paket Pekerjaan Secara Eletronik pada proses penerbitan HPS serta portal internal Bagian Akuntansi & Keuangan | 2. Membantu proses penerbitan HPS secara elektronik Pada Aplikasi IPS e-Tendering | 3. Membantu proses pembaharuan/inovasi kertas kerja dan formulasi dalam proses penghitungan HPS untuk kemudahan dan meminimalisir kesalahan akibat human error | 4. Melakukan pemeriksaan dokumen HPS beserta menyiapkan file digital sebagai evidence yang akan diserahkan pada fungsi pengadaan. | 5. Membantu komunikasi dengan fungsi teknis terkait data dasar penyusun perkiraan harga | 6. Membantu proses adminstrasi update harga mandiri pada aplikasi IPS Simarisga sesuai dengan form yang telah ditetapkan. | 7. Membantu melakukan update harga untuk menjawab Price Request yang masuk pada IPS SImarisga. | 8. Melakukan monitoring durasi penerbitan harga sesuai dengan SLA. | 9. Mengumpulkan referensi harga dari berbagai sumber (marketplace, e-catalogue, vendor, survei lapangan, atau dokumen pengadaan sebelumnya). | 10. Melakukan pengarsipan secara rapi baik data elektronik maupun dokumen basah sebagai data pendukung penerbitan harga.",Kota Medan,,5,Aktif,2026-07-14,2026-07-28,"Program studi: Teknik Informatika, Teknologi Informasi, Akuntansi Manajemen, Sistem Informasi Bisnis, Sistem Informasi | Tingkat pendidikan: Diploma, Sarjana, Profesi",corsecpalmcon4@gmail.com,2026-08-11T05:34:07Z
maganghub,a241fb04-6231-4186-a477-b65d8caada8d,https://maganghub.kemnaker.go.id/magang-nasional/lowongan/reporterstand-upper-a241fb04-6231-4186-a477-b65d8caada8d,1739a7f3-a7c1-4c1f-81a0-d00bca916180,PT. Lativi Mediakarya (Tvone),maganghub-1739a7f3-a7c1-4c1f-81a0-d00bca916180,Reporter/Stand Upper,reporterstand-upper-a241fb04-6231-4186-a477-b65d8caada8d,"Jobdesc : | 1. Melakukan peliputan berita sesuai dengan penugasan maupun perkembangan isu aktual di lapangan. | 2. Mengidentifikasi, menggali, dan mengembangkan informasi yang memiliki nilai berita (news value). | 3. Melakukan riset awal dan verifikasi informasi sebelum maupun selama proses peliputan. | 4. Melakukan wawancara dengan narasumber secara profesional, objektif, dan sesuai dengan Kode Etik Jurnalistik. | 5. Menyusun naskah berita yang akurat, jelas, ringkas, dan sesuai dengan kaidah Bahasa Indonesia serta standar editorial perusahaan. | 6. Menyampaikan stand upper, voice over, maupun live report dengan artikulasi, intonasi, dan penyampaian yang baik sesuai kebutuhan program. | 7. Berkoordinasi dengan Camera Person, Video Journalist (VJ), Koordinator Liputan, Producer, Program Director, dan tim produksi untuk memastikan kelancaran proses peliputan. | 8. Menyampaikan perkembangan informasi secara cepat kepada redaksi, khususnya pada situasi breaking news. | 9. Memastikan seluruh informasi yang diperoleh telah melalui proses verifikasi guna menjaga akurasi dan kredibilitas pemberitaan. | 10. Menyelesaikan materi berita sesuai target penugasan dan tenggat waktu produksi. | 11. Menjalin, membangun, dan memelihara hubungan profesional dengan narasumber untuk mendukung kelancaran peliputan. | 12. Mematuhi Kode Etik Jurnalistik, Pedoman Pemberitaan Media Siber (apabila berlaku), kebijakan editorial, dan peraturan perusahaan. | 13. Mengikuti rapat redaksi, briefing, evaluasi liputan, pelatihan, dan pengembangan kompetensi yang diselenggarakan perusahaan. | Kualifikasi : | 1. Memahami prinsip-prinsip jurnalistik dan nilai berita (news value). | 2. Memahami Kode Etik Jurnalistik dan peraturan penyiaran yang berlaku. | 3. Memahami teknik peliputan, wawancara, riset, dan verifikasi informasi. | 4. Memahami teknik penulisan naskah berita televisi. | 5. Memahami proses produksi berita televisi dan alur kerja newsroom. | 6. Memahami isu nasional, internasional, politik, ekonomi, hukum, sosial, dan perkembangan terkini. | 7. Memiliki kemampuan komunikasi lisan dan tulisan yang sangat baik. | 8. Memiliki kemampuan public speaking dan tampil percaya diri di depan kamera. | 9. Memiliki kemampuan berpikir kritis, analitis, dan investigatif. | 10. Mampu bekerja cepat, akurat, dan di bawah tekanan. | 11. Memiliki kemampuan membangun jejaring dengan narasumber. | 12. Memiliki integritas, objektivitas, serta menjunjung tinggi etika jurnalistik. | 13. Adaptif terhadap perubahan situasi dan perkembangan berita. | 14. Mampu menyusun naskah berita televisi. | 15. Mampu melakukan stand upper dan live report.",Kota Adm. Jakarta Timur,,5,Aktif,2026-07-14,2026-07-28,"Program studi: Jurnalistik, Manajemen Produksi Berita, Ilmu Komunikasi, Teknologi Multimedia dan Broadcasting, Ilmu Politik | Tingkat pendidikan: Sarjana, Profesi",izin.naker@tvone.co.id,2026-08-11T05:34:09Z
maganghub,a24115ad-f762-4036-b3c9-2a6e99221857,https://maganghub.kemnaker.go.id/magang-nasional/lowongan/packaging-intern-a24115ad-f762-4036-b3c9-2a6e99221857,87ffacd3-32aa-4373-9688-88215b977dc0,PT Synergy Oil Nusantara,maganghub-87ffacd3-32aa-4373-9688-88215b977dc0,Packaging Intern,packaging-intern-a24115ad-f762-4036-b3c9-2a6e99221857,"1. Melakukan operasional mesin untuk proses pembuatan shortening dan pengemasan produk. 2. Memastikan bahan baku, material kemasan, dan peralatan tersedia sebelum proses produksi dimulai. 3. Melakukan monitoring suhu, tekstur, kualitas, dan konsistensi produk shortening selama proses berlangsung. 4. Melakukan pengisian, penimbangan, penyegelan, dan pelabelan produk sesuai standar. 5. Memastikan proses packaging berjalan sesuai SOP, standar mutu, dan standar keamanan pangan (misalnya HACCP/ISO). 6. Melakukan cleaning dan sanitasi area produksi sesuai jadwal dan standar kebersihan. 7. Menyusun dan mencatat laporan produksi, termasuk jumlah output, downtime, dan penggunaan bahan. 8. Melakukan pengecekan dasar terhadap mesin, serta melaporkan kerusakan ke bagian teknisi/engineering. 9. Menjaga keselamatan kerja (K3) dan mengikuti semua aturan PPE. 10. Bekerja sama dengan tim QA untuk memastikan produk memenuhi standar kualitas perusahaan",Kota Batam,,5,Aktif,2026-07-14,2026-07-28,"Program studi: Teknik Mesin, Teknik Industri, Teknik Elektro, Teknik Pertanian, Teknik Kimia | Tingkat pendidikan: Diploma, Sarjana",susiani@iffco.com,2026-08-11T05:34:11Z
maganghub,a2417a0f-f12a-4daf-bd8a-3927646bc649,https://maganghub.kemnaker.go.id/magang-nasional/lowongan/human-resources-intern-a2417a0f-f12a-4daf-bd8a-3927646bc649,90cb84df-cbc8-48c4-a8f5-056f4595876e,Hon Chuan Indonesia,maganghub-90cb84df-cbc8-48c4-a8f5-056f4595876e,Human Resources Intern,human-resources-intern-a2417a0f-f12a-4daf-bd8a-3927646bc649,"Understand fundamental human resource management processes, assist in recruitment administration, candidate screening, interview scheduling, employee document filing, HR database updates, onboarding preparation, attendance administration, HR report preparation, and other daily HR administrative activities. The intern is also expected to support employee engagement programs, maintain the confidentiality and accuracy of HR documents and employee information, consistently apply company policies, procedures, and Occupational Health and Safety (OHS) requirements, and demonstrate effective communication, teamwork, attention to detail, organizational skills, professionalism, and a commitment to continuous improvement.",Kab. Bekasi,,5,Aktif,2026-07-14,2026-07-28,"Program studi: Bahasa Mandarin, Manajemen, Psikologi, Bahasa Inggris, Manajemen Administrasi | Tingkat pendidikan: Sarjana",hci-hrd02@mail.honchuan.com.tw,2026-08-11T05:34:12Z
maganghub,a241787c-0fe3-4a56-a5e8-f8e15ba478e7,https://maganghub.kemnaker.go.id/magang-nasional/lowongan/qaqc-intern-a241787c-0fe3-4a56-a5e8-f8e15ba478e7,90cb84df-cbc8-48c4-a8f5-056f4595876e,Hon Chuan Indonesia,maganghub-90cb84df-cbc8-48c4-a8f5-056f4595876e,QA/QC Intern,qaqc-intern-a241787c-0fe3-4a56-a5e8-f8e15ba478e7,"Understand quality control processes and laboratory operations in a manufacturing environment, perform basic packaging material inspections and routine quality checks, prepare microbiological testing media, collect product and water samples, assist in physical, chemical, and microbiological testing, accurately record inspection and laboratory results, organize laboratory equipment and documentation, support quality data analysis and non-conformance reporting, maintain laboratory cleanliness in accordance with Good Laboratory Practices (GLP), consistently apply Occupational Health and Safety (OHS), 5S, GMP, GLP, and company procedures, and demonstrate effective teamwork, communication, analytical thinking, attention to detail, and a commitment to continuous improvement.",Kab. Bekasi,,5,Aktif,2026-07-14,2026-07-28,"Program studi: Mikrobiologi, Biologi, Kimia Industri, Analis Kimia, Teknik Kimia | Tingkat pendidikan: Sarjana",hci-hrd02@mail.honchuan.com.tw,2026-08-11T05:34:14Z
maganghub,a242f4ac-482a-49c2-8442-96842b48126e,https://maganghub.kemnaker.go.id/magang-nasional/lowongan/staff-keuangan-a242f4ac-482a-49c2-8442-96842b48126e,e08e2d8b-8959-486d-aa8d-845386e00be0,PT Swadaya Graha,maganghub-e08e2d8b-8959-486d-aa8d-845386e00be0,Staff Keuangan,staff-keuangan-a242f4ac-482a-49c2-8442-96842b48126e,"'-	Memantau dana keluar masuk, mengelola kas dan  melakukan rekonsiliasi bank secara berkala | -	Menerima, memeriksa, dan memproses tagihan dari vendor | -	Membantu pembuatan laporan Keuangan seperti laporan Arus kas untuk kebutuhan manajemen | -	Menyimpan dan mendokumentasikan setiap bukti transaksi, kuitansi, dan faktur dengan rapi agar mudah diaudit",Kab. Gresik,,5,Aktif,2026-07-14,2026-07-28,"Program studi: Manajemen Keuangan, Akuntansi Keuangan Perusahaan, Administrasi Keuangan | Tingkat pendidikan: Diploma, Sarjana",contact@swadayagraha.com,2026-08-11T05:34:16Z
maganghub,a23b7853-9d9a-40cb-94d2-45e5e09321f4,https://maganghub.kemnaker.go.id/magang-nasional/lowongan/content-a23b7853-9d9a-40cb-94d2-45e5e09321f4,019f4f86-fc5a-72c0-b715-64e2954a291e,"PT Bank Syariah Indonesia, Tbk - Area Bogor",maganghub-019f4f86-fc5a-72c0-b715-64e2954a291e,content,content-a23b7853-9d9a-40cb-94d2-45e5e09321f4,"Program Pemagangan nasional untuk jabatan Content Management dirancang untuk membekali peserta dengan kemampuan riset dan perencanaan konten yang aplikatif, dimulai dari riset kreatif multimedia guna menggali tren dan kebutuhan audiens, hingga penyusunan creative brief dan technical brief sebagai landasan produksi konten yang terarah dan konsisten. Melalui tahapan ini, peserta diharapkan mampu menerjemahkan tujuan bisnis perusahaan ke dalam konsep konten yang relevan dan berdaya saing.",Kota Bogor,,5,Aktif,2026-07-14,2026-07-28,"Program studi: Pemasaran Digital, Desain Produk | Tingkat pendidikan: Diploma, Sarjana, Profesi",id0010017@bankbsi.co.id,2026-08-11T05:34:18Z
maganghub,a23b77b8-0028-4549-ad27-4737c0cee6f5,https://maganghub.kemnaker.go.id/magang-nasional/lowongan/desain-a23b77b8-0028-4549-ad27-4737c0cee6f5,019f4f86-fc5a-72c0-b715-64e2954a291e,"PT Bank Syariah Indonesia, Tbk - Area Bogor",maganghub-019f4f86-fc5a-72c0-b715-64e2954a291e,desain,desain-a23b77b8-0028-4549-ad27-4737c0cee6f5,"Program pemagangan nasional untuk jabatan Creative Design Intern dirancang untuk membekali peserta dengan kemampuan merancang desain flyer, banner, dan materi promosi guna mendukung program pemasaran perusahaan secara efektif dan menarik. Mengembangkan infografis informatif untuk kebutuhan edukasi dan komunikasi kepada nasabah. Kemampuan ini diperkuat dengan penyusunan materi presentasi korporat yang sesuai dengan brand guideline perusahaan, sehingga setiap aset visual yang dihasilkan konsisten dengan identitas dan citra perusahaan.",Kota Bogor,,5,Aktif,2026-07-14,2026-07-28,"Program studi: Seni Rupa Dan Disain, Desain Produk | Tingkat pendidikan: Diploma, Sarjana, Profesi",id0010017@bankbsi.co.id,2026-08-11T05:34:20Z
maganghub,a23b7bcc-5d82-4bc7-8c0b-1425ea9f7f19,https://maganghub.kemnaker.go.id/magang-nasional/lowongan/marketing-communication-a23b7bcc-5d82-4bc7-8c0b-1425ea9f7f19,019f4f86-fc5a-72c0-b715-64e2954a291e,"PT Bank Syariah Indonesia, Tbk - Area Bogor",maganghub-019f4f86-fc5a-72c0-b715-64e2954a291e,marketing communication,marketing-communication-a23b7bcc-5d82-4bc7-8c0b-1425ea9f7f19,"Program Pemagangan nasional untuk jabatan Marketing Communication dirancang untuk membentuk fondasi profesionalisme kerja, diawali dengan penanaman etos kerja yang kuat serta kemampuan leadership management, termasuk perilaku dan penampilan yang mencerminkan citra perusahaan. Peserta dibekali dasar sikap kerja yang menjadi landasan dalam menjalankan tugas komunikasi dan pemasaran secara profesional.",Kota Bogor,,5,Aktif,2026-07-14,2026-07-28,"Program studi: Ilmu Komunikasi, Manajemen Pemasaran/Marketing | Tingkat pendidikan: Diploma, Sarjana, Profesi",id0010017@bankbsi.co.id,2026-08-11T05:34:22Z
maganghub,a239962f-5428-42a8-a445-ebd3fce4533b,https://maganghub.kemnaker.go.id/magang-nasional/lowongan/internship-assistant-a239962f-5428-42a8-a445-ebd3fce4533b,ca64b0c6-0eb0-4a2d-9c5c-38d9ab213df7,PT. Bank Rakyat Indonesia ( Persero ) Tbk,maganghub-ca64b0c6-0eb0-4a2d-9c5c-38d9ab213df7,Internship Assistant,internship-assistant-a239962f-5428-42a8-a445-ebd3fce4533b,* Melakukan pengolahan dan Analisa Data Bisnis dan Operasional. | * Melaksanakan administrasi operasional dan bisnis | * Menyusun materi komunikasi dan mengkomunikasikan materi dengan efektif | * Menyajikan laporan pelaksanaan pekerjaan. | * Mengimplementasikan bidang keilmuan dalam pekerjaan.,Kota Medan,,5,Aktif,2026-07-14,2026-07-28,"Program studi: Bahasa Inggris, Statistika dan Sains Data, Teknik informatika, Manajemen Keuangan Perbankan, Hukum | Tingkat pendidikan: Sarjana",Hc.kanwilmedan@gmail.com,2026-08-11T05:34:24Z
maganghub,a2394533-1f3e-49f0-bb60-2e4eeff85a36,https://maganghub.kemnaker.go.id/magang-nasional/lowongan/research-and-development-a2394533-1f3e-49f0-bb60-2e4eeff85a36,4ccef1d4-8605-45b7-a192-bb9d2d6692bb,Han Young Indonesia,maganghub-4ccef1d4-8605-45b7-a192-bb9d2d6692bb,RESEARCH AND DEVELOPMENT,research-and-development-a2394533-1f3e-49f0-bb60-2e4eeff85a36,"Melakukan penelitian dan pengembangan formulasi baru untuk produk perekat dan produk kimia lainnya. | * Menguji bahan baku dan produk jadi untuk memastikan kualitas, stabilitas, serta kepatuhan terhadap standar lingkungan. | * Berkolaborasi dengan tim produksi dan pemasaran untuk menciptakan produk yang layak secara teknis maupun ekonomis. | * ⁠Menyiapkan dokumentasi teknis, termasuk laporan pengujian, spesifikasi produk, dan MSDS (Material Safety Data Sheets / Lembar Data Keselamatan Bahan). | * Memantau perkembangan teknologi dan perubahan regulasi di industri kimia guna mendukung inovasi berkelanjutan. | * Melakukan peningkatan berkelanjutan pada produk yang sudah ada untuk meningkatkan performa dan mengurangi biaya produksi.",Kab. Tangerang,,5,Aktif,2026-07-14,2026-07-28,"Program studi: Teknik Kimia Polimer, Kimia, Kimia Industri, Analis Kimia, Teknik Kimia | Tingkat pendidikan: Sarjana",bkrisdijanto@hyind.kr,2026-08-11T05:34:26Z
maganghub,a2310165-5f60-4995-bd07-7b61211efeb0,https://maganghub.kemnaker.go.id/magang-nasional/lowongan/it-fullstack-developer-a2310165-5f60-4995-bd07-7b61211efeb0,66aa5441-b293-49f6-b5c5-d6a19115b40e,Hanss Business Indonesia,maganghub-66aa5441-b293-49f6-b5c5-d6a19115b40e,IT Fullstack Developer,it-fullstack-developer-a2310165-5f60-4995-bd07-7b61211efeb0,"Melakukan pengembangan system informasi berbasisw website dengan menggunakan technology golang dan nodejs untuk backend serta vuejs untuk frontend, dan konfigurasi third party mulai dari redis, mongodb, mysql, serta payment gateway",Kab. Malang,,5,Aktif,2026-07-14,2026-07-28,"Program studi: Teknik Informatika, Informatika, Pendidikan Teknik Informatika, Pendidikan Informatika, Pendidikan Teknik Informatika dan Komputer | Tingkat pendidikan: Diploma, Sarjana",hanssbusinessindonesia@gmail.com,2026-08-11T05:34:28Z
maganghub,a2334652-c26a-4ce9-84e3-38ffa1a2160f,https://maganghub.kemnaker.go.id/magang-nasional/lowongan/corporate-development-a2334652-c26a-4ce9-84e3-38ffa1a2160f,12d64433-711c-497d-8335-db3c143fe586,PT. Bumitama Gunajaya Agro,maganghub-12d64433-711c-497d-8335-db3c143fe586,Corporate Development,corporate-development-a2334652-c26a-4ce9-84e3-38ffa1a2160f,"Membantu pencarian invensi baru melalui program kerjasama, joint research, adopsi inovasi untuk bidang yang menjadi focus pengembangan corporate yang dapat bersifat dinamis. Untuk saat ini bidang yang menjadi focus untuk pencarian inovasinya adalah bidang microbes, enzyme technology, nano technology, biochemical engineering, artificial intelligence, big data, oleochemical, metabolite engineering.",Kota Adm. Jakarta Selatan,,2,Aktif,2026-07-14,2026-07-28,"Program studi: Agroteknologi/Agroekoteknologi, Ilmu Tanah, Agribisnis Kelapa Sawit, Teknik Kimia | Tingkat pendidikan: Sarjana",general@bumitama-agri.com,2026-08-11T05:34:32Z
maganghub,a23930dd-9a19-4326-b748-5260312a1ed7,https://maganghub.kemnaker.go.id/magang-nasional/lowongan/accounting-intern-a23930dd-9a19-4326-b748-5260312a1ed7,9ceb310a-ad18-430c-95e0-3e753e271757,Arsari Enviro Industri,maganghub-9ceb310a-ad18-430c-95e0-3e753e271757,Accounting Intern,accounting-intern-a23930dd-9a19-4326-b748-5260312a1ed7,"'- Mengerti dan memahami dasar dasar akuntansi | - Membantu proses fotokopi & scan dokumen yang dibutuhkan di Corpfin | - Membantu menyiapkan, mengumpulkan dokumen untuk keperluan audit | - Membantu menyiapkan tabel untuk dokumen pendukung laporan keuangan & mahir menggunakan excel | - Melaksanakan tugas administratif lainnya sesuai arahan atasan",Kota Adm. Jakarta Pusat,,2,Aktif,2026-07-14,2026-07-28,Program studi: Akuntansi | Tingkat pendidikan: Sarjana,corsec_aei@arsari.co.id,2026-08-11T05:34:34Z
maganghub,a2417988-ce1d-4acf-92d0-17aecb200213,https://maganghub.kemnaker.go.id/magang-nasional/lowongan/ahli-gizi-a2417988-ce1d-4acf-92d0-17aecb200213,019f5f02-301a-70bd-a020-7e6bd5ce14d4,PT. Abna Samanhudisautika Husada,maganghub-019f5f02-301a-70bd-a020-7e6bd5ce14d4,Ahli Gizi,ahli-gizi-a2417988-ce1d-4acf-92d0-17aecb200213,"Ahli Gizi bertugas melaksanakan pelayanan gizi guna meningkatkan, mempertahankan, dan memulihkan status gizi individu maupun kelompok sesuai kebutuhan dan kondisi kesehatan. Lingkup tugasnya meliputi pengkajian status gizi, perencanaan dan pemberian asuhan gizi, penyusunan menu dan diet sesuai kondisi pasien, pemantauan serta evaluasi intervensi gizi, edukasi dan konseling gizi, pengelolaan penyelenggaraan makanan, penyusunan laporan pelayanan gizi, serta berkolaborasi dengan tenaga kesehatan lainnya untuk mendukung peningkatan kualitas pelayanan dan derajat kesehatan pasien.",Kab. Malang,,2,Aktif,2026-07-14,2026-07-28,"Program studi: Gizi | Tingkat pendidikan: Sarjana, Diploma",info@wavahusada.com,2026-08-11T05:34:36Z
maganghub,a24154f9-5aec-495e-bdc7-ad4c1a6432d0,https://maganghub.kemnaker.go.id/magang-nasional/lowongan/staf-sanitarian-a24154f9-5aec-495e-bdc7-ad4c1a6432d0,019f5f02-301a-70bd-a020-7e6bd5ce14d4,PT. Abna Samanhudisautika Husada,maganghub-019f5f02-301a-70bd-a020-7e6bd5ce14d4,Staf Sanitarian,staf-sanitarian-a24154f9-5aec-495e-bdc7-ad4c1a6432d0,"Staf Sanitarian bertugas melaksanakan upaya kesehatan lingkungan untuk menciptakan lingkungan yang bersih, sehat, aman, dan memenuhi standar kesehatan. Lingkup tugasnya meliputi pemantauan dan pengawasan sanitasi lingkungan, pengelolaan kualitas air, pengendalian limbah dan vektor penyakit, inspeksi kesehatan lingkungan, identifikasi faktor risiko lingkungan yang dapat memengaruhi kesehatan, penyuluhan dan edukasi kesehatan lingkungan, serta penyusunan laporan hasil pemantauan guna mendukung pencegahan penyakit dan peningkatan derajat kesehatan masyarakat.",Kab. Malang,,2,Aktif,2026-07-14,2026-07-28,"Program studi: Teknik Lingkungan, Kesehatan Lingkungan | Tingkat pendidikan: Sarjana, Diploma",info@wavahusada.com,2026-08-11T05:34:38Z
maganghub,a23c4282-5cbb-4aab-b6c8-5e17b93bc287,https://maganghub.kemnaker.go.id/magang-nasional/lowongan/it-staff-a23c4282-5cbb-4aab-b6c8-5e17b93bc287,c0ab02f0-89a1-4a89-ad11-cdf8e5e159b7,PT. United Steel Center Indonesia,maganghub-c0ab02f0-89a1-4a89-ad11-cdf8e5e159b7,IT Staff,it-staff-a23c4282-5cbb-4aab-b6c8-5e17b93bc287,"Program pemagangan untuk membekali peserta dengan pengetahuan, keterampilan, dan pengalaman praktis dalam mendukung operasional teknologi informasi di lingkungan industri manufaktur. | Program ini mengintegrasikan pembelajaran teori dengan praktik langsung sehingga peserta memahami bagaimana teknologi informasi berperan dalam mendukung proses produksi, operasional, kualitas, logistik, dan pengambilan keputusan berbasis data.",Kab. Karawang,,2,Aktif,2026-07-14,2026-07-28,"Program studi: Teknologi Rekayasa Perangkat Lunak, Teknologi Informasi, Sistem informasi | Tingkat pendidikan: Sarjana",ismi.maharani@usc-indonesia.co.id,2026-08-11T05:34:40Z
maganghub,a23c287d-6b28-4022-92ed-01be647534b2,https://maganghub.kemnaker.go.id/magang-nasional/lowongan/quality-staff-a23c287d-6b28-4022-92ed-01be647534b2,c0ab02f0-89a1-4a89-ad11-cdf8e5e159b7,PT. United Steel Center Indonesia,maganghub-c0ab02f0-89a1-4a89-ad11-cdf8e5e159b7,Quality Staff,quality-staff-a23c287d-6b28-4022-92ed-01be647534b2,"Peserta akan mempelajari konsep dasar manajemen mutu, sistem pengendalian kualitas, teknik inspeksi, penggunaan alat ukur, analisis data kualitas, pemecahan masalah menggunakan metode Quality Tools, hingga penerapan budaya perbaikan berkelanjutan (Continuous Improvement). | Selain penguasaan kompetensi teknis, program ini juga menekankan pengembangan soft skills seperti komunikasi, kerja sama tim, disiplin, kepemimpinan, dan etika kerja yang menjadi kebutuhan utama di lingkungan industri manufaktur.",Kab. Karawang,,2,Aktif,2026-07-14,2026-07-28,Program studi: Teknik Industri | Tingkat pendidikan: Sarjana,ismi.maharani@usc-indonesia.co.id,2026-08-11T05:34:42Z
maganghub,a23829c4-5d58-40c2-afca-ecbc0eff938e,https://maganghub.kemnaker.go.id/magang-nasional/lowongan/maintenance-staff-a23829c4-5d58-40c2-afca-ecbc0eff938e,c0ab02f0-89a1-4a89-ad11-cdf8e5e159b7,PT. United Steel Center Indonesia,maganghub-c0ab02f0-89a1-4a89-ad11-cdf8e5e159b7,Maintenance Staff,maintenance-staff-a23829c4-5d58-40c2-afca-ecbc0eff938e,"Pembelajaran dalam bidang pemeliharaan (maintenance) mesin dan peralatan manufaktur. | Program ini bertujuan membekali peserta dengan kompetensi dalam menjaga keandalan, ketersediaan, dan efisiensi mesin produksi melalui penerapan sistem pemeliharaan yang terencana, analisis kerusakan, serta perbaikan berkelanjutan sesuai standar keselamatan dan praktik industri",Kab. Karawang,,2,Aktif,2026-07-14,2026-07-28,"Program studi: Teknik Mesin, Teknik Elektronika Manufaktur, Teknik Elektro, Teknik Elektronika Industri | Tingkat pendidikan: Sarjana",ismi.maharani@usc-indonesia.co.id,2026-08-11T05:34:44Z
maganghub,a23e3ae1-1ada-4bd9-82c0-54ea04288764,https://maganghub.kemnaker.go.id/magang-nasional/lowongan/business-analyst-staff-a23e3ae1-1ada-4bd9-82c0-54ea04288764,c0ab02f0-89a1-4a89-ad11-cdf8e5e159b7,PT. United Steel Center Indonesia,maganghub-c0ab02f0-89a1-4a89-ad11-cdf8e5e159b7,Business Analyst Staff,business-analyst-staff-a23e3ae1-1ada-4bd9-82c0-54ea04288764,"Program yang bertujuan untuk memberikan pengetahuan dan keterampilan kepada peserta magang dalam menganalisis proses bisnis, mengolah data, menyusun kebutuhan bisnis, serta memberikan rekomendasi perbaikan untuk meningkatkan efisiensi operasional perusahaan",Kab. Karawang,,2,Aktif,2026-07-14,2026-07-28,"Program studi: Sistem Informasi Bisnis, Ilmu Komputer, Manajemen Bisnis, Statistika Bisnis, Bisnis Digital | Tingkat pendidikan: Sarjana",ismi.maharani@usc-indonesia.co.id,2026-08-11T05:34:46Z
maganghub,a23c4401-8401-40ef-9440-1bd95de90ee1,https://maganghub.kemnaker.go.id/magang-nasional/lowongan/internal-sales-staff-a23c4401-8401-40ef-9440-1bd95de90ee1,c0ab02f0-89a1-4a89-ad11-cdf8e5e159b7,PT. United Steel Center Indonesia,maganghub-c0ab02f0-89a1-4a89-ad11-cdf8e5e159b7,Internal Sales Staff,internal-sales-staff-a23c4401-8401-40ef-9440-1bd95de90ee1,"Program pemagangan yang dirancang untuk membekali peserta dengan pengetahuan, keterampilan, dan pengalaman kerja di bidang Internal Sales pada industri manufaktur. | Program ini berfokus pada pengelolaan proses penjualan dari sisi internal perusahaan, mulai dari penerimaan permintaan pelanggan, penyusunan penawaran harga, pengelolaan pesanan (sales order), koordinasi dengan bagian produksi, gudang, logistik, hingga memastikan pengiriman produk sesuai kebutuhan pelanggan.",Kab. Karawang,,2,Aktif,2026-07-14,2026-07-28,"Program studi: Administrasi BIsnis, Manajemen, Manajemen Bisnis, Sastra Jepang, Manajemen Pemasaran | Tingkat pendidikan: Sarjana",ismi.maharani@usc-indonesia.co.id,2026-08-11T05:34:48Z
maganghub,a23f40f2-444c-4f24-91b0-02e1ca80e27d,https://maganghub.kemnaker.go.id/magang-nasional/lowongan/production-staff-a23f40f2-444c-4f24-91b0-02e1ca80e27d,dd20162b-2b94-4f0d-a546-d4fc07982394,Southeast Asia Pipe Industries,maganghub-dd20162b-2b94-4f0d-a546-d4fc07982394,Production Staff,production-staff-a23f40f2-444c-4f24-91b0-02e1ca80e27d,"'-Melakukan pekerjaan Produksi baik dari pembuatan Report, dokumen, | maupun aktifitas lapangan | -Analisa data hasil produksi | -Memahami welding proses produksi",Kab. Lampung Selatan,,2,Aktif,2026-07-14,2026-07-28,"Program studi: Teknik Mesin Industri, Teknik Mesin, Teknologi Mesin, Teknologi Rekayasa Mesin | Tingkat pendidikan: Sarjana",legal.seapi@seapi.web.id,2026-08-11T05:34:49Z
maganghub,a23f171b-7ba7-46c5-984c-222fee3122fc,https://maganghub.kemnaker.go.id/magang-nasional/lowongan/intern-qhse-a23f171b-7ba7-46c5-984c-222fee3122fc,dd20162b-2b94-4f0d-a546-d4fc07982394,Southeast Asia Pipe Industries,maganghub-dd20162b-2b94-4f0d-a546-d4fc07982394,Intern QHSE,intern-qhse-a23f171b-7ba7-46c5-984c-222fee3122fc,"'- Melakukan Inspeksi NDT pada pipa | - Memonitoring proses pengelasan dan qualification jika diperlukan | - Menganalisa hasil inspeksi Non Destructive Test | - Melakukan pengujian Destrustive Testing | - Melakukan analisa hasil pengujian DT, NDT & dimensional atau kebutuhan analisa lainnya jika dibutuhkan dalam bentuk statistika | - membantu dalam document control | - Membuat gambar teknik jika dibutuhkan | - Melakukan safety patrol | - Melakukan Inspeksi Kendaraan (Trailer/truck), Crane, Lifting Tools, APAR, Pencahayaan,Kebisingan dll yang berkaitan dengan HSE, | - Melakukan safety Induction | - Mengawasi pekerjaan yang beresiko tinggi, loading pipe, bekerja diketinggian dll",Kab. Lampung Selatan,,2,Aktif,2026-07-14,2026-07-28,"Program studi: Teknik Lingkungan, Teknik  Industri, Teknik Mesin, Teknik Perkapalan, Teknik Material dan Metalurgi | Tingkat pendidikan: Sarjana",legal.seapi@seapi.web.id,2026-08-11T05:34:51Z
maganghub,a23f6282-8f15-456c-86d7-da2b6f32b8ea,https://maganghub.kemnaker.go.id/magang-nasional/lowongan/intern-maintenance-a23f6282-8f15-456c-86d7-da2b6f32b8ea,dd20162b-2b94-4f0d-a546-d4fc07982394,Southeast Asia Pipe Industries,maganghub-dd20162b-2b94-4f0d-a546-d4fc07982394,Intern Maintenance,intern-maintenance-a23f6282-8f15-456c-86d7-da2b6f32b8ea,"'-Membantu tim Maintenance dalam dukungan teknis terkait bangunan, Utility, struktur, fasilitas pabrik & fasilitas pendukung , penyusunan dokumentasi teknis (BOQ, datasheet, laporan pekerjaan), serta koordinasi pekerjaan perbaikan/perawatan fasilitas | -Membantu tim Maintenance dalam inspeksi, pemeliharaan, dan perbaikan sistem kelistrikan mesin produksi pipa baja (motor, panel, instrumentasi), serta pencatatan dan dokumentasi data teknis kelistrikan | -Membantu tim Maintenance dalam pemeliharaan preventif dan perbaikan mesin produksi pipa baja (welding line, rolling/forming machine), inspeksi komponen mekanikal, serta pelaporan kondisi peralatan",Kab. Lampung Selatan,,2,Aktif,2026-07-14,2026-07-28,"Program studi: Teknik Mesin Industri, Teknik Mesin, Teknik Elektro, Teknik Sipil, Teknik Elektro Industri | Tingkat pendidikan: Diploma, Sarjana",legal.seapi@seapi.web.id,2026-08-11T05:34:53Z
maganghub,a23128e9-8d78-4248-8a98-e8f8e8a7d897,https://maganghub.kemnaker.go.id/magang-nasional/lowongan/accounting-&-finance-staff-a23128e9-8d78-4248-8a98-e8f8e8a7d897,84c748c8-392a-40f8-8c26-e7c53589d1b0,PT. Abacus Kencana Industries,maganghub-84c748c8-392a-40f8-8c26-e7c53589d1b0,Accounting & Finance Staff,accounting-finance-staff-a23128e9-8d78-4248-8a98-e8f8e8a7d897,"•	Memeriksa kelengkapan dan kesesuaian tagihan yang dikirim dari vendor berupa invoice, surat jalan/BAST, e-faktur dengan Purchase Order yang diterbitkan oleh procurement. | •	Memeriksa identitas Nama, Alamat dan No NPWP tagihan yang diterbitkan sesuai dengan identitas PT. Abacus Kencana Industries | •	Membuat Rekap invoice, purchase order, dan bukti transaksi | •	Cross-check invoice dengan data pembayaran | •	Scan invoice dan mengirimkan tagihan ke Customer melalui post atau kurir. | •	Input dan update data transaksi keuangan ke spreadsheet / software accounting | •	Memeriksa kelengkapan dan kerapihan dokumen accounting | •	Filing dokumen baik fisik maupun digital | •	Support data dan dokumen pendukung untuk kebutuhan reporting maupun audit",Kab. Bekasi,,2,Aktif,2026-07-14,2026-07-28,"Program studi: Perpajakan, Akuntansi Perpajakan, Akuntansi Keuangan, Akuntansi Keuangan Perusahaan, Akuntansi | Tingkat pendidikan: Sarjana, Diploma",hr.ga@abacus.id,2026-08-11T05:34:55Z
maganghub,a2270ff7-1827-479d-a11d-2c297f49c6e5,https://maganghub.kemnaker.go.id/magang-nasional/lowongan/order-management-a2270ff7-1827-479d-a11d-2c297f49c6e5,84c748c8-392a-40f8-8c26-e7c53589d1b0,PT. Abacus Kencana Industries,maganghub-84c748c8-392a-40f8-8c26-e7c53589d1b0,Order Management,order-management-a2270ff7-1827-479d-a11d-2c297f49c6e5,"'- Melakukan pengecekan jadwal yang diinginkan oleh sales sesuai instruksi, prosedur dan konsisten | - Melakukan monitoring dengan bagian PIC untuk memastikan berjalan lancar sesuai instruksi dan target kerja dari Perusahaan / manajemen | - Melakukan komunikasi dengan bagian sales jika terjadi ketidaksesuaian jadwal maupun masalah | - Membuat laporan kerja kepada atasan langsung atau tidak langsung terhadap hasil tim kerja",Kab. Bekasi,,2,Aktif,2026-07-14,2026-07-28,"Program studi: Teknik Mesin, Teknik Industri, Teknik Listrik, Teknik Elektronika, Teknik Elektro | Tingkat pendidikan: Diploma, Sarjana",hr.ga@abacus.id,2026-08-11T05:34:57Z
maganghub,a242efc9-e564-41cd-8d0a-ee0176f44994,https://maganghub.kemnaker.go.id/magang-nasional/lowongan/mekanik-a242efc9-e564-41cd-8d0a-ee0176f44994,a2c204d8-6693-4111-8330-84094fe6badc,PT. Aae Outdoor Indonesia,maganghub-a2c204d8-6693-4111-8330-84094fe6badc,MEKANIK,mekanik-a242efc9-e564-41cd-8d0a-ee0176f44994,Membantu teknisi melakukan preventive maintenance. | Membersihkan mesin sebelum dan sesudah perawatan. | Menyiapkan alat dan suku cadang yang diperlukan. | Membantu pembongkaran dan pemasangan komponen mesin. | Melakukan pelumasan sesuai jadwal. | Mengisi checklist inspeksi dan maintenance. | Menjaga kebersihan workshop dan area kerja. | Melaporkan kerusakan mesin kepada pembimbing.,Kab. Brebes,,3,Aktif,2026-07-14,2026-07-28,"Program studi: Instalasi dan Pemeliharaan Jaringan Listrik, Teknik Mesin Industri, Teknik Mesin, Teknik Manufaktur Mesin, Teknik Listrik | Tingkat pendidikan: Diploma, Sarjana, Profesi",aae.outdoor@gmail.com,2026-08-11T05:34:59Z
maganghub,a24173d8-5283-4341-bd07-203a81b84fc9,https://maganghub.kemnaker.go.id/magang-nasional/lowongan/staff-hr-&-ga-a24173d8-5283-4341-bd07-203a81b84fc9,a2c204d8-6693-4111-8330-84094fe6badc,PT. Aae Outdoor Indonesia,maganghub-a2c204d8-6693-4111-8330-84094fe6badc,STAFF HR & GA,staff-hr-ga-a24173d8-5283-4341-bd07-203a81b84fc9,"Membantu proses administrasi kepegawaian, seperti pengarsipan dokumen karyawan dan pembaruan data karyawan. | Membantu proses rekrutmen, termasuk penyaringan berkas lamaran, menghubungi kandidat, dan menjadwalkan wawancara. | Membantu penyusunan dan pengelolaan dokumen HR, seperti surat, formulir, dan laporan administrasi. | Membantu pengelolaan data absensi, cuti, izin, dan lembur. | Membantu pelaksanaan kegiatan orientasi dan administrasi karyawan baru. | Membantu pengelolaan inventaris aset dan kebutuhan operasional kantor. | Membantu koordinasi dengan vendor atau pihak internal terkait kebutuhan General Affairs. | Membantu penyelenggaraan kegiatan perusahaan, seperti pelatihan, rapat, dan acara internal. | Melakukan input data dan penyusunan laporan menggunakan Microsoft Office, terutama Microsoft Excel. | Melaksanakan tugas administrasi lainnya yang diberikan oleh atasan sesuai dengan kebutuhan operasional perusahaan.",Kab. Brebes,,2,Aktif,2026-07-14,2026-07-28,"Program studi: Manajemen, Psikologi, Administrasi, Ilmu Komunikasi, Hukum | Tingkat pendidikan: Diploma, Sarjana",aae.outdoor@gmail.com,2026-08-11T05:35:01Z
maganghub,a242d0d5-784e-4c2a-a566-27c6c8bc7c00,https://maganghub.kemnaker.go.id/magang-nasional/lowongan/staff-translator-a242d0d5-784e-4c2a-a566-27c6c8bc7c00,a2c204d8-6693-4111-8330-84094fe6badc,PT. Aae Outdoor Indonesia,maganghub-a2c204d8-6693-4111-8330-84094fe6badc,STAFF TRANSLATOR,staff-translator-a242d0d5-784e-4c2a-a566-27c6c8bc7c00,"Posisi Magang Mandarin akan mendukung kelancaran komunikasi dan administrasi antara tim lokal dan staf ekspatriat maupun mitra bisnis eksternal. Kandidat terpilih akan banyak berperan dalam menerjemahkan dokumen formal, menjadi fasilitator lisan dalam rapat koordinasi, serta membantu kelancaran operasional administratif harian",Kab. Brebes,,2,Aktif,2026-07-14,2026-07-28,"Program studi: Pendidikan Bahasa Mandarin, Bahasa Mandarin dan Kebudayaan Tiongkok, Bahasa Mandarin | Tingkat pendidikan: Diploma, Sarjana",aae.outdoor@gmail.com,2026-08-11T05:35:03Z
maganghub,a24384f6-417c-4bf9-b1a8-6a9bf416fbdd,https://maganghub.kemnaker.go.id/magang-nasional/lowongan/procurement-electricalmechanical---intern-a24384f6-417c-4bf9-b1a8-6a9bf416fbdd,49d6cd57-9120-4b4b-a936-a10d07f4ef1b,"PT Bukaka Teknik Utama, Tbk",maganghub-49d6cd57-9120-4b4b-a936-a10d07f4ef1b,Procurement Electrical/Mechanical - Intern,procurement-electricalmechanical-intern-a24384f6-417c-4bf9-b1a8-6a9bf416fbdd,'- Membantu menyusun pengadaan barang atau material | - Membantu melakukan bidding vendor | - Membantu proses negosiasi harga | - Membantu melakukan rekap monitoring terhadap proses pengadaan,Kab. Bogor,,2,Aktif,2026-07-14,2026-07-28,"Program studi: Teknik Mesin, Teknik Elektro | Tingkat pendidikan: Sarjana",legal@bukaka.com,2026-08-11T05:35:05Z
maganghub,a23f2fe2-27c5-4bc6-89c6-5b1e6f916c79,https://maganghub.kemnaker.go.id/magang-nasional/lowongan/pembantu-pembimbing-kemasyarakatan-a23f2fe2-27c5-4bc6-89c6-5b1e6f916c79,6fab92da-15f8-41b1-a25c-8837ef704f69,BALAI PEMASYARAKATAN KELAS II KENDARI,maganghub-6fab92da-15f8-41b1-a25c-8837ef704f69,PEMBANTU PEMBIMBING KEMASYARAKATAN,pembantu-pembimbing-kemasyarakatan-a23f2fe2-27c5-4bc6-89c6-5b1e6f916c79,1. Membantu Pembimbing Kemasyarakatan mendampingi klien pemasyarakatan. | 2. Mengumpulkan data sosial klien dan keluarga. | 3. Membantu penyusunan laporan hasil pembimbingan. | 4. Menyampaikan perkembangan perilaku klien kepada atasan.,Kota Kendari,,1,Aktif,2026-07-14,2026-07-28,"Program studi: Ilmu Politik, Kriminologi | Tingkat pendidikan: Sarjana",,2026-08-11T05:35:09Z
maganghub,a23f3239-570d-42ab-9ddd-2f9d326a2b5a,https://maganghub.kemnaker.go.id/magang-nasional/lowongan/pengelola-kehumasan-a23f3239-570d-42ab-9ddd-2f9d326a2b5a,8ccfa3b5-0022-472c-afa0-3f824f2de2c9,BALAI PEMASYARAKATAN KELAS I YOGYAKARTA,maganghub-8ccfa3b5-0022-472c-afa0-3f824f2de2c9,PENGELOLA KEHUMASAN,pengelola-kehumasan-a23f3239-570d-42ab-9ddd-2f9d326a2b5a,"1. Menyusun materi layanan informasi untuk media elektronik | 2. Menyusun berita pelayanan informasi dan kehumasan melalui media: cetak, elektornik dan daring (online) | 3. Menyusun naskah pelayanan informasi dan kehumasan dalam bentuk: ceramah, piodato, dan bahan tayang | 4. Menyelenggarakan penerbitan materi pelayanan informasi untuk media cetak, elektronik, dan daring (online) | 5. Melaksanakan tugas peliputan kegiatan kelembagaan dalan bentuk foto dan video",Kab. Sleman,,1,Aktif,2026-07-14,2026-07-28,Program studi: Komunikasi | Tingkat pendidikan: Sarjana,,2026-08-11T05:35:11Z
maganghub,a23f3856-4860-45fe-8681-8420b7e989e1,https://maganghub.kemnaker.go.id/magang-nasional/lowongan/pengelola-sdm-a23f3856-4860-45fe-8681-8420b7e989e1,c86cb93e-a1c9-449c-bd42-9a5e89f52fda,BALAI PEMASYARAKATAN KELAS II AMBON,maganghub-c86cb93e-a1c9-449c-bd42-9a5e89f52fda,Pengelola SDM,pengelola-sdm-a23f3856-4860-45fe-8681-8420b7e989e1,"1. Mengumpulkan data dan informasi yang relevan untuk bahan perumusan kebijakan. | 2. Membantu penyusunan naskah akademik, konsep kebijakan, atau pedoman pelaksanaan. | 3. Melakukan analisis sederhana terhadap data pendukung kebijakan. | 4. Menyusun bahan paparan, notulensi, dan laporan hasil rapat kebijakan. | 5. Mengarsipkan dokumen kebijakan dan referensi pendukung.""""""",Kota Ambon,,1,Aktif,2026-07-14,2026-07-28,Program studi: Manajemen | Tingkat pendidikan: Sarjana,,2026-08-11T05:35:13Z
maganghub,a23f2d97-18b9-404b-a427-ba64cc19fc37,https://maganghub.kemnaker.go.id/magang-nasional/lowongan/pengelola-kehumasan-a23f2d97-18b9-404b-a427-ba64cc19fc37,9bde9309-0d55-4f48-b610-c7cb45e64117,LEMBAGA PEMASYARAKATAN KELAS I SURABAYA,maganghub-9bde9309-0d55-4f48-b610-c7cb45e64117,PENGELOLA KEHUMASAN,pengelola-kehumasan-a23f2d97-18b9-404b-a427-ba64cc19fc37,"1. Menyusun materi layanan informasi untuk media elektronik | 2. Menyusun berita pelayanan informasi dan kehumasan melalui media: cetak, elektornik dan daring (online) | 3. Menyusun naskah pelayanan informasi dan kehumasan dalam bentuk: ceramah, piodato, dan bahan tayang | 4. Menyelenggarakan penerbitan materi pelayanan informasi untuk media cetak, elektronik, dan daring (online) | 5. Melaksanakan tugas peliputan kegiatan kelembagaan dalan bentuk foto dan video",Kab. Sidoarjo,,1,Aktif,2026-07-14,2026-07-28,Program studi: Komunikasi | Tingkat pendidikan: Sarjana,,2026-08-11T05:35:15Z
maganghub,a23f2d12-520b-454c-b87f-8b005aaaf5e6,https://maganghub.kemnaker.go.id/magang-nasional/lowongan/pengelola-bmn-a23f2d12-520b-454c-b87f-8b005aaaf5e6,9bde9309-0d55-4f48-b610-c7cb45e64117,LEMBAGA PEMASYARAKATAN KELAS I SURABAYA,maganghub-9bde9309-0d55-4f48-b610-c7cb45e64117,PENGELOLA BMN,pengelola-bmn-a23f2d12-520b-454c-b87f-8b005aaaf5e6,"1. Mengelola aset dan inventaris milik negara di unit kerja. | 2. Mencatat penerimaan, pemakaian, dan penghapusan barang. | 3. Melakukan inventarisasi berkala. | 4. Menyusun laporan aset sesuai ketentuan.",Kab. Sidoarjo,,1,Aktif,2026-07-14,2026-07-28,Program studi: Manajemen Aset Publik | Tingkat pendidikan: Sarjana,,2026-08-11T05:35:17Z
maganghub,a23fc651-7df1-419b-8c07-d3759790a296,https://maganghub.kemnaker.go.id/magang-nasional/lowongan/pengelola-bmn-a23fc651-7df1-419b-8c07-d3759790a296,40ba62ec-946f-4848-ba7f-4088084f7b2b,BALAI PEMASYARAKATAN KELAS II OGAN KOMERING ULU INDUK,maganghub-40ba62ec-946f-4848-ba7f-4088084f7b2b,PENGELOLA BMN,pengelola-bmn-a23fc651-7df1-419b-8c07-d3759790a296,"""1. Mengelola aset dan inventaris milik negara di unit kerja. | 2. Mencatat penerimaan, pemakaian, dan penghapusan barang. | 3. Melakukan inventarisasi berkala. | 4. Menyusun laporan aset sesuai ketentuan.""",Kab. Ogan Komering Ulu,,1,Aktif,2026-07-14,2026-07-28,Program studi: Manajemen Aset Publik | Tingkat pendidikan: Sarjana,,2026-08-11T05:35:19Z
maganghub,a23fc56b-662e-4afc-8a37-1c55a7b1ae6c,https://maganghub.kemnaker.go.id/magang-nasional/lowongan/pengelola-kehumasan-a23fc56b-662e-4afc-8a37-1c55a7b1ae6c,40ba62ec-946f-4848-ba7f-4088084f7b2b,BALAI PEMASYARAKATAN KELAS II OGAN KOMERING ULU INDUK,maganghub-40ba62ec-946f-4848-ba7f-4088084f7b2b,PENGELOLA KEHUMASAN,pengelola-kehumasan-a23fc56b-662e-4afc-8a37-1c55a7b1ae6c,"""1. Menyusun materi layanan informasi untuk media elektronik | 2. Menyusun berita pelayanan informasi dan kehumasan melalui media: cetak, elektornik dan daring (online) | 3. Menyusun naskah pelayanan informasi dan kehumasan dalam bentuk: ceramah, piodato, dan bahan tayang | 4. Menyelenggarakan penerbitan materi pelayanan informasi untuk media cetak, elektronik, dan daring (online) | 5. Melaksanakan tugas peliputan kegiatan kelembagaan dalan bentuk foto dan video""",Kab. Ogan Komering Ulu,,1,Aktif,2026-07-14,2026-07-28,"Program studi: Ilmu Komputer, Ilmu Komunikasi, Ilmu Informatika | Tingkat pendidikan: Sarjana",,2026-08-11T05:35:20Z
maganghub,a23fc5e7-3622-45c3-b657-527aa75be80d,https://maganghub.kemnaker.go.id/magang-nasional/lowongan/pengelola-kehumasan-a23fc5e7-3622-45c3-b657-527aa75be80d,0930763c-c34e-447e-abd6-37d966b3c542,BALAI PEMASYARAKATAN KELAS II WATAMPONE,maganghub-0930763c-c34e-447e-abd6-37d966b3c542,PENGELOLA KEHUMASAN,pengelola-kehumasan-a23fc5e7-3622-45c3-b657-527aa75be80d,"1. Menyusun materi layanan informasi untuk media elektronik | 2. Menyusun berita pelayanan informasi dan kehumasan melalui media: cetak, elektornik dan daring (online) | 3. Menyusun naskah pelayanan informasi dan kehumasan dalam bentuk: ceramah, piodato, dan bahan tayang | 4. Menyelenggarakan penerbitan materi pelayanan informasi untuk media cetak, elektronik, dan daring (online) | 5. Melaksanakan tugas peliputan kegiatan kelembagaan dalan bentuk foto dan video",Kab. Bone,,1,Aktif,2026-07-14,2026-07-28,Program studi: Komunikasi | Tingkat pendidikan: Sarjana,,2026-08-11T05:35:22Z
maganghub,a23fc71f-4333-46eb-85dd-2994f5f85be8,https://maganghub.kemnaker.go.id/magang-nasional/lowongan/pengelola-sdm-a23fc71f-4333-46eb-85dd-2994f5f85be8,0930763c-c34e-447e-abd6-37d966b3c542,BALAI PEMASYARAKATAN KELAS II WATAMPONE,maganghub-0930763c-c34e-447e-abd6-37d966b3c542,PENGELOLA SDM,pengelola-sdm-a23fc71f-4333-46eb-85dd-2994f5f85be8,"""1. Mengumpulkan data dan informasi yang relevan untuk bahan perumusan kebijakan. | 2. Membantu penyusunan naskah akademik, konsep kebijakan, atau pedoman pelaksanaan. | 3. Melakukan analisis sederhana terhadap data pendukung kebijakan. | 4. Menyusun bahan paparan, notulensi, dan laporan hasil rapat kebijakan. | 5. Mengarsipkan dokumen kebijakan dan referensi pendukung.""",Kab. Bone,,1,Aktif,2026-07-14,2026-07-28,Program studi: Manajemen | Tingkat pendidikan: Sarjana,,2026-08-11T05:35:24Z
maganghub,a23fc5ca-bb03-446b-adff-3ae9c9e6590f,https://maganghub.kemnaker.go.id/magang-nasional/lowongan/pengelola-sdm-a23fc5ca-bb03-446b-adff-3ae9c9e6590f,40ba62ec-946f-4848-ba7f-4088084f7b2b,BALAI PEMASYARAKATAN KELAS II OGAN KOMERING ULU INDUK,maganghub-40ba62ec-946f-4848-ba7f-4088084f7b2b,PENGELOLA SDM,pengelola-sdm-a23fc5ca-bb03-446b-adff-3ae9c9e6590f,"""""""1. Mengumpulkan data dan informasi yang relevan untuk bahan perumusan kebijakan. | 2. Membantu penyusunan naskah akademik, konsep kebijakan, atau pedoman pelaksanaan. | 3. Melakukan analisis sederhana terhadap data pendukung kebijakan. | 4. Menyusun bahan paparan, notulensi, dan laporan hasil rapat kebijakan. | 5. Mengarsipkan dokumen kebijakan dan referensi pendukung.""""""",Kab. Ogan Komering Ulu,,1,Aktif,2026-07-14,2026-07-28,Program studi: Manajemen | Tingkat pendidikan: Sarjana,,2026-08-11T05:35:26Z
maganghub,a23fdadc-4792-48e4-81b1-ed6a47021215,https://maganghub.kemnaker.go.id/magang-nasional/lowongan/pembantu-pembimbing-kemasyarakatan-a23fdadc-4792-48e4-81b1-ed6a47021215,e4ed3e7d-ee99-4df6-b876-fb1294c0294d,BALAI PEMASYARAKATAN KELAS II KARANG ASEM,maganghub-e4ed3e7d-ee99-4df6-b876-fb1294c0294d,PEMBANTU PEMBIMBING KEMASYARAKATAN,pembantu-pembimbing-kemasyarakatan-a23fdadc-4792-48e4-81b1-ed6a47021215,1. Membantu Pembimbing Kemasyarakatan mendampingi klien pemasyarakatan. | 2. Mengumpulkan data sosial klien dan keluarga. | 3. Membantu penyusunan laporan hasil pembimbingan. | 4. Menyampaikan perkembangan perilaku klien kepada atasan.,Kab. Karangasem,,1,Aktif,2026-07-14,2026-07-28,"Program studi: Ilmu Politik, Kriminologi | Tingkat pendidikan: Sarjana",,2026-08-11T05:35:28Z
maganghub,a23fa514-42e9-4ac6-91e0-70117ad4930e,https://maganghub.kemnaker.go.id/magang-nasional/lowongan/pengelola-kehumasan-a23fa514-42e9-4ac6-91e0-70117ad4930e,827a31e7-9fda-449c-a7fe-9cbf9a1b06c6,BALAI PEMASYARAKATAN KELAS I JAKARTA TIMUR/UTARA,maganghub-827a31e7-9fda-449c-a7fe-9cbf9a1b06c6,PENGELOLA KEHUMASAN,pengelola-kehumasan-a23fa514-42e9-4ac6-91e0-70117ad4930e,"""1. Menyusun materi layanan informasi untuk media elektronik | 2. Menyusun berita pelayanan informasi dan kehumasan melalui media: cetak, elektornik dan daring (online) | 3. Menyusun naskah pelayanan informasi dan kehumasan dalam bentuk: ceramah, piodato, dan bahan tayang | 4. Menyelenggarakan penerbitan materi pelayanan informasi untuk media cetak, elektronik, dan daring (online) | 5. Melaksanakan tugas peliputan kegiatan kelembagaan dalan bentuk foto dan video""",Kota Adm. Jakarta Timur,,1,Aktif,2026-07-14,2026-07-28,Program studi: Komunikasi | Tingkat pendidikan: Sarjana,,2026-08-11T05:35:30Z
maganghub,a23fbfe0-fee3-42f2-b1c7-617d39d585cc,https://maganghub.kemnaker.go.id/magang-nasional/lowongan/pengelola-sdm-a23fbfe0-fee3-42f2-b1c7-617d39d585cc,dbac7c87-5fac-4bd0-b842-158ae041ed86,BALAI PEMASYARAKATAN KELAS II LAHAT,maganghub-dbac7c87-5fac-4bd0-b842-158ae041ed86,Pengelola SDM,pengelola-sdm-a23fbfe0-fee3-42f2-b1c7-617d39d585cc,"1. Mengumpulkan data dan informasi yang relevan untuk bahan perumusan kebijakan. | 2. Membantu penyusunan naskah akademik, konsep kebijakan, atau pedoman pelaksanaan. | 3. Melakukan analisis sederhana terhadap data pendukung kebijakan. | 4. Menyusun bahan paparan, notulensi, dan laporan hasil rapat kebijakan. | 5. Mengarsipkan dokumen kebijakan dan referensi pendukung",Kab. Lahat,,1,Aktif,2026-07-14,2026-07-28,"Program studi: Manajemen Sumber Daya Manusia, Manajemen Sumber Daya Manusia Aparatur, Manajemen Administrasi, Manajemen Sumber Daya Manusia Sektor Publik, Manajemen Administrasi Perkantoran | Tingkat pendidikan: Sarjana",,2026-08-11T05:35:32Z
maganghub,a23f8c68-7bc9-47bb-ba10-63bef64077d8,https://maganghub.kemnaker.go.id/magang-nasional/lowongan/pengelola-bmn-a23f8c68-7bc9-47bb-ba10-63bef64077d8,63318c5f-fc14-4b20-a0fb-995d380434de,BALAI PEMASYARAKATAN KELAS II KLATEN,maganghub-63318c5f-fc14-4b20-a0fb-995d380434de,Pengelola BMN,pengelola-bmn-a23f8c68-7bc9-47bb-ba10-63bef64077d8,"""1. Mengelola aset dan inventaris milik negara di unit kerja. | 2. Mencatat penerimaan, pemakaian, dan penghapusan barang. | 3. Melakukan inventarisasi berkala. | 4. Menyusun laporan aset sesuai ketentuan.""",Kab. Klaten,,1,Aktif,2026-07-14,2026-07-28,Program studi: Manajemen Aset Publik | Tingkat pendidikan: Sarjana,,2026-08-11T05:35:34Z
maganghub,a23fbd01-fbfd-44d2-9c5a-ef4f6958c6b0,https://maganghub.kemnaker.go.id/magang-nasional/lowongan/pengelola-bmn-a23fbd01-fbfd-44d2-9c5a-ef4f6958c6b0,dbac7c87-5fac-4bd0-b842-158ae041ed86,BALAI PEMASYARAKATAN KELAS II LAHAT,maganghub-dbac7c87-5fac-4bd0-b842-158ae041ed86,Pengelola BMN,pengelola-bmn-a23fbd01-fbfd-44d2-9c5a-ef4f6958c6b0,"Mengelola aset dan inventaris milik negara di unit kerja. | 2. Mencatat penerimaan, pemakaian, dan penghapusan barang. | 3. Melakukan inventarisasi berkala. | 4. Menyusun laporan aset sesuai ketentuan.",Kab. Lahat,,1,Aktif,2026-07-14,2026-07-28,"Program studi: Manajemen Aset, Manajemen Aset Publik, Manajemen Ekonomi | Tingkat pendidikan: Sarjana",,2026-08-11T05:35:37Z
maganghub,a23fa5e2-de55-45b0-ab30-a4a4cad4b857,https://maganghub.kemnaker.go.id/magang-nasional/lowongan/pengelola-sdm-a23fa5e2-de55-45b0-ab30-a4a4cad4b857,827a31e7-9fda-449c-a7fe-9cbf9a1b06c6,BALAI PEMASYARAKATAN KELAS I JAKARTA TIMUR/UTARA,maganghub-827a31e7-9fda-449c-a7fe-9cbf9a1b06c6,PENGELOLA SDM,pengelola-sdm-a23fa5e2-de55-45b0-ab30-a4a4cad4b857,"""""""1. Mengumpulkan data dan informasi yang relevan untuk bahan perumusan kebijakan. | 2. Membantu penyusunan naskah akademik, konsep kebijakan, atau pedoman pelaksanaan. | 3. Melakukan analisis sederhana terhadap data pendukung kebijakan. | 4. Menyusun bahan paparan, notulensi, dan laporan hasil rapat kebijakan. | 5. Mengarsipkan dokumen kebijakan dan referensi pendukung.""""""",Kota Adm. Jakarta Timur,,1,Aktif,2026-07-14,2026-07-28,Program studi: Manajemen | Tingkat pendidikan: Sarjana,,2026-08-11T05:35:38Z
maganghub,a23fa43f-80ec-4467-b613-eb61a0acc303,https://maganghub.kemnaker.go.id/magang-nasional/lowongan/pengelola-bmn-a23fa43f-80ec-4467-b613-eb61a0acc303,827a31e7-9fda-449c-a7fe-9cbf9a1b06c6,BALAI PEMASYARAKATAN KELAS I JAKARTA TIMUR/UTARA,maganghub-827a31e7-9fda-449c-a7fe-9cbf9a1b06c6,PENGELOLA BMN,pengelola-bmn-a23fa43f-80ec-4467-b613-eb61a0acc303,"""1. Mengelola aset dan inventaris milik negara di unit kerja. | 2. Mencatat penerimaan, pemakaian, dan penghapusan barang. | 3. Melakukan inventarisasi berkala. | 4. Menyusun laporan aset sesuai ketentuan.""",Kota Adm. Jakarta Timur,,1,Aktif,2026-07-14,2026-07-28,Program studi: Manajemen Aset Publik | Tingkat pendidikan: Sarjana,,2026-08-11T05:35:41Z
maganghub,a23fc4b9-e36f-47cc-91cb-9512662b858f,https://maganghub.kemnaker.go.id/magang-nasional/lowongan/pengelola-bmn-a23fc4b9-e36f-47cc-91cb-9512662b858f,0930763c-c34e-447e-abd6-37d966b3c542,BALAI PEMASYARAKATAN KELAS II WATAMPONE,maganghub-0930763c-c34e-447e-abd6-37d966b3c542,PENGELOLA BMN,pengelola-bmn-a23fc4b9-e36f-47cc-91cb-9512662b858f,"1. Mengelola aset dan inventaris milik negara di unit kerja. | 2. Mencatat penerimaan, pemakaian, dan penghapusan barang. | 3. Melakukan inventarisasi berkala. | 4. Menyusun laporan aset sesuai ketentuan.",Kab. Bone,,1,Aktif,2026-07-14,2026-07-28,Program studi: Manajemen Aset Publik | Tingkat pendidikan: Sarjana,,2026-08-11T05:35:43Z
maganghub,a240d16c-a444-4169-8cc9-4c8a0456276c,https://maganghub.kemnaker.go.id/magang-nasional/lowongan/pengelola-sdm-a240d16c-a444-4169-8cc9-4c8a0456276c,46b24df4-5e0d-49fb-8d39-65d3a399b853,RUMAH TAHANAN NEGARA KELAS IIB MAJENE,maganghub-46b24df4-5e0d-49fb-8d39-65d3a399b853,PENGELOLA SDM,pengelola-sdm-a240d16c-a444-4169-8cc9-4c8a0456276c,"1. Mengumpulkan data dan informasi yang relevan untuk bahan perumusan kebijakan. | 2. Membantu penyusunan naskah akademik, konsep kebijakan, atau pedoman pelaksanaan. | 3. Melakukan analisis sederhana terhadap data pendukung kebijakan. | 4. Menyusun bahan paparan, notulensi, dan laporan hasil rapat kebijakan. | 5. Mengarsipkan dokumen kebijakan dan referensi pendukung.""""""",Kab. Majene,,1,Aktif,2026-07-14,2026-07-28,Program studi: Manajemen | Tingkat pendidikan: Sarjana,,2026-08-11T05:35:47Z
maganghub,a2411954-3184-4203-ba01-1cfebaa72962,https://maganghub.kemnaker.go.id/magang-nasional/lowongan/pengelola-ketahanan-pangan-a2411954-3184-4203-ba01-1cfebaa72962,a04e35ae-469d-4f1a-b2f4-d221f9068025,BALAI PEMASYARAKATAN KELAS II PANGKALAN BUN,maganghub-a04e35ae-469d-4f1a-b2f4-d221f9068025,Pengelola Ketahanan Pangan,pengelola-ketahanan-pangan-a2411954-3184-4203-ba01-1cfebaa72962,Membantu mengelola dan mengembangkan Program Ketahanan Pangan yang dilaksanakan di Balai Pemasyarakatan Kelas II Pangkalan Bun serta mendukung kegiatan kantor secara umum.,Kab. Kotawaringin Barat,,1,Aktif,2026-07-14,2026-07-28,"Program studi: Budidaya Perikanan, Budidaya  Perikanan Air Tawar, Ekonomi Pertanian dan Agribisnis, Peternakan, Teknik Pertanian | Tingkat pendidikan: Sarjana",,2026-08-11T05:35:49Z
maganghub,a240d0bc-375f-4945-9965-6349d6f1d22b,https://maganghub.kemnaker.go.id/magang-nasional/lowongan/pengelola-bmn-a240d0bc-375f-4945-9965-6349d6f1d22b,46b24df4-5e0d-49fb-8d39-65d3a399b853,RUMAH TAHANAN NEGARA KELAS IIB MAJENE,maganghub-46b24df4-5e0d-49fb-8d39-65d3a399b853,PENGELOLA BMN,pengelola-bmn-a240d0bc-375f-4945-9965-6349d6f1d22b,"1. Mengelola aset dan inventaris milik negara di unit kerja. | 2. Mencatat penerimaan, pemakaian, dan penghapusan barang. | 3. Melakukan inventarisasi berkala. | 4. Menyusun laporan aset sesuai ketentuan.""",Kab. Majene,,1,Aktif,2026-07-14,2026-07-28,Program studi: Manajemen Aset Publik | Tingkat pendidikan: Sarjana,,2026-08-11T05:35:50Z
maganghub,a2410e80-af7a-4531-b7aa-3ae52b28117a,https://maganghub.kemnaker.go.id/magang-nasional/lowongan/pengelola-bmn-a2410e80-af7a-4531-b7aa-3ae52b28117a,a04e35ae-469d-4f1a-b2f4-d221f9068025,BALAI PEMASYARAKATAN KELAS II PANGKALAN BUN,maganghub-a04e35ae-469d-4f1a-b2f4-d221f9068025,Pengelola BMN,pengelola-bmn-a2410e80-af7a-4531-b7aa-3ae52b28117a,Membantu administrasi dan pengelolaan BMN berupa persediaan dan aset milik Balai Pemasyarakatan Kelas II Pangkalan Bun serta mendukung kegiatan administrasi kantor secara umum.,Kab. Kotawaringin Barat,,1,Aktif,2026-07-14,2026-07-28,"Program studi: Akuntansi Manajemen, Manajemen, Administrasi, Administrasi Pemerintahan, Akuntansi | Tingkat pendidikan: Sarjana, Diploma",,2026-08-11T05:35:52Z
maganghub,a2412a98-d4bc-45db-913a-d8acbd88b3a2,https://maganghub.kemnaker.go.id/magang-nasional/lowongan/perawat-a2412a98-d4bc-45db-913a-d8acbd88b3a2,de6290a7-d6fe-4bcd-97de-cba84326e1f2,LEMBAGA PEMASYARAKATAN KELAS IIB PANGKALAN BUN,maganghub-de6290a7-d6fe-4bcd-97de-cba84326e1f2,PERAWAT,perawat-a2412a98-d4bc-45db-913a-d8acbd88b3a2,1. Memberikan perawatan medis dasar bagi pegawai dan warga binaan. | 2. Membantu dokter dalam tindakan medis. | 3. Melakukan pencatatan dan pelaporan kondisi pasien. | 4. Menjaga kebersihan serta kesiapan ruang perawatan.,Kab. Kotawaringin Barat,,1,Aktif,2026-07-14,2026-07-28,"Program studi: Keperawatan, Keperawatan | Tingkat pendidikan: Sarjana, Profesi",,2026-08-11T05:35:54Z
maganghub,a23f2442-0b6d-4ca8-867c-5e93e9373475,https://maganghub.kemnaker.go.id/magang-nasional/lowongan/pengelola-bmn-a23f2442-0b6d-4ca8-867c-5e93e9373475,de6290a7-d6fe-4bcd-97de-cba84326e1f2,LEMBAGA PEMASYARAKATAN KELAS IIB PANGKALAN BUN,maganghub-de6290a7-d6fe-4bcd-97de-cba84326e1f2,PENGELOLA BMN,pengelola-bmn-a23f2442-0b6d-4ca8-867c-5e93e9373475,"1. Mengelola aset dan inventaris milik negara di unit kerja. | 2. Mencatat penerimaan, pemakaian, dan penghapusan barang. | 3. Melakukan inventarisasi berkala. | 4. Menyusun laporan aset sesuai ketentuan.",Kab. Kotawaringin Barat,,1,Aktif,2026-07-14,2026-07-28,Program studi: Manajemen Aset Publik | Tingkat pendidikan: Sarjana,,2026-08-11T05:35:56Z
maganghub,a23f23a2-b008-4712-bef5-53b819271d02,https://maganghub.kemnaker.go.id/magang-nasional/lowongan/pengelola-kegiatan-kerja-a23f23a2-b008-4712-bef5-53b819271d02,de6290a7-d6fe-4bcd-97de-cba84326e1f2,LEMBAGA PEMASYARAKATAN KELAS IIB PANGKALAN BUN,maganghub-de6290a7-d6fe-4bcd-97de-cba84326e1f2,PENGELOLA KEGIATAN KERJA,pengelola-kegiatan-kerja-a23f23a2-b008-4712-bef5-53b819271d02,"1.	Menyusun rencana dan mengelola kegiatan kerja warga binaan di bidang pertanian, peternakan, perikanan, atau perkebunan sesuai dengan potensi dan sarana yang tersedia. | 2.	Membimbing dan mengawasi pelaksanaan kegiatan kerja warga binaan agar sesuai dengan standar teknis, keselamatan kerja, dan tujuan pembinaan kemandirian. | 3.	Mengembangkan program pelatihan keterampilan dan kewirausahaan di bidang pertanian, peternakan, perikanan, atau perkebunan sebagai bekal reintegrasi sosial warga binaan. | 4.	Melakukan pemantauan dan evaluasi terhadap hasil pelaksanaan kegiatan kerja serta produktivitas program pembinaan kemandirian. | 5.	Mengelola sarana, prasarana, bahan, dan hasil produksi kegiatan kerja untuk mendukung keberlangsungan program pembinaan. | 6.	Berkoordinasi dengan unit kerja, instansi terkait, dan mitra kerja dalam pengembangan kegiatan kerja dan pemasaran hasil produksi sesuai ketentuan yang berlaku. | 7.	Menyusun dokumentasi, laporan pelaksanaan, dan evaluasi kegiatan kerja sebagai bahan pengambilan kebijakan dan peningkatan kualitas program pembinaan.",Kab. Kotawaringin Barat,,1,Aktif,2026-07-14,2026-07-28,Program studi: Budi Daya Tanaman Perkebunan | Tingkat pendidikan: Sarjana,,2026-08-11T05:35:58Z
maganghub,a2412a09-2c3a-43b4-8ad7-dbb10f615567,https://maganghub.kemnaker.go.id/magang-nasional/lowongan/psikolog-a2412a09-2c3a-43b4-8ad7-dbb10f615567,de6290a7-d6fe-4bcd-97de-cba84326e1f2,LEMBAGA PEMASYARAKATAN KELAS IIB PANGKALAN BUN,maganghub-de6290a7-d6fe-4bcd-97de-cba84326e1f2,PSIKOLOG,psikolog-a2412a09-2c3a-43b4-8ad7-dbb10f615567,1. Melaksanakan asesmen psikologis | 2. Memberikan konseling dan rekomendasi psikologis sesuai kebutuhan satuan kerja. | 3. Menyusun laporan hasil asesmen dan rekomendasi psikologis secara profesional. | 4. Membantu dalam kegiatan pengembangan SDM dan peningkatan kesejahteraan mental pegawai. | 5. Melakukan observasi dan evaluasi terhadap kondisi psikologis lingkungan kerja.,Kab. Kotawaringin Barat,,1,Aktif,2026-07-14,2026-07-28,"Program studi: Psikologi | Tingkat pendidikan: Sarjana, Profesi",,2026-08-11T05:36:00Z
maganghub,a23f24d0-1295-44cf-9ff9-e9983c4ef9da,https://maganghub.kemnaker.go.id/magang-nasional/lowongan/pengelola-sdm-a23f24d0-1295-44cf-9ff9-e9983c4ef9da,de6290a7-d6fe-4bcd-97de-cba84326e1f2,LEMBAGA PEMASYARAKATAN KELAS IIB PANGKALAN BUN,maganghub-de6290a7-d6fe-4bcd-97de-cba84326e1f2,PENGELOLA SDM,pengelola-sdm-a23f24d0-1295-44cf-9ff9-e9983c4ef9da,"1. Mengumpulkan data dan informasi yang relevan untuk bahan perumusan kebijakan. | 2. Membantu penyusunan naskah akademik, konsep kebijakan, atau pedoman pelaksanaan. | 3. Melakukan analisis sederhana terhadap data pendukung kebijakan. | 4. Menyusun bahan paparan, notulensi, dan laporan hasil rapat kebijakan. | 5. Mengarsipkan dokumen kebijakan dan referensi pendukung.",Kab. Kotawaringin Barat,,1,Aktif,2026-07-14,2026-07-28,Program studi: Manajemen | Tingkat pendidikan: Sarjana,,2026-08-11T05:36:02Z
maganghub,a23f2484-5183-4181-bf5c-108302943f95,https://maganghub.kemnaker.go.id/magang-nasional/lowongan/pengelola-kehumasan-a23f2484-5183-4181-bf5c-108302943f95,de6290a7-d6fe-4bcd-97de-cba84326e1f2,LEMBAGA PEMASYARAKATAN KELAS IIB PANGKALAN BUN,maganghub-de6290a7-d6fe-4bcd-97de-cba84326e1f2,PENGELOLA KEHUMASAN,pengelola-kehumasan-a23f2484-5183-4181-bf5c-108302943f95,"1. Menyusun materi layanan informasi untuk media elektronik | 2. Menyusun berita pelayanan informasi dan kehumasan melalui media: cetak, elektornik dan daring (online) | 3. Menyusun naskah pelayanan informasi dan kehumasan dalam bentuk: ceramah, piodato, dan bahan tayang | 4. Menyelenggarakan penerbitan materi pelayanan informasi untuk media cetak, elektronik, dan daring (online) | 5. Melaksanakan tugas peliputan kegiatan kelembagaan dalan bentuk foto dan video",Kab. Kotawaringin Barat,,1,Aktif,2026-07-14,2026-07-28,Program studi: Komunikasi | Tingkat pendidikan: Sarjana,,2026-08-11T05:36:04Z
